sub_id,beta,lr,e,ps,w_MB,sigma_MB,sigma_MF,sigma_ps
1,0.9787,0.70948,0.64219,0,1,0.12537,0.26597,0
2,0.24959,0.43907,0.11964,0,1,0.76051,0.68767,0
3,0.34071,0.36625,0.86649,0,1,0.94948,0.34977,0
4,1.3573,0.52775,0.90532,0,1,0.86796,0.97642,0
5,0.77038,0.32395,0.029069,0,1,0.93495,0.64892,0
6,0.65773,0.46685,0.0012143,0,1,0.77672,0.88085,0
7,0.20081,0.79535,0.91667,0,1,0.57028,0.3402,0
8,0.42868,0.46836,0.93679,0,1,0.78298,0.97148,0
9,0.88665,0.64072,0.52286,0,1,0.89942,0.7849,0
10,1.4621,0.52162,0.2385,0,1,0.68786,0.0077832,0
11,0.80265,0.48492,0.057072,0,1,0.81028,0.12645,0
12,0.24735,0.33462,0.61613,0,1,0.43517,0.93014,0
13,0.65429,0.63131,0.32488,0,1,0.60545,0.36856,0
14,0.53911,0.7126,0.7571,0,1,0.55664,0.82879,0
15,0.70446,0.45437,0.38106,0,1,0.20101,0.54193,0
16,1.5823,0.73618,0.15169,0,1,0.20929,0.46027,0
17,0.53169,0.32288,0.14435,0,1,0.58483,0.064674,0
18,1.8468,0.4857,0.53366,0,1,0.30466,0.15466,0
19,1.4217,0.75313,0.98947,0,1,0.11821,0.9148,0
20,0.21759,0.4768,0.32415,0,1,0.20779,0.89323,0
21,0.23674,0.76484,0.8975,0,1,0.72295,0.2483,0
22,1.5112,0.49017,0.57761,0,1,0.49655,0.83448,0
23,1.3747,0.75923,0.0099612,0,1,0.66317,0.028188,0
24,1.786,0.62524,0.3267,0,1,0.37081,0.68442,0
25,1.3526,0.76495,0.57532,0,1,0.67149,0.072278,0
26,0.38096,0.44634,0.75261,0,1,0.12147,0.92143,0
27,0.67723,0.60941,0.71878,0,1,0.048699,0.22285,0
28,0.51076,0.7828,0.1489,0,1,0.66049,0.1503,0
29,1.6902,0.77106,0.47453,0,1,0.14097,0.13975,0
30,1.5856,0.33933,0.23253,0,1,0.3794,0.75007,0
31,0.49592,0.53658,0.24089,0,1,0.87288,0.88115,0
32,1.5235,0.62651,0.26648,0,1,0.54145,0.97047,0
33,1.2681,0.48997,0.94418,0,1,0.96462,0.0039465,0
34,1.6947,0.31236,0.57657,0,1,0.0080392,0.84348,0
35,1.7535,0.63592,0.90145,0,1,0.79719,0.12113,0
36,0.82118,0.41912,0.65806,0,1,0.11219,0.39163,0
37,1.7216,0.43562,0.78087,0,1,0.8369,0.85431,0
38,1.4315,0.41784,0.37089,0,1,0.34887,0.091825,0
39,0.86894,0.3531,0.5605,0,1,0.91696,0.85404,0
40,1.8336,0.55924,0.67452,0,1,0.19012,0.59431,0
41,0.16192,0.49053,0.40179,0,1,0.1144,0.24355,0
42,0.42722,0.33497,0.99253,0,1,0.39406,0.65716,0
43,1.3873,0.56976,0.042195,0,1,0.74462,0.40569,0
44,0.55901,0.33901,0.53542,0,1,0.18494,0.65304,0
45,0.94424,0.67303,0.46325,0,1,0.55567,0.85792,0
46,0.56272,0.42598,0.92657,0,1,0.56579,0.8178,0
47,1.7678,0.34639,0.12336,0,1,0.8895,0.70609,0
48,1.3104,0.50313,0.37713,0,1,0.51411,0.85078,0
49,0.41949,0.39415,0.59799,0,1,0.65345,0.5303,0
50,1.6879,0.72663,0.51504,0,1,0.83232,0.025734,0
51,0.99213,0.52693,0.65184,0,1,0.48195,0.79227,0
52,1.2195,0.37019,0.60352,0,1,0.64591,0.64861,0
53,1.3287,0.72748,0.45014,0,1,0.11069,0.24379,0
54,1.829,0.65676,0.5229,0,1,0.76584,0.39772,0
55,0.65048,0.34414,0.15635,0,1,0.48235,0.69623,0
56,0.20072,0.40042,0.45823,0,1,0.86117,0.071667,0
57,0.79765,0.33261,0.49642,0,1,0.0069176,0.57124,0
58,0.34627,0.35665,0.1852,0,1,0.36434,0.080502,0
59,0.97491,0.53912,0.88008,0,1,0.068745,0.20913,0
60,0.65502,0.38744,0.19695,0,1,0.66335,0.42614,0
61,1.3166,0.64297,0.4758,0,1,0.35725,0.36025,0
62,0.36857,0.32343,0.11491,0,1,0.26335,0.52922,0
63,1.6108,0.76653,0.91266,0,1,0.25943,0.67096,0
64,0.51581,0.66805,0.79417,0,1,0.5553,0.61897,0
65,1.0617,0.7291,0.51633,0,1,0.62575,0.17206,0
66,1.1692,0.51928,0.95109,0,1,0.66478,0.92053,0
67,1.3486,0.63952,0.24908,0,1,0.95659,0.48222,0
68,0.61692,0.63963,0.93359,0,1,0.26861,0.27356,0
69,0.94942,0.32581,0.87836,0,1,0.18748,0.30762,0
70,1.4965,0.62489,0.89169,0,1,0.049274,0.4361,0
71,1.0836,0.72277,0.51843,0,1,0.11249,0.0061779,0
72,0.15734,0.79647,0.29227,0,1,0.12916,0.82179,0
73,1.6935,0.52794,0.53992,0,1,0.9735,0.47767,0
74,0.91009,0.59145,0.76578,0,1,0.36147,0.073894,0
75,1.3307,0.61074,0.88447,0,1,0.69092,0.30029,0
76,0.6176,0.30743,0.75147,0,1,0.20498,0.50851,0
77,1.0438,0.50057,0.18756,0,1,0.31116,0.97052,0
78,1.7759,0.5269,0.71658,0,1,0.46918,0.3121,0
79,0.4087,0.58056,0.3838,0,1,0.29307,0.60783,0
80,0.18947,0.44222,0.53005,0,1,0.58537,0.68479,0
81,1.4457,0.5159,0.53334,0,1,0.44636,0.10715,0
82,1.8121,0.449,0.3516,0,1,0.7563,0.76885,0
83,0.28287,0.31655,0.55759,0,1,0.69361,0.69939,0
84,1.8846,0.77854,0.05863,0,1,0.58442,0.87039,0
85,0.46905,0.64629,0.76245,0,1,0.56136,0.46318,0
86,1.4,0.67387,0.81463,0,1,0.40732,0.91864,0
87,1.3547,0.34801,0.95488,0,1,0.93418,0.44577,0
88,1.1659,0.72799,0.95141,0,1,0.27963,0.57222,0
89,1.7976,0.52213,0.1119,0,1,0.62115,0.75057,0
90,1.7115,0.495,0.3444,0,1,0.12183,0.52701,0
91,1.2824,0.3605,0.1458,0,1,0.51717,0.54903,0
92,0.70922,0.58044,0.72395,0,1,0.082347,0.29394,0
93,0.8798,0.67041,0.72621,0,1,0.4103,0.16466,0
94,0.34262,0.40684,0.73463,0,1,0.071351,0.22839,0
95,1.1853,0.50458,0.99294,0,1,0.6034,0.47857,0
96,1.5751,0.50988,0.4371,0,1,0.73606,0.034783,0
97,1.2506,0.52332,0.72683,0,1,0.94775,0.44895,0
98,0.10411,0.61052,0.18705,0,1,0.11841,0.74935,0
99,1.655,0.5507,0.15217,0,1,0.43259,0.69016,0
100,1.5903,0.51935,0.43434,0,1,0.83392,0.80907,0
101,1.5261,0.37536,0.75805,0,1,0.41707,0.0024875,0
102,0.58908,0.36316,0.93293,0,1,0.67307,0.49059,0
103,1.5262,0.69548,0.65131,0,1,0.16421,0.21637,0
104,0.10547,0.41029,0.40043,0,1,0.70316,0.56089,0
105,1.6683,0.79293,0.2228,0,1,0.41035,0.22466,0
106,1.205,0.44118,0.89189,0,1,0.93455,0.96371,0
107,1.3376,0.57243,0.60101,0,1,0.58614,0.53937,0
108,1.0148,0.55952,0.79048,0,1,0.77475,0.081089,0
109,1.3484,0.41956,0.91939,0,1,0.96325,0.49101,0
110,1.2713,0.7832,0.66926,0,1,0.80243,0.84952,0
111,0.78167,0.54021,0.29949,0,1,0.71711,0.6131,0
112,0.55034,0.74371,0.49484,0,1,0.78057,0.94158,0
113,0.40154,0.32451,0.68292,0,1,0.92971,0.86779,0
114,1.0713,0.79663,0.19425,0,1,0.3489,0.97088,0
115,0.52563,0.66743,0.35786,0,1,0.11493,0.44691,0
116,0.3267,0.4197,0.89138,0,1,0.91638,0.48678,0
117,1.2698,0.60395,0.71595,0,1,0.50648,0.16715,0
118,1.2787,0.69165,0.59476,0,1,0.91479,0.68914,0
119,0.87907,0.56156,0.73242,0,1,0.76109,0.89679,0
120,0.8653,0.56124,0.79892,0,1,0.83797,0.64722,0
121,1.7968,0.38052,0.74522,0,1,0.75699,0.22418,0
122,0.2502,0.7776,0.73058,0,1,0.30164,0.44522,0
123,0.58526,0.45824,0.73354,0,1,0.62033,0.17896,0
124,0.94426,0.7965,0.90022,0,1,0.28667,0.73335,0
125,0.30623,0.34814,0.19171,0,1,0.53223,0.01148,0
126,1.5476,0.664,0.098729,0,1,0.039146,0.82947,0
127,1.525,0.37316,0.28678,0,1,0.52674,0.33602,0
128,1.6634,0.62412,0.25269,0,1,0.8972,0.13643,0
129,1.3024,0.32366,0.16981,0,1,0.55786,0.92683,0
130,0.63686,0.73978,0.98622,0,1,0.12117,0.83097,0
131,1.206,0.52101,0.63675,0,1,0.3027,0.39524,0
132,1.0888,0.30361,0.30994,0,1,0.51798,0.6304,0
133,0.23572,0.41102,0.75112,0,1,0.64369,0.60813,0
134,1.5531,0.64019,0.51685,0,1,0.49421,0.70964,0
135,1.654,0.58083,0.51122,0,1,0.027859,0.82035,0
136,0.55656,0.69922,0.91177,0,1,0.40729,0.95402,0
137,0.38217,0.36593,0.65128,0,1,0.22738,0.56283,0
138,1.1332,0.47732,0.99973,0,1,0.015453,0.45383,0
139,1.4298,0.45191,0.32512,0,1,0.20046,0.53885,0
140,1.7256,0.76649,0.70558,0,1,0.75746,0.69267,0
141,0.94213,0.56101,0.040723,0,1,0.5924,0.27913,0
142,1.4851,0.56879,0.68804,0,1,0.19418,0.57242,0
143,1.283,0.45098,0.82811,0,1,0.59602,0.74323,0
144,0.85645,0.73917,0.93937,0,1,0.96174,0.63073,0
145,0.32648,0.32677,0.87744,0,1,0.60653,0.24549,0
146,0.61363,0.69935,0.51972,0,1,0.92563,0.00015902,0
147,0.64997,0.51862,0.22057,0,1,0.89956,0.73152,0
148,1.828,0.76159,0.84557,0,1,0.55063,0.98711,0
149,1.1824,0.52324,0.067387,0,1,0.11047,0.93932,0
150,0.25206,0.62884,0.28995,0,1,0.97915,0.43633,0
151,0.83618,0.66359,0.75705,0,1,0.75779,0.51044,0
152,0.40404,0.36468,0.17492,0,1,0.08494,0.54151,0
153,1.5923,0.49877,0.39632,0,1,0.42531,0.84754,0
154,0.12204,0.42214,0.58183,0,1,0.048715,0.39515,0
155,0.79632,0.73052,0.91474,0,1,0.9478,0.55902,0
156,0.37686,0.32496,0.12673,0,1,0.87613,0.39308,0
157,1.8255,0.79617,0.75861,0,1,0.62012,0.047666,0
158,0.16145,0.36655,0.65744,0,1,0.46583,0.37881,0
159,0.90356,0.30768,0.44935,0,1,0.61809,0.67591,0
160,1.707,0.61828,0.85956,0,1,0.24207,0.096555,0
161,0.58199,0.79716,0.72049,0,1,0.14033,0.0056379,0
162,1.3896,0.66898,0.77923,0,1,0.32836,0.0059834,0
163,0.94594,0.77852,0.77451,0,1,0.73724,0.032403,0
164,0.45997,0.77957,0.21041,0,1,0.40466,0.85849,0
165,1.4851,0.37959,0.20741,0,1,0.23317,0.65996,0
166,1.6761,0.44693,0.0022241,0,1,0.59028,0.28988,0
167,1.2921,0.31584,0.65271,0,1,0.87145,0.55651,0
168,0.2116,0.32438,0.84525,0,1,0.72496,0.83988,0
169,0.70414,0.63533,0.95721,0,1,0.27107,0.54796,0
170,0.16993,0.43928,0.048733,0,1,0.8739,0.29781,0
171,1.0372,0.55076,0.30091,0,1,0.97054,0.89549,0
172,0.99816,0.41639,0.44431,0,1,0.66883,0.45896,0
173,1.6037,0.59344,0.37701,0,1,0.871,0.88955,0
174,0.29618,0.6537,0.26464,0,1,0.21834,0.95339,0
175,0.77499,0.37757,0.71313,0,1,0.73861,0.27969,0
176,1.3704,0.59435,0.90753,0,1,0.0066359,0.49217,0
177,0.49921,0.51086,0.62233,0,1,0.23413,0.58859,0
178,1.0025,0.40964,0.63467,0,1,0.4222,0.27379,0
179,1.828,0.79833,0.27808,0,1,0.3196,0.01023,0
180,0.76791,0.63582,0.81621,0,1,0.25861,0.083053,0
181,0.25523,0.36587,0.092886,0,1,0.54537,0.82734,0
182,0.39683,0.49884,0.12171,0,1,0.8731,0.41777,0
183,0.39195,0.32589,0.525,0,1,0.25731,0.40368,0
184,1.6892,0.72965,0.59655,0,1,0.52491,0.43222,0
185,1.8165,0.68551,0.87446,0,1,0.98639,0.76868,0
186,0.45055,0.36854,0.52016,0,1,0.24982,0.23576,0
187,1.5919,0.4642,0.87262,0,1,0.028216,0.43215,0
188,1.5234,0.34066,0.23142,0,1,0.067729,0.098367,0
189,1.7953,0.69858,0.50831,0,1,0.2575,0.24061,0
190,1.3566,0.5049,0.3002,0,1,0.16406,0.81027,0
191,1.5656,0.3767,0.80708,0,1,0.5389,0.89608,0
192,0.94297,0.70198,0.56473,0,1,0.8154,0.8891,0
193,0.63634,0.47252,0.53844,0,1,0.067641,0.56338,0
194,1.6152,0.47938,0.20322,0,1,0.78259,0.93732,0
195,0.8345,0.55357,0.36108,0,1,0.66367,0.34433,0
196,1.7103,0.39205,0.3515,0,1,0.42305,0.45382,0
197,1.7729,0.64697,0.061896,0,1,0.024945,0.62244,0
198,1.4917,0.74705,0.99758,0,1,0.55332,0.94571,0
199,1.3402,0.67286,0.6698,0,1,0.58886,0.80242,0
200,0.58156,0.36204,0.68108,0,1,0.21067,0.17469,0
201,0.46757,0.66672,0.2864,0,1,0.73769,0.87225,0
202,1.5597,0.54533,0.81673,0,1,0.21296,0.59429,0
203,1.2741,0.32955,0.52058,0,1,0.42517,0.85592,0
204,0.57063,0.74992,0.096814,0,1,0.97397,0.39774,0
205,0.21688,0.58412,0.45253,0,1,0.51146,0.94538,0
206,0.77001,0.37638,0.67963,0,1,0.071169,0.30365,0
207,0.32973,0.62168,0.5185,0,1,0.60666,0.96225,0
208,1.407,0.38409,0.38958,0,1,0.31102,0.91863,0
209,1.0912,0.41349,0.26485,0,1,0.92027,0.14061,0
210,1.0268,0.69782,0.62332,0,1,0.72381,0.20349,0
211,1.3771,0.49419,0.67269,0,1,0.5914,0.19798,0
212,1.4101,0.45092,0.84653,0,1,0.66627,0.073074,0
213,0.14963,0.38398,0.015581,0,1,0.18458,0.12777,0
214,1.481,0.7667,0.70735,0,1,0.7765,0.24185,0
215,1.2196,0.46194,0.73685,0,1,0.90748,0.53184,0
216,0.66638,0.35064,0.22885,0,1,0.57504,0.76417,0
217,0.54066,0.72672,0.19862,0,1,0.06871,0.090027,0
218,1.3391,0.78773,0.5709,0,1,0.43963,0.50496,0
219,0.43586,0.66501,0.10173,0,1,0.74052,0.13509,0
220,1.3401,0.3932,0.7102,0,1,0.96277,0.77641,0
221,1.4861,0.79362,0.53031,0,1,0.39487,0.73182,0
222,0.61749,0.38772,0.22916,0,1,0.5894,0.38891,0
223,1.0041,0.72823,0.88755,0,1,0.099794,0.96512,0
224,0.6724,0.61903,0.10825,0,1,0.33259,0.95099,0
225,0.53161,0.74734,0.74517,0,1,0.75836,0.067288,0
226,1.7702,0.5016,0.26984,0,1,0.55048,0.69145,0
227,1.5764,0.68841,0.34259,0,1,0.42644,0.062267,0
228,1.8591,0.53882,0.96329,0,1,0.35094,0.2506,0
229,0.11116,0.34756,0.6942,0,1,0.64499,0.38165,0
230,0.91591,0.33433,0.65257,0,1,0.45926,0.0072297,0
231,1.6477,0.65432,0.73227,0,1,0.91184,0.83528,0
232,1.4242,0.49807,0.025546,0,1,0.33965,0.47387,0
233,1.8861,0.50324,0.64842,0,1,0.54944,0.34087,0
234,0.32644,0.53085,0.6517,0,1,0.16739,0.5947,0
235,1.0828,0.74955,0.69486,0,1,0.29355,0.032458,0
236,0.94988,0.44836,0.12545,0,1,0.89461,0.37168,0
237,1.148,0.49394,0.76633,0,1,0.96401,0.74218,0
238,1.7269,0.59672,0.33374,0,1,0.34698,0.43697,0
239,1.0097,0.56188,0.99581,0,1,0.25,0.18537,0
240,0.76606,0.59649,0.93537,0,1,0.34625,0.8548,0
241,0.31842,0.71619,0.74923,0,1,0.55698,0.39494,0
242,0.24697,0.61583,0.4418,0,1,0.31955,0.10423,0
243,1.3805,0.44563,0.95235,0,1,0.25403,0.83861,0
244,1.278,0.56878,0.81596,0,1,0.62196,0.83957,0
245,1.5506,0.56795,0.72587,0,1,0.46871,0.27282,0
246,0.10998,0.66074,0.96437,0,1,0.90019,0.69875,0
247,0.55245,0.72373,0.90381,0,1,0.43221,0.47958,0
248,1.3989,0.68603,0.56068,0,1,0.94269,0.26485,0
249,0.16692,0.57484,0.64147,0,1,0.5546,0.53106,0
250,0.93109,0.63827,0.21571,0,1,0.85596,0.15654,0
251,0.93145,0.65096,0.84871,0,1,0.3207,0.24206,0
252,0.13287,0.72475,0.091749,0,1,0.21163,0.50484,0
253,0.67284,0.48419,0.45371,0,1,0.92455,0.92745,0
254,1.8247,0.4468,0.19188,0,1,0.42703,0.40852,0
255,1.874,0.64156,0.38657,0,1,0.083254,0.43016,0
256,1.6061,0.38728,0.94701,0,1,0.45123,0.44222,0
257,1.308,0.63882,0.36214,0,1,0.64427,0.016744,0
258,0.3352,0.67699,0.10813,0,1,0.15982,0.14665,0
259,1.7991,0.48318,0.86406,0,1,0.98153,0.8076,0
260,1.5456,0.52306,0.15345,0,1,0.87085,0.7957,0
261,1.5427,0.60465,0.17268,0,1,0.47079,0.93246,0
262,1.5207,0.73511,0.20883,0,1,0.61957,0.99071,0
263,0.66875,0.69874,0.78929,0,1,0.58383,0.85725,0
264,1.1573,0.56413,0.83985,0,1,0.01981,0.48117,0
265,1.4034,0.69988,0.56481,0,1,0.44005,0.55441,0
266,0.88169,0.66357,0.93393,0,1,0.38167,0.050936,0
267,1.3007,0.33532,0.15545,0,1,0.77354,0.089044,0
268,0.19218,0.49614,0.26177,0,1,0.18694,0.0035278,0
269,1.6938,0.36709,0.069635,0,1,0.55005,0.15332,0
270,0.72455,0.61068,0.75895,0,1,0.24213,0.029599,0
271,1.6365,0.52517,0.10322,0,1,0.22239,0.19679,0
272,0.37515,0.33503,0.82331,0,1,0.02147,0.084606,0
273,0.57353,0.48999,0.67449,0,1,0.71,0.24145,0
274,0.8155,0.54006,0.56406,0,1,0.31827,0.94954,0
275,1.1926,0.34502,0.19604,0,1,0.27918,0.32314,0
276,1.7807,0.70683,0.31421,0,1,0.69336,0.4246,0
277,0.14164,0.3429,0.65618,0,1,0.8875,0.34835,0
278,0.41798,0.56174,0.46597,0,1,0.33704,0.13148,0
279,0.25573,0.49028,0.46522,0,1,0.77514,0.99569,0
280,0.66815,0.70229,0.0020309,0,1,0.059365,0.1596,0
281,0.7794,0.62986,0.12173,0,1,0.99211,0.21406,0
282,0.1188,0.7002,0.67231,0,1,0.0057016,0.1908,0
283,1.5304,0.43949,0.75058,0,1,0.7298,0.75289,0
284,0.88318,0.44707,0.24046,0,1,0.81233,0.12378,0
285,1.4336,0.73755,0.84094,0,1,0.23078,0.42943,0
286,1.0184,0.44787,0.92662,0,1,0.44537,0.985,0
287,1.2231,0.78162,0.20318,0,1,0.15524,0.99281,0
288,1.8578,0.74344,0.28332,0,1,0.99668,0.15412,0
289,1.5542,0.51516,0.12464,0,1,0.21734,0.25962,0
290,0.9748,0.78096,0.044927,0,1,0.61986,0.63576,0
291,1.5029,0.69675,0.81626,0,1,0.76193,0.8763,0
292,1.7632,0.75562,0.99097,0,1,0.4844,0.23198,0
293,0.70786,0.7105,0.74466,0,1,0.65786,0.14358,0
294,0.11476,0.30116,0.87357,0,1,0.92062,0.7105,0
295,0.20782,0.34339,0.78208,0,1,0.059297,0.29913,0
296,0.61489,0.34193,0.98342,0,1,0.63114,0.91018,0
297,0.48391,0.78799,0.96336,0,1,0.72732,0.48592,0
298,0.48903,0.66369,0.32339,0,1,0.60451,0.68455,0
299,0.21237,0.61153,0.44114,0,1,0.71041,0.15367,0
300,1.2876,0.71062,0.78436,0,1,0.38373,0.38956,0
301,0.44552,0.60995,0.57409,0,1,0.65727,0.048445,0
302,0.20174,0.73569,0.34785,0,1,0.97157,0.9311,0
303,0.93889,0.59559,0.18381,0,1,0.32146,0.49954,0
304,0.5353,0.7141,0.89825,0,1,0.54878,0.77007,0
305,1.4323,0.41564,0.96277,0,1,0.74435,0.48566,0
306,1.5305,0.43751,0.79943,0,1,0.78195,0.12796,0
307,0.25829,0.61768,0.36226,0,1,0.13098,0.36979,0
308,1.254,0.37099,0.9006,0,1,0.23786,0.010253,0
309,1.1153,0.73178,0.7204,0,1,0.42385,0.51168,0
310,0.94735,0.3727,0.68313,0,1,0.13299,0.65324,0
311,1.3699,0.47189,0.060748,0,1,0.68278,0.41837,0
312,0.74488,0.77927,0.11358,0,1,0.24658,0.90939,0
313,0.15042,0.66761,0.59322,0,1,0.99585,0.63678,0
314,1.1544,0.60171,0.24441,0,1,0.40708,0.070337,0
315,0.58707,0.34094,0.24609,0,1,0.039372,0.95187,0
316,0.59849,0.57713,0.32862,0,1,0.74353,0.21704,0
317,0.96952,0.37845,0.10266,0,1,0.82095,0.6821,0
318,1.4198,0.76584,0.82121,0,1,0.077437,0.1114,0
319,0.6593,0.34342,0.41283,0,1,0.98855,0.84307,0
320,0.62616,0.30494,0.77782,0,1,0.29491,0.40181,0
321,0.53859,0.36078,0.92145,0,1,0.70641,0.7772,0
322,1.8652,0.79606,0.45165,0,1,0.96084,0.7878,0
323,0.13534,0.41531,0.76101,0,1,0.35448,0.55369,0
324,1.6099,0.59022,0.94928,0,1,0.13299,0.47869,0
325,1.0166,0.72754,0.48913,0,1,0.30875,0.92873,0
326,0.1254,0.34817,0.27318,0,1,0.53417,0.12867,0
327,0.44533,0.57735,0.66566,0,1,0.30626,0.30453,0
328,1.3007,0.39358,0.046331,0,1,0.62127,0.057809,0
329,1.3038,0.51028,0.54829,0,1,0.89984,0.73911,0
330,0.96734,0.33608,0.28447,0,1,0.21301,0.2955,0
331,1.8042,0.54698,0.33054,0,1,0.18463,0.077801,0
332,0.59912,0.69593,0.00057861,0,1,0.6204,0.78633,0
333,1.1014,0.43522,0.1597,0,1,0.75635,0.62867,0
334,0.46864,0.30269,0.73494,0,1,0.38928,0.16487,0
335,0.5765,0.53419,0.40511,0,1,0.59015,0.12642,0
336,1.8679,0.52648,0.96444,0,1,0.077281,0.65827,0
337,1.4223,0.73947,0.97246,0,1,0.57565,0.43882,0
338,0.48524,0.66687,0.64616,0,1,0.44297,0.36138,0
339,1.5694,0.38135,0.60914,0,1,0.85795,0.91492,0
340,0.78271,0.72002,0.78236,0,1,0.7906,0.25168,0
341,1.4351,0.5027,0.16131,0,1,0.58538,0.11105,0
342,1.3024,0.67914,0.05751,0,1,0.692,0.40578,0
343,0.88283,0.51953,0.89868,0,1,0.12422,0.3637,0
344,0.64755,0.70051,0.24975,0,1,0.77785,0.28112,0
345,0.97953,0.31563,0.63488,0,1,0.32299,0.11758,0
346,0.6203,0.74465,0.17435,0,1,0.49564,0.071945,0
347,1.8209,0.72456,0.45599,0,1,0.99179,0.94642,0
348,1.8931,0.47436,0.2456,0,1,0.99703,0.059394,0
349,1.154,0.38325,0.92346,0,1,0.054437,0.29054,0
350,1.3368,0.74462,0.5783,0,1,0.8015,0.15433,0
351,0.26986,0.33385,0.36531,0,1,0.5641,0.97962,0
352,1.0609,0.73679,0.93673,0,1,0.66782,0.115,0
353,0.25824,0.33039,0.58786,0,1,0.68072,0.093347,0
354,0.10475,0.55994,0.84107,0,1,0.18913,0.50084,0
355,0.61919,0.77807,0.17323,0,1,0.61232,0.029905,0
356,1.8783,0.48035,0.34489,0,1,0.75371,0.51451,0
357,0.91711,0.44445,0.45082,0,1,0.33107,0.25329,0
358,0.79143,0.52464,0.24287,0,1,0.26663,0.28595,0
359,0.90232,0.68991,0.25577,0,1,0.78413,0.19735,0
360,0.47363,0.56256,0.72132,0,1,0.39666,0.074495,0
361,0.82367,0.63584,0.55582,0,1,0.13153,0.41009,0
362,0.43569,0.66013,0.2246,0,1,0.6711,0.18419,0
363,1.6094,0.75261,0.40308,0,1,0.10785,0.80238,0
364,0.30722,0.66319,0.46713,0,1,0.71671,0.12175,0
365,1.1623,0.73056,0.075404,0,1,0.53615,0.64001,0
366,0.73992,0.4111,0.01587,0,1,0.78642,0.72194,0
367,1.6747,0.4976,0.85951,0,1,0.30476,0.31664,0
368,0.55757,0.61085,0.68755,0,1,0.52306,0.15759,0
369,0.72535,0.65079,0.64099,0,1,0.79368,0.83391,0
370,1.7282,0.53626,0.91668,0,1,0.088265,0.48623,0
371,0.20948,0.57646,0.3408,0,1,0.49778,0.087341,0
372,0.62276,0.38042,0.18851,0,1,0.14707,0.96999,0
373,0.72271,0.6922,0.85186,0,1,0.12789,0.25637,0
374,1.6765,0.76671,0.95697,0,1,0.96746,0.25644,0
375,0.54579,0.50001,0.59585,0,1,0.13283,0.13774,0
376,0.49651,0.76708,0.77273,0,1,0.84444,0.70522,0
377,0.62002,0.57991,0.22651,0,1,0.44868,0.49525,0
378,0.56041,0.76547,0.64563,0,1,0.09528,0.11367,0
379,1.0758,0.35154,0.14561,0,1,0.57145,0.77886,0
380,0.99004,0.60709,0.74515,0,1,0.42108,0.24263,0
381,0.27337,0.60288,0.50049,0,1,0.12908,0.48604,0
382,0.99056,0.72761,0.043328,0,1,0.094288,0.72921,0
383,0.97854,0.77567,0.55812,0,1,0.54597,0.081409,0
384,1.7873,0.7405,0.86766,0,1,0.43802,0.70769,0
385,1.6579,0.47234,0.98711,0,1,0.8727,0.46379,0
386,0.48608,0.39596,0.03189,0,1,0.96967,0.6164,0
387,1.6724,0.66301,0.056554,0,1,0.63968,0.92067,0
388,1.3773,0.58249,0.58544,0,1,0.17268,0.15366,0
389,0.94056,0.76345,0.49548,0,1,0.52919,0.89446,0
390,1.3164,0.63539,0.738,0,1,0.8015,0.99844,0
391,1.8755,0.50468,0.069462,0,1,0.62275,0.12273,0
392,1.3515,0.53715,0.92845,0,1,0.051245,0.55906,0
393,0.21936,0.59174,0.58478,0,1,0.39317,0.6806,0
394,1.8144,0.55562,0.24149,0,1,0.30179,0.30978,0
395,1.2138,0.31094,0.59741,0,1,0.87065,0.89314,0
396,0.39941,0.71397,0.84377,0,1,0.44717,0.51166,0
397,1.3511,0.44579,0.48146,0,1,0.36369,0.086829,0
398,0.76085,0.44515,0.52303,0,1,0.095475,0.030649,0
399,1.8899,0.67433,0.62477,0,1,0.26059,0.53553,0
400,0.55077,0.32652,0.54757,0,1,0.14592,0.52889,0
401,1.3865,0.54129,0.76392,0,1,0.32256,0.71972,0
402,1.2979,0.52875,0.68374,0,1,0.54613,0.22937,0
403,0.36469,0.3096,0.39611,0,1,0.74766,0.93551,0
404,0.72038,0.5082,0.023286,0,1,0.6256,0.62213,0
405,1.8863,0.42569,0.53349,0,1,0.95872,0.96621,0
406,1.1009,0.32796,0.8083,0,1,0.63034,0.22998,0
407,0.25471,0.44042,0.94808,0,1,0.66337,0.90485,0
408,1.158,0.58843,0.43707,0,1,0.96826,0.056185,0
409,1.274,0.62028,0.31571,0,1,0.45641,0.95996,0
410,1.8909,0.65641,0.65248,0,1,0.19917,0.63176,0
411,1.1831,0.76803,0.21259,0,1,0.20545,0.28407,0
412,1.4196,0.6019,0.71523,0,1,0.47731,0.069047,0
413,1.1367,0.57595,0.96606,0,1,0.27868,0.74444,0
414,1.5029,0.46517,0.58114,0,1,0.41556,0.401,0
415,1.1531,0.58347,0.31198,0,1,0.68925,0.90932,0
416,0.21422,0.47936,0.60312,0,1,0.8416,0.89577,0
417,1.1201,0.58142,0.9675,0,1,0.46862,0.7979,0
418,0.84197,0.52069,0.41741,0,1,0.9351,0.14943,0
419,0.88936,0.67808,0.18726,0,1,0.20484,0.78329,0
420,1.4923,0.72966,0.13387,0,1,0.96692,0.6077,0
421,1.2558,0.38989,0.18931,0,1,0.25322,0.67437,0
422,1.1656,0.47834,0.43032,0,1,0.24786,0.7348,0
423,1.3866,0.49775,0.91043,0,1,0.17692,0.10337,0
424,0.56918,0.67654,0.78855,0,1,0.46779,0.80808,0
425,0.85588,0.62153,0.31195,0,1,0.24988,0.66601,0
426,1.8652,0.35983,0.55696,0,1,0.52099,0.065695,0
427,0.15254,0.35156,0.58548,0,1,0.51904,0.37986,0
428,1.1321,0.32254,0.73543,0,1,0.6983,0.79867,0
429,1.0072,0.63984,0.41285,0,1,0.43869,0.91168,0
430,0.15848,0.58188,0.78803,0,1,0.92187,0.85376,0
431,1.4134,0.57686,0.13754,0,1,0.60165,0.4544,0
432,1.0582,0.66835,0.039886,0,1,0.44037,0.73965,0
433,0.38365,0.64898,0.31099,0,1,0.56745,0.90821,0
434,1.0964,0.76338,0.28977,0,1,0.44359,0.52417,0
435,0.25631,0.61751,0.3421,0,1,0.61076,0.76218,0
436,0.18761,0.72072,0.0034376,0,1,0.56574,0.59486,0
437,0.80266,0.41633,0.11144,0,1,0.73669,0.32197,0
438,0.25358,0.74149,0.3459,0,1,0.16288,0.70073,0
439,0.83999,0.58311,0.96016,0,1,0.57106,0.59273,0
440,0.50947,0.45944,0.35066,0,1,0.23728,0.74699,0
441,1.5919,0.37065,0.82785,0,1,0.96645,0.26133,0
442,1.0518,0.78616,0.29747,0,1,0.64032,0.2617,0
443,0.25403,0.52199,0.39416,0,1,0.37381,0.27953,0
444,1.7957,0.55095,0.38396,0,1,0.76201,0.20213,0
445,1.2696,0.39608,0.60003,0,1,0.44408,0.11242,0
446,0.95394,0.3646,0.47041,0,1,0.031864,0.47224,0
447,0.96959,0.77272,0.061925,0,1,0.70236,0.16386,0
448,1.8505,0.47256,0.63403,0,1,0.50727,0.51328,0
449,1.1141,0.35198,0.34159,0,1,0.82562,0.37813,0
450,0.86248,0.50073,0.72728,0,1,0.03087,0.31665,0
451,0.91819,0.35084,0.055159,0,1,0.70959,0.14001,0
452,1.6807,0.59215,0.5791,0,1,0.80878,0.64979,0
453,0.25735,0.41876,0.14498,0,1,0.14364,0.95284,0
454,0.21128,0.3221,0.97468,0,1,0.92927,0.64485,0
455,1.8035,0.73373,0.17471,0,1,0.87264,0.16013,0
456,1.2672,0.32966,0.49037,0,1,0.5302,0.97538,0
457,1.4457,0.33525,0.21469,0,1,0.36234,0.80556,0
458,0.8824,0.7762,0.14394,0,1,0.32925,0.72335,0
459,0.1253,0.37196,0.7182,0,1,0.24601,0.75047,0
460,1.5063,0.60269,0.84887,0,1,0.79761,0.21498,0
461,1.5447,0.53467,0.32252,0,1,0.0091103,0.20857,0
462,1.8862,0.57509,0.027491,0,1,0.8324,0.075997,0
463,0.91108,0.60588,0.11056,0,1,0.013223,0.22556,0
464,1.7453,0.64566,0.96552,0,1,0.55829,0.47361,0
465,0.37802,0.56625,0.21761,0,1,0.43615,0.29045,0
466,0.70347,0.4252,0.016307,0,1,0.45724,0.30334,0
467,0.73512,0.50871,0.40931,0,1,0.94053,0.51758,0
468,1.6583,0.3849,0.57469,0,1,0.29415,0.77276,0
469,0.91741,0.4884,0.13006,0,1,0.20184,0.042584,0
470,0.33871,0.36022,0.31963,0,1,0.66685,0.83619,0
471,1.6292,0.66836,0.49335,0,1,0.52745,0.72645,0
472,1.0625,0.78413,0.84666,0,1,0.29789,0.54694,0
473,1.0871,0.71899,0.88285,0,1,0.19772,0.48151,0
474,1.2397,0.36265,0.19743,0,1,0.20075,0.56095,0
475,0.26445,0.35556,0.39517,0,1,0.73084,0.53813,0
476,0.54016,0.37753,0.38827,0,1,0.52829,0.35157,0
477,0.92857,0.38886,0.69916,0,1,0.91638,0.19591,0
478,0.41273,0.40758,0.92669,0,1,0.34728,0.26079,0
479,1.3429,0.78207,0.20447,0,1,0.74219,0.74213,0
480,0.31411,0.52249,0.28571,0,1,0.73476,0.26216,0
481,0.16711,0.41345,0.052596,0,1,0.09732,0.52108,0
482,1.2012,0.76707,0.39514,0,1,0.95165,0.75509,0
483,1.4582,0.70046,0.36051,0,1,0.86235,0.61605,0
484,0.71301,0.53091,0.14099,0,1,0.82966,0.50341,0
485,0.97732,0.30044,0.70304,0,1,0.38116,0.75376,0
486,1.6563,0.51607,0.10595,0,1,0.22768,0.19828,0
487,1.1998,0.33452,0.94555,0,1,0.30567,0.63622,0
488,0.41266,0.64465,0.91105,0,1,0.69372,0.70915,0
489,1.023,0.46982,0.15905,0,1,0.89907,0.36166,0
490,0.15932,0.50747,0.73342,0,1,0.61992,0.074182,0
491,1.7001,0.40607,0.18389,0,1,0.87518,0.021902,0
492,1.8165,0.75017,0.96098,0,1,0.91025,0.66024,0
493,1.5454,0.61721,0.04468,0,1,0.79534,0.48023,0
494,0.22139,0.55295,0.86051,0,1,0.29301,0.25383,0
495,0.45436,0.68248,0.27558,0,1,0.45847,0.60964,0
496,0.10557,0.70416,0.78321,0,1,0.70484,0.22865,0
497,1.7474,0.32411,0.96528,0,1,0.69582,0.24261,0
498,0.46412,0.76192,0.44424,0,1,0.61763,0.30325,0
499,1.7152,0.48743,0.5141,0,1,0.94101,0.62418,0
500,1.591,0.64511,0.31144,0,1,0.21245,0.68184,0
501,0.1509,0.46444,0.41766,0,1,0.20067,0.85668,0
502,0.86917,0.61107,0.53025,0,1,0.44031,0.11145,0
503,0.68127,0.57736,0.2249,0,1,0.36904,0.12764,0
504,0.87866,0.35594,0.63185,0,1,0.63818,0.85923,0
505,0.65079,0.3385,0.31762,0,1,0.28075,0.81301,0
506,0.71967,0.60916,0.35265,0,1,0.3436,0.37815,0
507,1.7494,0.6908,0.75992,0,1,0.25867,0.12561,0
508,0.9831,0.73337,0.24167,0,1,0.080138,0.28167,0
509,1.8386,0.56474,0.014839,0,1,0.87038,0.46482,0
510,0.12868,0.30066,0.64167,0,1,0.67235,0.91871,0
511,1.127,0.41227,0.0047144,0,1,0.64114,0.60932,0
512,1.2036,0.57142,0.84081,0,1,0.52057,0.44389,0
513,0.99617,0.77037,0.44748,0,1,0.13252,0.68009,0
514,1.8165,0.69552,0.91954,0,1,0.16958,0.98369,0
515,1.1719,0.75503,0.58676,0,1,0.79127,0.59587,0
516,1.3625,0.34044,0.53345,0,1,0.90686,0.35745,0
517,1.7312,0.40092,0.86145,0,1,0.68853,0.70239,0
518,0.59328,0.636,0.19373,0,1,0.75916,0.82945,0
519,0.52089,0.68458,0.90264,0,1,0.71841,0.66734,0
520,0.86441,0.54182,0.012776,0,1,0.89878,0.55854,0
521,0.81124,0.32288,0.58551,0,1,0.025445,0.40185,0
522,0.37986,0.38008,0.059701,0,1,0.14024,0.62353,0
523,1.6918,0.4674,0.46506,0,1,0.14627,0.23169,0
524,0.18492,0.75875,0.62829,0,1,0.23228,0.40111,0
525,1.381,0.63194,0.43386,0,1,0.57839,0.85824,0
526,0.63808,0.31511,0.5236,0,1,0.89008,0.79076,0
527,1.0087,0.5186,0.38348,0,1,0.30278,0.087144,0
528,0.22313,0.33377,0.70906,0,1,0.51004,0.61124,0
529,0.31292,0.65306,0.38639,0,1,0.34202,0.055141,0
530,1.7327,0.40486,0.96181,0,1,0.678,0.56639,0
531,1.4888,0.32337,0.35917,0,1,0.3306,0.7054,0
532,1.3016,0.31007,0.15899,0,1,0.94693,0.89905,0
533,1.0483,0.7056,0.34602,0,1,0.46848,0.04414,0
534,1.439,0.45475,0.73194,0,1,0.82844,0.30355,0
535,1.6969,0.66848,0.028391,0,1,0.92167,0.79655,0
536,0.37993,0.34934,0.905,0,1,0.45041,0.51717,0
537,0.3212,0.70505,0.89104,0,1,0.47641,0.28548,0
538,0.29352,0.62009,0.51557,0,1,0.6795,0.28696,0
539,0.28452,0.50337,0.1024,0,1,0.99866,0.98055,0
540,0.70968,0.3872,0.19903,0,1,0.049281,0.58274,0
541,1.58,0.32512,0.23199,0,1,0.63914,0.86217,0
542,1.7604,0.48701,0.062594,0,1,0.52298,0.91791,0
543,0.80113,0.4073,0.71602,0,1,0.97463,0.94707,0
544,1.3256,0.40659,0.23675,0,1,0.47418,0.57786,0
545,1.2014,0.6496,0.59561,0,1,0.39118,0.34154,0
546,0.61757,0.72045,0.54007,0,1,0.30683,0.42645,0
547,0.74712,0.74624,0.19357,0,1,0.84387,0.034698,0
548,0.40962,0.39486,0.68825,0,1,0.046314,0.5925,0
549,0.40552,0.75734,0.45273,0,1,0.31593,0.12003,0
550,1.9,0.3115,0.31838,0,1,0.41465,0.68536,0
551,0.54931,0.33883,0.071844,0,1,0.86152,0.26471,0
552,0.68861,0.5131,0.13847,0,1,0.90524,0.70036,0
553,1.4756,0.75071,0.85041,0,1,0.71497,0.77252,0
554,0.35676,0.48947,0.50426,0,1,0.99059,0.53867,0
555,0.80985,0.46832,0.64549,0,1,0.81803,0.057215,0
556,0.35233,0.42843,0.64913,0,1,0.10611,0.64211,0
557,0.86947,0.64847,0.90819,0,1,0.9578,0.37651,0
558,0.1273,0.47677,0.81529,0,1,0.63199,0.63492,0
559,1.3667,0.67864,0.32979,0,1,0.979,0.14623,0
560,0.67837,0.78768,0.23626,0,1,0.88588,0.55133,0
561,0.13757,0.62617,0.77558,0,1,0.38778,0.39912,0
562,0.39016,0.37346,0.77124,0,1,0.92748,0.54276,0
563,0.64413,0.57028,0.30657,0,1,0.37028,0.54882,0
564,0.99217,0.59365,0.60186,0,1,0.043228,0.49582,0
565,0.94537,0.61688,0.2417,0,1,0.11129,0.81857,0
566,1.189,0.31438,0.20994,0,1,0.152,0.80406,0
567,0.82193,0.34749,0.30202,0,1,0.66623,0.22981,0
568,0.35671,0.77745,0.24518,0,1,0.70699,0.89771,0
569,0.94816,0.70588,0.00034803,0,1,0.91726,0.59268,0
570,0.1809,0.43847,0.7309,0,1,0.59771,0.98135,0
571,0.17726,0.47932,0.47036,0,1,0.18569,0.20366,0
572,0.34733,0.78383,0.54643,0,1,0.44413,0.20301,0
573,1.4138,0.55622,0.76002,0,1,0.65814,0.50033,0
574,1.043,0.59016,0.7857,0,1,0.32918,0.81159,0
575,1.7762,0.40508,0.84889,0,1,0.86116,0.013263,0
576,0.84998,0.57261,0.90219,0,1,0.86682,0.057654,0
577,1.078,0.77079,0.38174,0,1,0.54784,0.29858,0
578,0.19926,0.50872,0.032466,0,1,0.022402,0.36776,0
579,0.78703,0.33423,0.5541,0,1,0.76533,0.60161,0
580,1.3365,0.67321,0.46217,0,1,0.48485,0.72544,0
581,0.25086,0.316,0.12524,0,1,0.87386,0.34829,0
582,1.6927,0.51811,0.2813,0,1,0.68626,0.43277,0
583,1.5599,0.40279,0.26564,0,1,0.76283,0.98809,0
584,0.77047,0.34054,0.47899,0,1,0.70484,0.10307,0
585,1.8566,0.6882,0.15431,0,1,0.28597,0.18028,0
586,0.83117,0.33931,0.31621,0,1,0.41779,0.25876,0
587,0.28234,0.3403,0.76006,0,1,0.13816,0.48389,0
588,1.685,0.52942,0.093212,0,1,0.58643,0.80383,0
589,1.6043,0.61311,0.84673,0,1,0.99617,0.74332,0
590,0.67464,0.69419,0.94351,0,1,0.92266,0.55371,0
591,0.54536,0.62743,0.80467,0,1,0.95044,0.26416,0
592,1.331,0.79105,0.73053,0,1,0.5413,0.4866,0
593,1.5236,0.36374,0.49876,0,1,0.94491,0.15417,0
594,1.3376,0.4562,0.9738,0,1,0.8694,0.35413,0
595,1.1514,0.40292,0.6033,0,1,0.019411,0.34953,0
596,1.121,0.70162,0.040629,0,1,0.5695,0.14518,0
597,1.6756,0.56076,0.55585,0,1,0.10163,0.25635,0
598,1.0207,0.58571,0.46677,0,1,0.70169,0.57907,0
599,0.76077,0.44772,0.52217,0,1,0.90822,0.81311,0
600,1.2116,0.52705,0.96824,0,1,0.7356,0.56334,0
601,1.3769,0.60922,0.63136,0,1,0.52365,0.64622,0
602,0.5889,0.67441,0.15769,0,1,0.060154,0.48376,0
603,0.34717,0.71627,0.27924,0,1,0.53387,0.29049,0
604,0.79542,0.51696,0.92519,0,1,0.97808,0.38495,0
605,1.6457,0.42957,0.3825,0,1,0.76401,0.67322,0
606,1.7543,0.37316,0.009251,0,1,0.33005,0.27265,0
607,1.7938,0.61665,0.15199,0,1,0.85575,0.54905,0
608,1.3269,0.55713,0.87258,0,1,0.32134,0.63717,0
609,0.12262,0.44259,0.83543,0,1,0.62292,0.44595,0
610,1.8127,0.6677,0.51851,0,1,0.14437,0.28267,0
611,1.7429,0.63085,0.30491,0,1,0.38457,0.94961,0
612,1.1756,0.50075,0.28593,0,1,0.89203,0.52362,0
613,0.8249,0.63571,0.04158,0,1,0.51524,0.18144,0
614,1.8013,0.35469,0.68841,0,1,0.38677,0.0045888,0
615,1.1222,0.44734,0.96163,0,1,0.6709,0.020535,0
616,0.766,0.6985,0.31094,0,1,0.59549,0.71064,0
617,1.429,0.45716,0.33857,0,1,0.92404,0.92412,0
618,0.33191,0.30509,0.53935,0,1,0.96493,0.63325,0
619,1.0442,0.43701,0.96767,0,1,0.6464,0.79211,0
620,0.37902,0.70683,0.062826,0,1,0.80225,0.61212,0
621,1.6932,0.64955,0.55835,0,1,0.04811,0.98454,0
622,0.62633,0.75871,0.97758,0,1,0.36497,0.73506,0
623,1.1211,0.73191,0.99821,0,1,0.32429,0.023235,0
624,0.46054,0.50031,0.69617,0,1,0.41756,0.73131,0
625,0.94945,0.56207,0.74483,0,1,0.74834,0.89575,0
626,0.66288,0.71518,0.14593,0,1,0.48321,0.66533,0
627,1.6352,0.49173,0.61011,0,1,0.012981,0.8005,0
628,0.75756,0.52345,0.86607,0,1,0.20143,0.2118,0
629,0.74768,0.58096,0.23038,0,1,0.15011,0.68336,0
630,0.67516,0.4345,0.88493,0,1,0.20319,0.1639,0
631,1.3689,0.67393,0.44146,0,1,0.99739,0.5485,0
632,1.838,0.32557,0.85876,0,1,0.15423,0.90618,0
633,1.1839,0.32158,0.011732,0,1,0.46907,0.71384,0
634,0.35923,0.56162,0.77692,0,1,0.070217,0.29191,0
635,0.91119,0.40333,0.95826,0,1,0.25949,0.40716,0
636,0.5577,0.74498,0.11274,0,1,0.62408,0.16918,0
637,0.29053,0.58734,0.28371,0,1,0.017673,0.76376,0
638,0.40166,0.35265,0.70547,0,1,0.054648,0.067891,0
639,1.5477,0.64993,0.654,0,1,0.014327,0.0016845,0
640,1.3547,0.54655,0.28158,0,1,0.5172,0.87963,0
641,0.22177,0.50569,0.69335,0,1,0.56967,0.33069,0
642,1.0839,0.56895,0.087404,0,1,0.24542,0.085964,0
643,1.8696,0.73114,0.17185,0,1,0.9763,0.35973,0
644,1.5033,0.76362,0.13971,0,1,0.52543,0.86228,0
645,1.5541,0.59396,0.50224,0,1,0.34914,0.82991,0
646,1.2975,0.32862,0.66598,0,1,0.7339,0.87367,0
647,1.1155,0.70977,0.014414,0,1,0.84291,0.69113,0
648,0.76037,0.37709,0.28544,0,1,0.71367,0.57396,0
649,1.8841,0.75933,0.53909,0,1,0.28397,0.32782,0
650,1.8036,0.538,0.1934,0,1,0.99836,0.5639,0
651,0.48935,0.49268,0.88307,0,1,0.27626,0.76561,0
652,0.84686,0.32638,0.89145,0,1,0.012677,0.67692,0
653,1.3251,0.631,0.8571,0,1,0.39627,0.79184,0
654,0.78664,0.35466,0.39036,0,1,0.84993,0.22221,0
655,0.28173,0.3267,0.38141,0,1,0.25923,0.070412,0
656,0.53882,0.54184,0.30091,0,1,0.7531,0.52846,0
657,0.86356,0.51544,0.44729,0,1,0.024769,0.9219,0
658,0.85867,0.71587,0.53951,0,1,0.44526,0.3216,0
659,1.5228,0.47375,0.4376,0,1,0.52017,0.15442,0
660,1.0493,0.31787,0.80897,0,1,0.42105,0.21123,0
661,0.91856,0.75531,0.96678,0,1,0.39836,0.47248,0
662,0.25817,0.67843,0.46368,0,1,0.73217,0.49482,0
663,0.99191,0.4054,0.44927,0,1,0.74073,0.21871,0
664,1.3683,0.43675,0.18735,0,1,0.78333,0.17948,0
665,0.33996,0.62715,0.31611,0,1,0.36944,0.74504,0
666,0.7014,0.39398,0.049557,0,1,0.47925,0.51042,0
667,1.6372,0.58724,0.82186,0,1,0.24309,0.14603,0
668,1.0767,0.41147,0.28115,0,1,0.48508,0.6356,0
669,0.78098,0.66063,0.46159,0,1,0.41966,0.013673,0
670,0.60801,0.62399,0.6775,0,1,0.7853,0.39963,0
671,1.433,0.47703,0.77647,0,1,0.42165,0.83846,0
672,1.5372,0.33215,0.64904,0,1,0.28602,0.3664,0
673,0.6295,0.52273,0.074283,0,1,0.75685,0.73933,0
674,0.82873,0.66295,0.19123,0,1,0.9175,0.25051,0
675,1.4466,0.6159,0.47183,0,1,0.19687,0.11499,0
676,1.4026,0.50674,0.58608,0,1,0.74904,0.014514,0
677,0.43154,0.75942,0.56954,0,1,0.70672,0.075764,0
678,0.84386,0.77061,0.08137,0,1,0.072829,0.86683,0
679,1.8658,0.39049,0.061515,0,1,0.81683,0.5322,0
680,0.50983,0.63792,0.018033,0,1,0.83991,0.28015,0
681,0.46897,0.75344,0.029379,0,1,0.64443,0.94982,0
682,0.8394,0.52109,0.68254,0,1,0.99102,0.62058,0
683,1.0743,0.37364,0.52239,0,1,0.53066,0.90768,0
684,0.91683,0.75673,0.84272,0,1,0.70154,0.90422,0
685,1.407,0.34458,0.4378,0,1,0.88698,0.19743,0
686,0.52001,0.34915,0.73784,0,1,0.88474,0.44525,0
687,1.3254,0.61017,0.62791,0,1,0.11277,0.5443,0
688,0.92434,0.3364,0.16036,0,1,0.97865,0.24909,0
689,0.17106,0.36509,0.68958,0,1,0.19603,0.69529,0
690,0.38408,0.75401,0.34644,0,1,0.65762,0.0067146,0
691,1.7647,0.30889,0.45522,0,1,0.1686,0.55645,0
692,1.148,0.31328,0.46215,0,1,0.54715,0.056079,0
693,0.82528,0.56585,0.53319,0,1,0.87533,0.98146,0
694,0.23913,0.35677,0.59395,0,1,0.50948,0.14884,0
695,0.52303,0.37391,0.3592,0,1,0.006082,0.41262,0
696,0.44507,0.4321,0.15533,0,1,0.10574,0.9803,0
697,0.37784,0.53746,0.084244,0,1,0.36991,0.23656,0
698,0.51757,0.50412,0.21379,0,1,0.78666,0.99662,0
699,0.89691,0.45667,0.16885,0,1,0.71323,0.66705,0
700,0.5589,0.54423,0.61663,0,1,0.94814,0.28696,0
701,1.6254,0.54529,0.68264,0,1,0.59292,0.47987,0
702,0.18606,0.59722,0.11922,0,1,0.18125,0.9074,0
703,0.13711,0.37358,0.42698,0,1,0.12035,0.032487,0
704,1.7688,0.56507,0.8004,0,1,0.62967,0.72899,0
705,1.8487,0.60126,0.8476,0,1,0.21569,0.52767,0
706,1.6396,0.50917,0.25209,0,1,0.7944,0.28116,0
707,0.62229,0.4893,0.58331,0,1,0.9378,0.53085,0
708,1.4192,0.77853,0.91571,0,1,0.80703,0.045784,0
709,1.7634,0.71385,0.54778,0,1,0.46997,0.48307,0
710,1.7505,0.38135,0.41592,0,1,0.4171,0.99949,0
711,1.2703,0.559,0.59724,0,1,0.57487,0.086697,0
712,1.3918,0.52019,0.75011,0,1,0.0088783,0.39872,0
713,0.19293,0.42651,0.5109,0,1,0.043942,0.3644,0
714,0.48576,0.61339,0.088906,0,1,0.20396,0.28736,0
715,1.182,0.39875,0.52704,0,1,0.17453,0.88198,0
716,0.8498,0.59418,0.51831,0,1,0.86437,0.75865,0
717,1.894,0.78753,0.58475,0,1,0.79705,0.17917,0
718,0.85557,0.74367,0.22874,0,1,0.57414,0.7977,0
719,1.887,0.4941,0.74226,0,1,0.058959,0.58191,0
720,0.41624,0.61544,0.25693,0,1,0.46304,0.47997,0
721,0.82166,0.73867,0.83616,0,1,0.050737,0.82253,0
722,1.1778,0.76122,0.099423,0,1,0.81425,0.181,0
723,1.017,0.32913,0.039627,0,1,0.60279,0.64388,0
724,1.3259,0.67418,0.38415,0,1,0.85016,0.32899,0
725,1.3059,0.7887,0.92917,0,1,0.10994,0.5344,0
726,1.5259,0.31245,0.6859,0,1,0.72009,0.49445,0
727,0.7887,0.36096,0.49571,0,1,0.46181,0.82482,0
728,0.85273,0.43473,0.73525,0,1,0.20805,0.043671,0
729,0.71611,0.34548,0.6447,0,1,0.53778,0.93522,0
730,0.98675,0.67603,0.1582,0,1,0.86592,0.24505,0
731,0.96636,0.46517,0.16228,0,1,0.97684,0.28949,0
732,1.0734,0.30715,0.20278,0,1,0.30458,0.16642,0
733,1.7438,0.60837,0.72843,0,1,0.28586,0.26331,0
734,1.3121,0.57926,0.98097,0,1,0.43647,0.42857,0
735,0.61942,0.6971,0.60602,0,1,0.67319,0.36018,0
736,0.47617,0.73654,0.57594,0,1,0.57324,0.8773,0
737,0.54057,0.66402,0.065613,0,1,0.62248,0.066862,0
738,0.2265,0.31733,0.27673,0,1,0.11665,0.14294,0
739,0.19151,0.68424,0.6649,0,1,0.93406,0.9173,0
740,0.64107,0.32088,0.75291,0,1,0.18654,0.44168,0
741,0.92199,0.538,0.31786,0,1,0.48977,0.65433,0
742,0.56868,0.31883,0.76881,0,1,0.50487,0.48478,0
743,1.7992,0.4949,0.38059,0,1,0.64509,0.48755,0
744,1.8342,0.41487,0.73707,0,1,0.63249,0.89155,0
745,1.2768,0.42214,0.60982,0,1,0.66356,0.58909,0
746,1.8283,0.45316,0.096451,0,1,0.28807,0.46605,0
747,1.4397,0.30517,0.90009,0,1,0.90905,0.3577,0
748,1.1902,0.75874,0.69172,0,1,0.85008,0.57781,0
749,1.3424,0.43955,0.091079,0,1,0.99577,0.18896,0
750,1.6196,0.64994,0.40159,0,1,0.79546,0.40275,0
751,0.63588,0.58909,0.22888,0,1,0.33821,0.58427,0
752,1.0397,0.54078,0.88185,0,1,0.48126,0.60317,0
753,0.46985,0.67038,0.82973,0,1,0.13487,0.82491,0
754,1.1281,0.48355,0.92663,0,1,0.46235,0.82016,0
755,0.77856,0.69537,0.88279,0,1,0.050052,0.083379,0
756,0.25655,0.39635,0.71946,0,1,0.57358,0.1892,0
757,0.90363,0.57881,0.25074,0,1,0.87218,0.13874,0
758,1.4629,0.77822,0.14541,0,1,0.71451,0.20856,0
759,0.29819,0.77326,0.33633,0,1,0.61166,0.57579,0
760,1.0429,0.49585,0.8937,0,1,0.95138,0.13596,0
761,1.7515,0.63073,0.97467,0,1,0.71184,0.52386,0
762,1.4771,0.77437,0.32162,0,1,0.51152,0.50655,0
763,1.2679,0.66003,0.9364,0,1,0.02686,0.092698,0
764,1.2209,0.44896,0.8879,0,1,0.079683,0.34379,0
765,1.3797,0.71957,0.55138,0,1,0.63133,0.79477,0
766,1.5836,0.69533,0.79193,0,1,0.57511,0.040883,0
767,0.80505,0.56593,0.90574,0,1,0.77671,0.21371,0
768,1.8167,0.63823,0.30826,0,1,0.28897,0.047434,0
769,0.71129,0.43848,0.32588,0,1,0.59011,0.73516,0
770,0.59139,0.64624,0.12824,0,1,0.45327,0.17705,0
771,0.28754,0.72951,0.27149,0,1,0.60093,0.046215,0
772,1.3674,0.50149,0.28949,0,1,0.58462,0.20496,0
773,0.55084,0.66622,0.90875,0,1,0.1551,0.51154,0
774,0.61488,0.36476,0.21675,0,1,0.1701,0.67597,0
775,1.356,0.79921,0.16651,0,1,0.39356,0.50473,0
776,1.3766,0.44574,0.22958,0,1,0.66016,0.10178,0
777,0.7774,0.69731,0.52209,0,1,0.099698,0.91068,0
778,1.8547,0.73848,0.98602,0,1,0.428,0.1414,0
779,1.2713,0.75826,0.62476,0,1,0.73673,0.13236,0
780,0.73752,0.49825,0.096439,0,1,0.002168,0.44589,0
781,1.6513,0.31871,0.53499,0,1,0.054612,0.25027,0
782,0.96679,0.75273,0.90634,0,1,0.88799,0.57396,0
783,1.6495,0.49183,0.38553,0,1,0.35841,0.56015,0
784,1.4512,0.32267,0.89161,0,1,0.30637,0.1909,0
785,0.7306,0.71422,0.60062,0,1,0.21294,0.37667,0
786,0.13689,0.70965,0.38494,0,1,0.91899,0.87151,0
787,1.1079,0.74192,0.50128,0,1,0.31142,0.15946,0
788,1.3455,0.67664,0.38687,0,1,0.73596,0.95702,0
789,0.13962,0.36079,0.92294,0,1,0.79121,0.73664,0
790,0.78514,0.45288,0.15196,0,1,0.49495,0.96502,0
791,1.7711,0.46614,0.46366,0,1,0.94082,0.5102,0
792,1.3614,0.68762,0.71557,0,1,0.05858,0.70729,0
793,0.49802,0.65672,0.58588,0,1,0.18897,0.2857,0
794,1.6192,0.70608,0.53119,0,1,0.39309,0.12861,0
795,0.38294,0.77132,0.22381,0,1,0.99451,0.55937,0
796,1.3077,0.41866,0.59684,0,1,0.15211,0.54862,0
797,1.2665,0.75109,0.72834,0,1,0.88732,0.9102,0
798,1.5889,0.59248,0.28255,0,1,0.282,0.65719,0
799,1.8859,0.78125,0.46626,0,1,0.35987,0.068837,0
800,1.1336,0.54376,0.68313,0,1,0.86437,0.011897,0
801,0.56445,0.72706,0.51536,0,1,0.65687,0.95247,0
802,0.57581,0.52827,0.17665,0,1,0.90351,0.18117,0
803,1.6262,0.32336,0.34085,0,1,0.53507,0.2919,0
804,1.1436,0.39068,0.3757,0,1,0.087623,0.203,0
805,0.52738,0.33195,0.70902,0,1,0.26873,0.16728,0
806,1.1541,0.35668,0.15794,0,1,0.44532,0.29303,0
807,1.0727,0.33833,0.44102,0,1,0.13438,0.38893,0
808,0.40054,0.71061,0.99635,0,1,0.80289,0.76803,0
809,1.6251,0.41149,0.054407,0,1,0.51562,0.16305,0
810,1.1303,0.61405,0.74378,0,1,0.60764,0.24493,0
811,1.7511,0.73095,0.60348,0,1,0.91842,0.43218,0
812,0.87659,0.6095,0.15535,0,1,0.35341,0.60449,0
813,1.3115,0.79376,0.11556,0,1,0.25084,0.60579,0
814,1.8824,0.46153,0.17053,0,1,0.33337,0.3945,0
815,1.2461,0.52433,0.49395,0,1,0.85094,0.82227,0
816,1.6838,0.79788,0.16576,0,1,0.41346,0.82939,0
817,0.5071,0.74841,0.53331,0,1,0.42904,0.24755,0
818,1.607,0.3745,0.84034,0,1,0.72711,0.31824,0
819,0.21852,0.59746,0.25841,0,1,0.0062256,0.55707,0
820,1.5757,0.35106,0.41872,0,1,0.34566,0.50034,0
821,0.97134,0.69018,0.077612,0,1,0.060488,0.4209,0
822,0.73566,0.46241,0.91927,0,1,0.96609,0.93019,0
823,1.2264,0.42475,0.55683,0,1,0.71937,0.57777,0
824,1.0927,0.41908,0.44187,0,1,0.80831,0.26775,0
825,1.89,0.71243,0.90326,0,1,0.90558,0.73037,0
826,1.0353,0.44525,0.83549,0,1,0.36313,0.95532,0
827,1.0458,0.6664,0.51312,0,1,0.88572,0.0825,0
828,0.14193,0.47885,0.42913,0,1,0.2468,0.94062,0
829,1.1004,0.78013,0.6877,0,1,0.43259,0.12761,0
830,1.118,0.39639,0.99929,0,1,0.37258,0.76891,0
831,1.3531,0.64333,0.51967,0,1,0.53936,0.93896,0
832,0.58508,0.37731,0.97441,0,1,0.61349,0.74557,0
833,1.0805,0.33485,0.25869,0,1,0.0087403,0.67495,0
834,0.14951,0.72449,0.24476,0,1,0.80225,0.70642,0
835,1.6213,0.7479,0.64427,0,1,0.36724,0.50595,0
836,0.56289,0.54641,0.098826,0,1,0.9794,0.96165,0
837,1.519,0.61643,0.59949,0,1,0.38858,0.14012,0
838,1.6346,0.42976,0.25517,0,1,0.31418,0.51899,0
839,0.52477,0.73973,0.40803,0,1,0.17702,0.31934,0
840,1.7571,0.41878,0.26575,0,1,0.067012,0.53142,0
841,1.4512,0.74592,0.061737,0,1,0.85194,0.28162,0
842,1.1819,0.70088,0.56367,0,1,0.54593,0.80463,0
843,1.4756,0.50792,0.98282,0,1,0.5723,0.55142,0
844,0.4838,0.78214,0.2555,0,1,0.19745,0.20969,0
845,0.96409,0.64827,0.62925,0,1,0.41471,0.71752,0
846,1.7372,0.59116,0.21118,0,1,0.11517,0.6093,0
847,0.50199,0.56637,0.23047,0,1,0.71978,0.4944,0
848,0.29739,0.40915,0.85834,0,1,0.40089,0.86428,0
849,1.1105,0.76374,0.76312,0,1,0.10536,0.86365,0
850,1.189,0.6721,0.53205,0,1,0.18178,0.20343,0
851,1.6199,0.76607,0.059009,0,1,0.513,0.17646,0
852,0.958,0.48873,0.23611,0,1,0.40339,0.61138,0
853,1.4685,0.49613,0.60491,0,1,0.96939,0.45326,0
854,0.94969,0.49834,0.16525,0,1,0.64384,0.75625,0
855,0.83001,0.30138,0.32298,0,1,0.88372,0.96395,0
856,1.1998,0.43817,0.29094,0,1,0.26021,0.21099,0
857,0.94903,0.43648,0.53667,0,1,0.82306,0.36203,0
858,1.3933,0.50815,0.6789,0,1,0.61643,0.80551,0
859,0.96513,0.7678,0.33562,0,1,0.36955,0.7376,0
860,0.55207,0.53169,0.019268,0,1,0.29733,0.30844,0
861,0.89815,0.30043,0.50534,0,1,0.26913,0.31904,0
862,1.6945,0.39572,0.86529,0,1,0.066086,0.35968,0
863,1.5306,0.36123,0.14121,0,1,0.78156,0.75282,0
864,1.7401,0.39565,0.0207,0,1,0.20534,0.46383,0
865,0.36024,0.36803,0.82544,0,1,0.8356,0.10125,0
866,0.26119,0.61118,0.31991,0,1,0.64888,0.16629,0
867,0.99124,0.31078,0.59606,0,1,0.78558,0.83344,0
868,1.2185,0.47809,0.78368,0,1,0.88214,0.53392,0
869,1.6846,0.78485,0.59505,0,1,0.54644,0.47723,0
870,0.95927,0.73834,0.20612,0,1,0.82901,0.25893,0
871,1.08,0.59661,0.54375,0,1,0.12951,0.029046,0
872,0.10797,0.61334,0.28632,0,1,0.6981,0.15329,0
873,1.6433,0.32884,0.88415,0,1,0.17301,0.50092,0
874,0.32402,0.41945,0.12429,0,1,0.082272,0.92202,0
875,0.11397,0.33409,0.75583,0,1,0.54624,0.75669,0
876,0.93702,0.37938,0.60347,0,1,0.5557,0.39932,0
877,0.31742,0.34894,0.61616,0,1,0.76186,0.70659,0
878,1.5521,0.41584,0.076085,0,1,0.1243,0.1871,0
879,1.6396,0.59386,0.61301,0,1,0.39498,0.25387,0
880,0.65783,0.63166,0.66525,0,1,0.58245,0.53296,0
881,1.6343,0.31462,0.13216,0,1,0.49286,0.99058,0
882,0.11326,0.6913,0.66055,0,1,0.51488,0.75285,0
883,1.352,0.3335,0.74894,0,1,0.036715,0.0040728,0
884,1.3847,0.61685,0.33974,0,1,0.8531,0.87804,0
885,1.009,0.57856,0.561,0,1,0.35076,0.66041,0
886,0.37137,0.46217,0.052183,0,1,0.04741,0.36286,0
887,1.716,0.72896,0.15506,0,1,0.36405,0.60736,0
888,1.1391,0.68148,0.79884,0,1,0.3133,0.38412,0
889,1.7641,0.56238,0.07585,0,1,0.54586,0.59066,0
890,0.42273,0.64131,0.52618,0,1,0.55197,0.92825,0
891,0.91436,0.30253,0.070401,0,1,0.97925,0.57975,0
892,1.0598,0.41703,0.26503,0,1,0.60439,0.90731,0
893,1.5781,0.46837,0.66882,0,1,0.48559,0.6134,0
894,0.70805,0.44835,0.72742,0,1,0.45488,0.020675,0
895,0.10799,0.49965,0.75916,0,1,0.72674,0.43521,0
896,0.36536,0.3105,0.18903,0,1,0.29408,0.38266,0
897,1.2145,0.37952,0.38859,0,1,0.87818,0.36536,0
898,0.57379,0.64804,0.77391,0,1,0.058284,0.96988,0
899,1.7488,0.36895,0.24353,0,1,0.58854,0.28214,0
900,0.22283,0.35944,0.91077,0,1,0.44205,0.17869,0
901,1.5305,0.60685,0.17578,0,1,0.24836,0.9329,0
902,0.65517,0.47127,0.77176,0,1,0.58143,0.50441,0
903,0.45198,0.47989,0.9585,0,1,0.769,0.62882,0
904,1.3004,0.35534,0.21392,0,1,0.814,0.053582,0
905,1.2821,0.73578,0.13307,0,1,0.73332,0.26215,0
906,0.66272,0.38099,0.55448,0,1,0.78819,0.55525,0
907,1.8507,0.50995,0.63798,0,1,0.42753,0.14656,0
908,1.3911,0.49611,0.95751,0,1,0.53457,0.30334,0
909,1.2016,0.41841,0.10423,0,1,0.43192,0.39608,0
910,1.123,0.38939,0.0726,0,1,0.73433,0.58824,0
911,1.1163,0.5573,0.83923,0,1,0.27089,0.14125,0
912,0.48219,0.49555,0.83173,0,1,0.33682,0.44553,0
913,1.8384,0.39312,0.44343,0,1,0.026133,0.26176,0
914,1.7113,0.76788,0.36587,0,1,0.48559,0.77176,0
915,1.2755,0.69354,0.87008,0,1,0.023555,0.21163,0
916,0.23078,0.49671,0.31607,0,1,0.51056,0.71407,0
917,0.45887,0.43449,0.33154,0,1,0.47972,0.78952,0
918,1.6145,0.7851,0.19855,0,1,0.29187,0.41325,0
919,0.48268,0.71917,0.89065,0,1,0.34458,0.61982,0
920,1.4989,0.52481,0.69986,0,1,0.41672,0.79241,0
921,1.327,0.72013,0.387,0,1,0.0064272,0.099608,0
922,0.41572,0.31586,0.64094,0,1,0.0086001,0.67496,0
923,1.6809,0.6001,0.27996,0,1,0.78115,0.30125,0
924,1.2333,0.57161,0.24111,0,1,0.83011,0.15796,0
925,0.35906,0.46223,0.99865,0,1,0.020487,0.57466,0
926,1.5544,0.65876,0.84429,0,1,0.53679,0.48062,0
927,1.2988,0.38466,0.48555,0,1,0.71346,0.34468,0
928,1.0841,0.36804,0.10909,0,1,0.12853,0.86151,0
929,1.8932,0.79875,0.13014,0,1,0.74051,0.6792,0
930,1.8485,0.39915,0.78478,0,1,0.27246,0.93622,0
931,0.73899,0.55661,0.51565,0,1,0.5658,0.29426,0
932,1.5215,0.64272,0.32224,0,1,0.49292,0.46111,0
933,0.27196,0.42346,0.50012,0,1,0.83069,0.12959,0
934,1.6442,0.34535,0.93959,0,1,0.99396,0.89225,0
935,1.0739,0.39656,0.10794,0,1,0.27335,0.8306,0
936,0.53055,0.40603,0.61806,0,1,0.64949,0.23293,0
937,0.22359,0.40423,0.022379,0,1,0.58151,0.34707,0
938,1.6411,0.66431,0.7516,0,1,0.64238,0.358,0
939,1.6922,0.51021,0.11966,0,1,0.83014,0.57731,0
940,0.9808,0.52003,0.025273,0,1,0.8366,0.81681,0
941,0.62957,0.73349,0.29937,0,1,0.86312,0.52674,0
942,1.306,0.64164,0.15986,0,1,0.86637,0.02783,0
943,1.463,0.42191,0.98783,0,1,0.55162,0.31167,0
944,0.83354,0.63978,0.87422,0,1,0.037674,0.82533,0
945,0.1983,0.49452,0.51807,0,1,0.67483,0.24049,0
946,0.91828,0.68155,0.8477,0,1,0.7708,0.73793,0
947,0.11491,0.46001,0.21873,0,1,0.4692,0.28347,0
948,0.11853,0.56682,0.88915,0,1,0.81764,0.90989,0
949,1.6968,0.68174,0.41072,0,1,0.87856,0.16199,0
950,0.55179,0.59335,0.23945,0,1,0.40666,0.47511,0
951,1.3355,0.53078,0.71872,0,1,0.14355,0.89695,0
952,1.6567,0.31763,0.67479,0,1,0.98997,0.027884,0
953,0.10063,0.60796,0.12366,0,1,0.14485,0.82933,0
954,0.22554,0.69968,0.99628,0,1,0.66411,0.43375,0
955,0.42003,0.66197,0.50083,0,1,0.63217,0.6118,0
956,1.7125,0.43643,0.37327,0,1,0.32764,0.34494,0
957,0.43392,0.47542,0.25517,0,1,0.26352,0.30778,0
958,1.7424,0.35157,0.59465,0,1,0.082888,0.97411,0
959,0.53895,0.70175,0.24205,0,1,0.44221,0.036326,0
960,0.90465,0.32787,0.97264,0,1,0.36914,0.91665,0
961,0.73973,0.33396,0.078689,0,1,0.31884,0.8806,0
962,1.2313,0.58288,0.3732,0,1,0.082485,0.37427,0
963,0.17678,0.6096,0.59428,0,1,0.61061,0.15659,0
964,1.8768,0.38831,0.5594,0,1,0.50412,0.52055,0
965,0.59938,0.36581,0.91733,0,1,0.75845,0.32376,0
966,1.395,0.67646,0.73439,0,1,0.99161,0.03275,0
967,1.7264,0.65546,0.38172,0,1,0.91563,0.70368,0
968,0.46779,0.31046,0.28512,0,1,0.22084,0.44184,0
969,0.66988,0.78031,0.83415,0,1,0.27231,0.69573,0
970,1.4805,0.34303,0.20838,0,1,0.60957,0.20096,0
971,0.77461,0.72301,0.81438,0,1,0.9363,0.31608,0
972,0.23753,0.56606,0.80918,0,1,0.7141,0.66404,0
973,0.24053,0.30412,0.49242,0,1,0.34702,0.66899,0
974,0.58645,0.62263,0.88017,0,1,0.78519,0.38163,0
975,1.21,0.31775,0.60582,0,1,0.98761,0.71095,0
976,0.6294,0.3202,0.5842,0,1,0.79779,0.69516,0
977,0.78056,0.52649,0.31044,0,1,0.54133,0.2064,0
978,1.4898,0.32302,0.49541,0,1,0.58916,0.1223,0
979,1.1178,0.69279,0.79448,0,1,0.3286,0.67604,0
980,0.76135,0.65744,0.49621,0,1,0.0065271,0.40143,0
981,0.72552,0.678,0.90722,0,1,0.72209,0.085759,0
982,0.57948,0.46164,0.079761,0,1,0.28183,0.30408,0
983,0.97439,0.76961,0.66548,0,1,0.91683,0.90991,0
984,1.6546,0.35717,0.86965,0,1,0.51793,0.59759,0
985,1.8849,0.7613,0.72347,0,1,0.91216,0.64267,0
986,0.10166,0.73344,0.78683,0,1,0.58265,0.72275,0
987,0.76751,0.48131,0.61112,0,1,0.22943,0.95787,0
988,1.12,0.33232,0.41461,0,1,0.8039,0.71907,0
989,1.3967,0.3976,0.3842,0,1,0.51346,0.78621,0
990,1.8939,0.30589,0.87032,0,1,0.33273,0.75746,0
991,0.90713,0.46909,0.35485,0,1,0.72098,0.39992,0
992,0.56978,0.38538,0.082506,0,1,0.17748,0.95398,0
993,1.8879,0.675,0.4222,0,1,0.92232,0.21778,0
994,0.49412,0.69546,0.2738,0,1,0.091488,0.40689,0
995,1.3909,0.42522,0.89868,0,1,0.8284,0.34712,0
996,1.7388,0.3417,0.39535,0,1,0.43944,0.37559,0
997,0.35463,0.32241,0.3684,0,1,0.74116,0.7263,0
998,0.36883,0.63577,0.055074,0,1,0.55691,0.31383,0
999,1.1396,0.45593,0.7456,0,1,0.23029,0.93661,0
1000,0.17183,0.61363,0.30918,0,1,0.69119,0.41874,0
