sub_id,beta,lr,e,w_MB,sigma_MB,sigma_MF,nll
1,0.17871,0.69999,2.0456e-05,0.15967,0.73808,0.8289,165.59
2,1.2956,0.41809,0.46483,0.99983,0.54031,0.47973,103.91
3,1.0539,0.7,0.70431,0.30212,2.6292e-08,0.070049,87.985
4,1.6486,0.36017,0.12651,0.80122,1,1,77.181
5,1.8811,0.54259,0.21837,0.70835,0.89731,0.011035,79.352
6,0.36149,0.63945,0.068565,0.94254,0.010298,0.0071069,159.37
7,1.9,0.42769,0.59212,0.41777,0.0050456,0.71776,75.532
8,0.96004,0.38573,0.62752,0.29809,0.87961,0.70445,119
9,1.4255,0.23671,1,0.54006,9.9885e-09,1.6896e-07,107.53
10,0.4399,0.44692,0.043367,0.5383,0.54796,0.42776,154.3
11,1.6222,0.24624,0.70921,0.27268,0.10226,0.58714,101.62
12,1.119,0.7,0.32134,0.85068,0.37128,1.6777e-08,101.45
13,0.69829,0.69998,0.27141,0.60878,0.65376,0.23317,131.73
14,0.97072,0.64526,0.98637,0.092839,0.10263,0.59809,91.933
15,0.4958,0.42438,0.5902,0.45764,1,0.94066,145.18
16,1.5968,0.49649,0.10174,0.80365,0.080078,0.40137,82.732
17,1.6451,0.42186,0.79978,0.57834,0.10456,0.9955,95.404
18,1.4957,0.7,1.2256e-06,0.39207,0.37294,0.42395,71.084
19,0.98684,0.69999,0.43326,0.2755,0.35574,0.99995,96.504
20,0.1,0.62361,0.50358,0.87988,0.70228,0.00010794,172.82
21,0.21705,0.69823,0.73884,0.58251,0.16115,0.99561,166.35
22,0.75728,0.7,9.6839e-07,0.88342,1,1,120.03
23,1.504,0.69999,0.57869,0.094177,0.38022,0.84075,79.422
24,1.5134,0.54214,0.6943,0.1231,0.71421,0.34536,76.067
25,0.32425,0.7,1,0.64114,1,0.029743,153.79
26,1.1726,0.66465,0.6764,0.40367,0.77837,0.84983,91.016
27,0.84115,0.43181,1,0.19737,1,1,108.4
28,0.30532,0.57164,1.6931e-06,0.24215,1,0.78406,159.5
29,1.3226,0.35098,1.1876e-07,0.21263,1,0.49353,104.66
30,0.66434,0.69506,2.2625e-06,0.93035,0.55071,0.25227,125.8
31,0.8701,0.45977,0.64668,0.30054,3.4219e-05,0.71761,115.92
32,0.72398,0.48582,1,0.7431,1,0.46279,126.05
33,1.037,0.23642,0.17015,0.4769,0.70681,1,122.41
34,1.2271,0.62644,0.98195,0.7571,0.33399,1,87.175
35,0.74801,0.7,0.75261,0.39421,1,1,107.21
36,0.64539,0.56659,1,0.41214,0.46795,0.24134,126.38
37,1.6523,0.65933,5.972e-08,0.76301,0.83997,0.42643,78.519
38,0.32419,0.52254,0.99999,0.76514,1,0.99998,157.13
39,1.4743,0.7,0.24872,0.50776,0.5994,0.82055,81.108
40,0.19075,0.54466,1,1.4701e-07,0.40751,6.3653e-07,165.77
41,0.55454,0.35519,2.6101e-06,0.83336,0.93532,0.99998,150.2
42,0.6093,0.37439,0.668,0.61996,0.56452,0.2802,144.27
43,1.6272,0.55974,0.50758,0.12628,1,0.032414,63.703
44,1.5031,0.69806,0.61798,0.48148,0.28651,0.72785,74.7
45,0.63494,0.7,0.33124,0.21608,0.67552,0.78838,120.95
46,0.67206,0.43782,0.83332,0.67349,1,0.34311,129.78
47,0.92789,0.30594,1,0.67074,0.76948,0.11533,132.94
48,0.30734,0.2,0.47772,1,0.052421,0.43712,168.7
49,0.73146,0.59725,0.10654,0.65063,5.3313e-07,1,119.73
50,0.51801,0.69801,0.84524,0.065396,0.79185,0.43026,137.61
51,0.9456,0.4066,0.025823,0.87113,0.086452,0.9093,123.88
52,1.1488,0.54586,0.30429,0.51226,0.57718,0.73007,105.72
53,0.24028,0.69688,0.15035,0.46972,0.57129,0.15849,164.79
54,0.4361,0.41418,1,0.84722,0.84209,0.73366,153.24
55,0.8037,0.42855,0.34168,0.63319,1,2.4114e-06,129.76
56,0.76975,0.7,0.4025,0.45069,0.5945,0.16774,124.95
57,1.3026,0.62636,0.90441,0.52096,0.85218,0.16197,80.355
58,0.84976,0.7,1.7861e-07,0.24684,1,0.61819,113.04
59,0.35087,0.7,2.3052e-06,0.23646,0.81993,0.79564,152.74
60,1.8977,0.69887,0.66851,0.36836,0.20829,0.00023627,44.076
61,1.3206,0.58517,0.016553,0.84668,0.21316,0.1805,87.198
62,1.0806,0.38713,0.35786,0.3203,0.86479,0.16626,120.26
63,0.57828,0.59407,0.516,0.76467,0.41948,0.99801,142.57
64,1.6379,0.64741,0.90247,0.34139,0.60719,0.10096,48.682
65,0.62853,0.52122,0.47078,0.54272,0.99841,0.24684,139.8
66,1.2398,0.32212,0.78384,0.61418,0.18398,0.77009,105.38
67,1.9,0.58369,0.080962,0.37379,0.5117,0.26886,57.13
68,0.85014,0.52191,0.8028,0.43227,0.24693,0.73268,115.15
69,1.9,0.7,0.61914,0.92027,0.88671,1,56.849
70,1.8965,0.69978,0.0017358,0.87906,0.26496,0.402,67.692
71,0.13702,0.7,0.13049,0.40287,2.296e-07,1,169.39
72,1.9,0.43339,1,0.64599,1,0.1661,66.723
73,0.47879,0.54295,0.48517,0.20284,0.31643,0.017386,152.56
74,0.7926,0.61765,0.1252,0.74206,0.93232,0.52964,111.42
75,0.74248,0.7,0.23354,0.65619,3.2447e-09,0.76687,119.26
76,0.78339,0.57872,0.17901,0.13805,1.3458e-06,0.42758,114.07
77,0.29005,0.7,0.35636,0.33815,4.9767e-07,1,157.1
78,0.8368,0.67282,1,0.16142,0.48623,0.56117,99.353
79,0.71226,0.42334,0.22533,0.5955,0.9522,0.61616,140.96
80,0.12404,0.44846,1,3.8585e-07,0.52311,0.32596,171.06
81,1.8948,0.31272,0.30229,0.449,0.43018,0.48696,89.854
82,1.4737,0.7,1,0.85148,0.80691,0.24228,78.256
83,0.8823,0.50029,1,2.5933e-07,0.16111,0.3971,106.09
84,1.8443,0.55917,0.11628,0.41822,0.77318,0.0040173,64.555
85,0.82908,0.6361,0.41846,0.39218,1,0.56888,115.02
86,0.51221,0.7,0.44453,0.69147,0.80037,1.9141e-05,143.98
87,1.1197,0.35867,1,0.41144,0.46594,0.39649,109.01
88,0.49857,0.59815,1,0.47195,0.48255,0.4131,140.78
89,0.46079,0.7,0.69941,0.39828,0.09068,0.12006,136.34
90,0.18651,0.7,1.4937e-06,0.27302,2.5997e-06,0.73324,166.96
91,1.3876,0.7,0.74868,0.83312,0.59924,0.23778,86.042
92,1.0846,0.46148,0.82394,0.87947,0.10762,0.89724,107.45
93,1.8482,0.51081,7.6453e-07,0.6495,0.65085,0.16131,84.33
94,1.6965,0.7,1,0.61024,1,0.55748,68.824
95,0.81328,0.61157,0.41594,0.47188,0.41514,3.8384e-05,120.11
96,1.4956,0.7,1.0844e-07,0.92846,0.67667,4.1339e-08,79.017
97,1.7889,0.65521,0.54676,0.33796,0.55573,0.44648,78.446
98,0.44343,0.61709,1.8755e-08,1.0891e-08,0.47676,0.65429,146.51
99,0.30612,0.69348,0.0038614,0.69057,0.68313,0.20789,163
100,0.43421,0.59015,1,5.3746e-06,0.28275,0.70959,143.49
101,0.37583,0.50669,0.99956,0.47122,0.38519,8.2646e-05,156.31
102,0.77522,0.36839,0.00089868,0.6085,1,6.7511e-07,139.96
103,1.2576,0.69972,0.99939,0.63216,0.49197,0.58412,94.76
104,1.4983,0.7,0.40118,0.7226,0.98,0.42352,80.975
105,0.40625,0.66841,1.9075e-06,0.66975,2.9393e-06,0.99999,153.64
106,0.26139,0.7,4.7673e-08,0.51358,0.27712,0.26009,164.72
107,1.4861,0.28906,0.70695,0.12401,0.52845,0.6419,90.577
108,1.3424,0.3952,0.85753,0.25485,1,0.21096,107.91
109,0.33068,0.7,0.99999,0.91264,0.34855,0.99998,154.28
110,1.9,0.7,0.9755,0.43731,1.2801e-08,1,59.87
111,1.3032,0.7,0.1926,0.50914,0.82485,0.087884,94.329
112,1.1919,0.43333,1,0.62847,0.12729,0.89649,104.36
113,1.6996,0.7,0.11242,0.269,0.65135,0.606,67.04
114,1.4814,0.7,1,0.665,0.26827,0.1479,69.159
115,0.44062,0.2,0.20971,8.0862e-07,0.76371,0.10065,164.29
116,0.41547,0.7,1.8309e-07,0.64884,1,0.078546,150.24
117,1.8135,0.59345,0.60498,0.41602,0.44178,0.68705,66.803
118,0.744,0.5783,0.99998,0.75673,0.99999,0.14199,121.89
119,1.8853,0.31022,1,0.85552,0.5354,0.19796,77.715
120,1.4372,0.57812,0.28465,0.65081,0.58189,0.63413,89.688
121,0.70763,0.6573,0.28178,0.64183,0.34273,0.92485,130.92
122,1.8009,0.38789,0.86816,0.37296,0.042156,0.23001,71.256
123,0.23458,0.36413,1,0.78076,1,1,167.23
124,0.65348,0.40182,9.0245e-07,0.71701,1,1.5827e-07,143.81
125,0.89628,0.58265,0.13606,0.29868,1,1,108.04
126,0.86192,0.33429,0.6161,0.54774,1,1,129.63
127,1.6144,0.36044,0.8765,0.093176,1.4174e-06,0.6999,75.067
128,0.23729,0.51227,1,0.66648,0.99999,1.6276e-06,164.58
129,0.52533,0.48556,0.12488,0.85979,1,1,143.24
130,1.5417,0.51405,0.68395,4.0549e-07,0.44892,0.60479,75.218
131,1.5865,0.39933,1,0.78241,0.51336,0.18072,81.788
132,1.8997,0.27445,0.98511,0.48548,0.97069,0.059404,73.705
133,1.9,0.34657,3.0709e-07,0.46582,0.8045,0.64306,68.046
134,1.1744,0.43148,0.30336,0.17599,0.5407,0.27215,105.75
135,0.7657,0.42133,0.99999,0.82835,0.078008,1,133.89
136,0.72121,0.47666,0.37734,0.40351,2.0167e-08,0.83639,130.57
137,0.62647,0.68078,0.52374,0.41459,0.83407,0.0012787,130.55
138,1.5758,0.7,0.89642,9.8529e-08,0.52088,0.74538,65.359
139,0.15368,0.7,8.4202e-06,0.90888,6.308e-05,0.99995,169.08
140,1.5141,0.59634,0.088675,0.21816,0.38062,0.040466,80.342
141,1.6586,0.33521,0.33609,0.1956,0.0042476,1,91.631
142,1.0443,0.7,0.11755,0.53364,2.0294e-07,0.032113,88.343
143,0.32209,0.7,1,0.59805,9.9564e-07,7.2635e-05,152.21
144,1.8973,0.6976,0.44291,0.1906,0.092051,0.99445,47.95
145,1.2119,0.45564,0.85797,0.69847,1,0.82077,99.942
146,1.6156,0.66095,0.58902,0.049102,1,0.29362,61.679
147,1.9,0.34156,0.45354,0.85085,0.5049,0.09362,76.411
148,0.78194,0.64815,0.38653,0.24282,0.73588,0.63918,116.97
149,1.9,0.58532,0.3704,0.32637,5.2314e-07,1,63.422
150,0.1,0.2,1,5.1037e-06,0.38955,0.99103,172.99
151,0.55484,0.33494,0.52911,0.18239,0.69473,0.97358,142.48
152,1.3551,0.6782,0.31455,0.268,1,0.33072,85.334
153,0.58169,0.3864,0.11043,5.5397e-07,0.57402,0.99998,143.32
154,1.3199,0.6487,0.69592,0.87222,0.5805,0.14379,83.886
155,0.55015,0.36979,0.88304,0.53848,0.0010436,0.99958,147.89
156,0.18556,0.47292,2.6324e-07,4.1597e-07,0.64427,0.19769,168.88
157,0.34253,0.67501,0.054446,0.19804,1.6659e-05,0.20589,156.15
158,0.62766,0.61671,0.65442,1.4279e-06,0.30204,0.39359,122.91
159,0.34113,0.25216,0.99999,0.70403,1,0.55089,163.05
160,1.9,0.7,0.73682,0.20024,0.11453,0.47166,53.362
161,1.3347,0.5093,0.35831,0.8434,0.12449,1.0033e-07,85.997
162,0.64922,0.25764,8.9936e-08,0.5999,1,0.57424,148.51
163,0.70815,0.40445,0.044344,0.8351,0.35883,0.85355,139.97
164,1.4757,0.30033,0.28804,0.014858,0.42989,0.3155,105.64
165,0.10533,0.7,0.99999,2.8784e-06,0.39838,1,170.14
166,0.43304,0.69988,0.81845,0.15662,0.46731,0.037192,144.23
167,0.66157,0.60333,0.46619,0.99111,0.98359,0.39703,128.59
168,0.60665,0.7,3.8155e-08,2.3549e-08,0.65908,0.941,117.58
169,0.23862,0.2,4.3503e-07,3.9106e-07,0.39982,1,169.34
170,0.92391,0.7,0.96072,0.62547,0.31333,4.2924e-07,104.84
171,1.5518,0.62311,0.48109,0.61037,0.35942,0.75238,77.675
172,1.5086,0.48949,0.55706,3.884e-08,0.56862,1,76.839
173,0.37564,0.54221,1,0.53093,1,1,152.71
174,0.44755,0.7,4.001e-08,0.59607,0.16614,0.14048,144.82
175,0.59666,0.51803,0.48334,0.18442,0.6314,0.00067469,139.56
176,1.7692,0.7,1,0.22515,1,0.88859,48.317
177,1.6153,0.48508,1,0.92367,0.45294,0.3524,81.958
178,0.86838,0.37623,0.47272,0.75746,0.11098,1,137.23
179,0.67039,0.5421,0.32577,0.75603,0.1634,0.10433,124.82
180,1.0737,0.31146,0.86063,0.97732,0.20689,0.15976,131.44
181,1.0599,0.33569,0.12117,0.30284,1,0.70927,125.72
182,1.6768,0.40668,0.79056,0.26731,0.35027,0.7499,65.259
183,0.5248,0.44847,3.4904e-08,0.065014,0.37692,0.31103,146.12
184,1.0094,0.66322,2.5111e-07,0.73031,0.36,0.10293,106.99
185,0.52095,0.32745,1,0.7456,1,0.84067,153.73
186,1.8299,0.49719,1,0.85475,0.3989,0.29702,72.694
187,0.22225,0.2,1,0.49411,1,1,170.1
188,1.6512,0.51087,0.23014,0.36396,0.48926,0.071563,75.285
189,0.72555,0.69952,0.79878,0.15515,0.46954,0.99936,109.69
190,0.84589,0.59804,0.62562,0.073888,0.075241,0.27056,104.44
191,1.6284,0.478,0.76621,0.38463,0.15236,1,81.907
192,0.18518,0.69996,0.39399,0.99985,0.94841,0.29409,167.08
193,1.5196,0.56742,0.00090989,0.54034,0.74264,0.99953,73.84
194,1.4285,0.69999,0.14955,0.24175,0.52757,0.48076,89.644
195,1.0669,0.41043,0.17203,0.5383,0.63993,0.087545,122.4
196,0.8319,0.41624,2.1945e-07,0.84135,9.8986e-08,0.99999,123.55
197,0.49277,0.3297,1,0.56809,0.9877,9.4163e-07,150.83
198,1.9,0.5432,0.22164,0.63093,0.16179,0.47065,74.243
199,0.87186,0.49795,0.34082,0.81123,1,5.8707e-07,118.17
200,0.15511,0.42362,0.87744,9.8205e-07,0.31208,0.98044,168.68
201,0.28107,0.2,1,0.32828,1.0214e-06,0.26048,169.25
202,0.59328,0.7,0.19259,0.51857,0.42145,0.13299,134.26
203,0.36499,0.2,0.54918,1,1,0.3969,165.55
204,1.1476,0.3185,0.49615,0.71336,0.90595,0.12298,128.53
205,0.39075,0.50021,0.4312,0.6708,0.53988,0.0019467,155.84
206,0.52723,0.7,0.17195,0.5255,0.99696,0.54098,134.38
207,0.70372,0.7,0.73741,0.60766,1,1,121.01
208,1.9,0.3505,1,0.96037,0.85856,1,77.396
209,1.5699,0.67628,1.0592e-06,0.94248,0.47865,0.99999,83.574
210,0.24027,0.7,2.4134e-07,1.6369e-07,0.48643,0.42002,163.8
211,1.6821,0.63765,0.53659,0.46822,0.50801,1,71.997
212,1.4012,0.34201,1,0.72386,0.86854,0.25304,97.469
213,0.23564,0.36075,0.063796,2.2704e-07,0.57467,1,166.99
214,1.759,0.7,0.32767,0.17084,4.6237e-08,0.63892,66.516
215,1.2473,0.26809,0.96729,0.33108,1,0.085534,107.27
216,0.48924,0.34756,0.80528,0.58533,0.59552,0.0020239,153.7
217,0.80267,0.3646,1,0.89013,0.25525,0.48604,131
218,1.8777,0.43292,1,0.63047,0.37844,0.31121,79.479
219,1.7613,0.52289,0.97511,0.29003,0.52395,0.61701,64.001
220,0.97084,0.46298,0.27508,0.42248,0.38482,0.82571,117.14
221,0.53008,0.7,8.7411e-08,0.44724,1,0.76283,134.52
222,0.32155,0.2,1,0.27861,7.522e-07,0.06756,167.52
223,1.633,0.69948,0.37807,6.5365e-05,0.76924,0.50962,66.204
224,0.41648,0.7,0.6193,0.29001,6.189e-06,1,143.98
225,0.44935,0.7,0.53218,0.7479,0.41258,0.45996,144.05
226,0.99678,0.66222,0.0035204,0.68565,0.1749,0.60154,104.5
227,0.11086,0.6782,0.81075,0.97959,0.0014262,0.023808,170.92
228,1.9,0.7,0.01553,0.52753,0.063522,0.0062274,54.965
229,1.7144,0.39497,0.52519,0.55872,0.29924,2.5972e-07,94.159
230,0.98084,0.66277,0.094595,0.74677,1,1,98.961
231,1.4268,0.64403,1.521e-06,0.85786,0.60017,0.065615,86.808
232,1.3974,0.37903,0.22767,0.45916,1,0.14841,104.23
233,1.3073,0.69755,0.0058349,0.67185,0.11502,0.24566,89.374
234,0.64567,0.7,0.10423,0.33072,0.76032,0.26469,129.75
235,1.2974,0.60042,0.011765,0.52653,0.060366,0.20002,87.671
236,1.8998,0.69999,0.56164,0.13463,0.52095,0.8561,50.605
237,1.5545,0.7,0.052745,0.39935,0.26763,1,66.775
238,1.9,0.42375,1,0.45044,1,0.41464,68.111
239,0.41276,0.7,4.8525e-07,8.8002e-08,0.46057,0.65892,142.15
240,1.8998,0.7,0.99998,8.7195e-06,0.66504,0.18712,34.813
241,1.5164,0.68396,1,0.93195,0.26701,0.84045,78.874
242,0.13906,0.2,0.99999,4.7224e-06,0.45069,0.97577,171.42
243,0.22945,0.42059,0.99118,0.3866,0.99672,0.0022902,165.29
244,0.79439,0.69999,0.866,0.33548,0.71015,0.99996,107.94
245,0.66331,0.41675,0.56351,0.63742,0.99856,0.397,138.79
246,0.49414,0.66785,0.57879,0.0066356,0.95727,0.2615,143.33
247,1.4575,0.39159,0.56612,0.48968,0.27399,0.87518,98.018
248,1.1261,0.7,1,0.86343,0.18732,0.049595,93.447
249,0.39672,0.58844,0.70404,1.5842e-07,0.48932,0.9413,150.34
250,0.41002,0.4424,0.72708,0.69167,0.93236,0.0017399,158.07
251,1.3112,0.37421,0.88162,0.69063,0.86583,0.53408,92.866
252,0.31788,0.64113,0.20821,0.97502,0.54554,0.76743,157.89
253,0.24635,0.2,1,0.026312,0.99973,0.55558,170.08
254,1.2272,0.3544,0.23343,0.35848,2.9696e-06,1,104.49
255,1.557,0.25092,0.0022904,0.48861,0.13958,0.22974,102.15
256,0.33952,0.69891,0.1022,0.12041,0.0038374,0.38588,158
257,1.9,0.7,0.83717,0.51454,0.32223,0.29703,57.385
258,1.4658,0.55538,0.17175,0.27028,0.97795,0.33545,74.12
259,1.4404,0.58139,1,4.5454e-08,0.71208,0.54124,65.308
260,0.99901,0.7,0.55409,0.5455,0.13873,0.39064,102.12
261,1.288,0.4214,0.55819,0.29376,0.30584,0.44212,98.326
262,1.4278,0.68985,0.52909,0.1152,0.78299,0.093857,63.332
263,0.60791,0.37433,0.26841,0.38603,1,1,139.88
264,0.5769,0.2,0.093838,0.15142,0.64212,1,156.05
265,1.6591,0.38155,0.37598,0.51167,0.45305,0.37574,90.865
266,0.13361,0.7,0.3601,0.096142,6.8599e-06,1,169.34
267,1.9,0.44939,0.37249,0.6669,0.73195,1,71.868
268,1.4446,0.35689,0.70342,0.52634,0.94082,0.0014315,90.474
269,1.3099,0.40155,0.77036,0.013423,1.9721e-06,0.79147,90.943
270,1.4861,0.61666,0.87396,0.51251,0.99921,0.00048498,68.56
271,1.2642,0.59527,0.26874,0.93561,0.55939,0.45818,102.21
272,0.25175,0.59766,1,0.40793,1,1,160.17
273,0.44077,0.69966,0.5566,0.37987,9.8984e-08,4.9141e-08,146.49
274,1.2906,0.32507,0.98176,0.81475,0.33136,0.67847,112.12
275,0.95137,0.62023,0.85341,0.44376,1,0.5162,100.93
276,0.94684,0.36992,0.39674,2.3379e-08,0.64069,0.64116,113.87
277,0.33929,0.69997,7.578e-05,0.52367,0.1248,0.32254,155.78
278,1.5193,0.30702,0.43913,0.15423,0.6881,0.65191,101.22
279,0.57232,0.62364,0.98152,0.2715,0.18105,0.20516,126.15
280,1.2939,0.48325,0.40034,0.28687,0.95315,0.13611,88.075
281,1.093,0.7,0.23582,0.55939,2.4408e-08,0.3021,94.978
282,1.7706,0.7,0.68941,0.42583,0.22203,0.081967,57.711
283,1.0452,0.25186,0.24301,0.067277,1,0.040786,129.71
284,1.1616,0.6259,0.27693,0.46347,3.8572e-08,1,103.88
285,1.2843,0.27457,0.53664,1,0.74563,0.7008,110.51
286,0.69499,0.47543,0.50648,0.99381,0.91886,0.51396,125.51
287,1.8996,0.35049,0.82433,0.88206,0.32944,0.9312,54.012
288,0.34634,0.7,0.23954,0.5256,0.30808,1.4747e-08,153.49
289,0.64187,0.58671,1,0.50242,2.1254e-07,0.7835,127.75
290,0.70574,0.31126,1,0.3305,1,0.27679,136.46
291,1.3623,0.31437,0.14412,5.2514e-08,0.48115,0.94735,101.94
292,0.17574,0.36298,0.85861,0.25117,8.3908e-07,0.56455,170.29
293,1.6849,0.54645,0.58838,0.8332,1,3.4147e-06,74.343
294,0.29642,0.7,1,0.76384,0.36776,1,158.07
295,0.39008,0.54948,0.36021,0.18273,4.3748e-06,0.37548,153.7
296,0.48508,0.6213,0.68881,0.56868,0.0021201,0.79755,144.97
297,1.605,0.36689,0.46003,0.37979,0.99904,0.98704,96.388
298,1.3291,0.60129,1,0.81684,0.92539,0.90598,88.834
299,1.5383,0.54834,0.76773,0.83944,1,0.91985,76.968
300,1.0912,0.60762,0.36299,0.21282,9.6304e-05,0.1775,103.19
301,1.6028,0.46175,1.2065e-08,0.16306,5.4699e-07,0.66934,83.345
302,1.0833,0.53234,2.2614e-05,0.91487,0.18945,0.23085,107.85
303,1.0273,0.59284,0.70961,0.39674,0.81035,0.048765,102.5
304,1.1827,0.46988,0.54208,0.15685,0.2631,0.27372,100.31
305,1.2334,0.68806,0.93658,0.50659,0.33838,0.62183,82.289
306,1.9,0.48678,0.19009,0.85078,0.71404,1.3199e-06,74.206
307,0.35607,0.55693,1,0.37462,1.6377e-06,1,153.52
308,1.8968,0.54712,1.0053e-05,0.84613,0.18221,0.51297,62.557
309,1.9,0.7,1,0.23904,2.9105e-07,0.57433,57.66
310,1.9,0.59892,1.1919e-06,0.70222,0.13534,0.40151,71.318
311,0.29744,0.7,0.27524,0.47354,3.8409e-06,0.84137,159.23
312,0.44,0.38414,0.0047375,0.21921,0.80234,0.5179,155.99
313,0.5864,0.7,8.7469e-08,0.4165,3.1659e-07,2.297e-08,125.39
314,0.37902,0.6101,4.7187e-05,0.28824,0.87944,0.58284,155.07
315,0.2765,0.34525,0.69862,2.2295e-06,0.48318,1,163.99
316,1.2972,0.27861,0.64409,0.43294,0.054067,0.50564,107.76
317,1.0911,0.28306,0.56826,0.15418,0.026257,0.82217,105.45
318,1.9,0.29832,9.9459e-07,0.76134,0.90773,0.99994,91.668
319,1.0192,0.48252,1,0.80367,0.98241,0.73811,96.666
320,1.2403,0.40664,0.57759,0.24846,0.82371,0.16501,93.62
321,0.63435,0.68521,3.1772e-06,0.8077,0.23313,0.78263,133.51
322,0.54492,0.40211,0.25231,0.50392,0.91567,0.002005,152.21
323,0.94557,0.7,0.52929,0.52748,0.1481,0.10273,98.354
324,0.80953,0.59067,0.57832,0.68464,0.8235,0.0030767,117.56
325,0.21609,0.49179,5.2944e-07,1.1557e-06,0.65026,0.99998,165.31
326,1.0849,0.7,0.11841,0.91417,0.17701,0.83076,97.409
327,1.8987,0.3688,0.15382,0.53051,0.76069,0.8746,75.777
328,0.99756,0.5412,0.99561,0.87737,0.05342,0.99563,111.59
329,0.48448,0.48383,0.051786,1.0453e-06,0.4586,0.16473,151.21
330,1.4228,0.53128,0.57857,0.86066,0.7679,1,86.184
331,1.2715,0.65259,1,0.90926,0.1188,1.4824e-06,86.76
332,1.0056,0.7,0.98863,0.42168,0.46746,0.63579,94.894
333,1.9,0.7,0.067258,0.6284,0.15353,0.071679,52.572
334,0.69426,0.60345,0.98191,0.31692,0.23784,0.22572,120.53
335,1.5872,0.60762,0.87013,0.66506,0.1674,0.095177,71.556
336,0.69456,0.36729,0.26545,0.027111,0.99997,0.54157,137.23
337,0.72356,0.52313,0.4665,0.99965,0.51289,0.3142,132.09
338,0.21152,0.28049,0.006374,0.21444,0.73707,0.99284,169.74
339,0.17074,0.7,2.27e-07,0.27331,1,2.3803e-07,168.27
340,1.9,0.48858,0.18982,0.73242,0.99411,0.96473,73.39
341,0.72908,0.35541,1,0.97223,0.92119,0.65181,134.74
342,1.112,0.47861,0.10245,0.81089,1,7.9949e-08,106.66
343,0.43646,0.50574,0.49446,0.31379,0.64554,0.00030317,151.79
344,0.48914,0.58477,0.25512,0.081731,1,0.85534,141.31
345,1.7235,0.40962,6.8327e-07,0.86022,0.3885,1,82.777
346,0.956,0.69714,1.1201e-08,0.724,0.79442,2.5084e-09,101.21
347,1.6461,0.52803,0.43155,0.60563,0.73712,0.021732,83.036
348,0.58067,0.36359,0.99999,0.35262,1.509e-06,0.45638,147.4
349,1.062,0.52259,3.2043e-07,0.78254,0.10589,0.3414,103.22
350,0.34203,0.2,1,0.6503,0.98851,7.5973e-07,167.38
351,0.38486,0.29617,0.99914,0.39788,0.99504,0.48532,160.83
352,0.65028,0.44685,0.25367,0.62036,0.26451,0.077846,134.92
353,1.8998,0.69997,0.1133,0.2123,0.38438,0.31719,57.781
354,1.5031,0.40228,0.077409,0.82467,0.39361,0.99819,99.408
355,1.3131,0.7,0.64222,0.4736,0.77964,1,85.883
356,1.3075,0.68596,0.64751,0.60809,0.5656,0.03386,88.843
357,1.4604,0.50364,1,0.46066,4.2624e-08,0.92111,81.517
358,0.70892,0.7,1,0.34019,0.084317,0.23234,113.05
359,0.10149,0.68682,1,6.5245e-07,0.41389,7.7629e-07,170.41
360,0.21149,0.7,0.31259,1.8624e-06,0.51402,0.067388,165.17
361,0.7172,0.68167,0.58599,0.59772,1,0.072813,115.93
362,0.75631,0.48687,1.3459e-06,0.80634,0.38,0.020858,131.02
363,1.7189,0.65204,0.0073691,0.49431,0.10575,0.99031,72.892
364,0.77746,0.69913,0.26891,0.33306,0.6857,0.55123,116.46
365,1.9,0.44632,1.3777e-07,0.90405,0.11295,1,72.537
366,0.23536,0.2,3.1335e-07,3.8116e-07,0.68696,1,168.66
367,1.4194,0.39877,0.60751,0.15682,1,0.77176,86.901
368,0.49409,0.57656,0.38085,0.16586,0.25555,1.4493e-08,144.24
369,1.2587,0.40712,0.6906,0.12814,4.6071e-06,0.71814,98.453
370,0.46007,0.35535,0.99997,0.87332,0.28551,2.1169e-06,153.49
371,0.99901,0.62892,0.51847,7.4755e-08,0.20455,0.36368,101.96
372,1.0678,0.3187,1,0.39897,1.2542e-07,0.82888,119.12
373,0.88801,0.7,1,0.7181,1,1,107.03
374,0.93089,0.64161,0.99999,0.89944,0.090547,0.09415,111.82
375,0.4466,0.47813,0.1897,0.015928,0.99991,1,147.42
376,0.49559,0.55124,0.20132,0.22285,0.55416,0.54008,147.13
377,1.9,0.7,0.86461,0.071672,3.2545e-06,1,48.383
378,0.56692,0.4856,0.99881,0.94569,0.27801,0.61928,143.5
379,1.9,0.34297,0.45982,0.29067,0.9231,0.63003,86.336
380,1.2856,0.37111,0.45272,0.23335,2.2867e-07,0.51765,106.17
381,1.9,0.60625,0.33505,0.57558,0.77231,4.3764e-07,66.823
382,1.0675,0.33355,1,0.10865,2.0189e-07,0.26878,112.58
383,1.6622,0.7,0.59721,0.33401,0.40359,0.79755,73.936
384,0.14224,0.7,4.2676e-06,0.24475,1,1,167.96
385,1.6249,0.47693,0.9999,0.83256,0.71388,1,84.758
386,0.1,0.64922,0.67691,0.99999,0.00036118,0.42381,172.12
387,1.287,0.38507,1,0.57463,1,1,87.469
388,0.82646,0.36433,0.99577,0.36159,0.055623,0.60502,131.03
389,0.92392,0.34859,0.27296,0.50094,0.19756,0.9921,125.34
390,0.95851,0.35133,0.31396,0.13036,8.5532e-07,1,114.6
391,0.28233,0.42434,0.47916,0.98914,0.96994,0.41482,162.83
392,0.51413,0.7,0.55817,0.79742,0.64253,0.2696,139.64
393,0.57779,0.7,0.52174,0.3318,0.4463,1,130.43
394,0.61707,0.56431,1,0.3914,1,0.08404,125.73
395,0.77673,0.37969,0.58558,3.4004e-05,0.41786,0.11483,120.7
396,0.93393,0.41715,0.11374,0.61167,0.89902,6.4331e-07,118.35
397,1.8936,0.6838,0.73779,0.70657,0.90606,0.2936,54.053
398,1.3048,0.39504,0.60547,0.40308,0.16184,0.35299,106.11
399,0.22044,0.52999,0.19557,3.0468e-05,0.77802,0.53047,167.12
400,1.4816,0.627,0.39074,0.90443,0.037074,0.0051238,67.467
401,1.1797,0.46212,0.60557,0.61851,1,0.52783,95.601
402,0.13083,0.7,1,0.040069,0.35343,0.12746,168.86
403,0.7223,0.63256,0.57938,0.68757,0.53726,0.9999,119.69
404,0.29333,0.69999,0.25212,0.99998,0.84385,0.35619,157.6
405,0.25917,0.36944,0.81006,0.39351,1,1.8175e-06,166.46
406,1.143,0.34444,0.019526,0.52459,0.25985,0.98983,124.44
407,1.8837,0.54244,0.40072,0.43501,0.26276,0.85616,73.053
408,0.56193,0.69982,0.9945,0.77308,0.036823,0.24519,136.89
409,1.0983,0.7,1.6824e-06,0.67739,0.53688,1,98.91
410,0.75778,0.53087,0.6641,0.57686,1,7.8748e-08,129.98
411,0.19315,0.7,7.3538e-07,0.75776,1,3.0759e-07,166.47
412,1.2813,0.38221,0.96027,0.43568,0.26863,0.59136,102.6
413,1.8783,0.64105,0.013167,0.12702,0.59802,0.14114,60.376
414,1.203,0.36771,0.85939,0.28525,0.88902,0.27786,96.307
415,1.6869,0.36348,0.24833,1.5664e-08,0.38373,0.41489,74.749
416,0.46907,0.47144,0.32985,0.90126,0.52866,0.96094,155.16
417,1.9,0.7,1,0.35425,0.48581,0.36128,44.294
418,1.3617,0.69995,0.93257,0.38187,0.89704,0.080634,73.188
419,1.1601,0.41803,0.42654,0.63565,0.1397,0.33439,102.54
420,1.6433,0.53952,0.31776,0.48459,0.34571,0.37202,83.415
421,1.1565,0.60517,0.80163,0.52013,0.13917,2.5034e-07,86.927
422,1.5199,0.36909,4.4838e-06,0.76928,0.35745,0.60212,102.49
423,1.5434,0.47223,0.22856,0.086665,0.48652,0.57426,89.523
424,1.5638,0.21782,0.63545,0.4317,1,0.28632,102.7
425,0.91448,0.55471,0.79835,0.23355,0.074074,0.93083,108.89
426,0.47382,0.7,0.74351,0.4962,0.25449,0.45687,142.28
427,1.1006,0.51907,0.45055,0.52424,0.046661,0.65851,103.24
428,1.9,0.36086,0.52496,0.46284,1.6884e-08,0.44063,80.091
429,0.77703,0.38067,0.99306,0.87525,0.58293,0.30287,140.52
430,0.61047,0.60582,0.045867,0.4708,0.67619,1.2658e-08,141.72
431,0.61549,0.46368,0.98851,0.71465,0.068216,0.93384,148.26
432,0.33821,0.25117,0.25466,0.95516,0.94906,0.34545,162.27
433,1.4027,0.6599,0.061485,0.44899,0.9335,0.35743,82.804
434,0.15124,0.69442,0.45565,0.1006,0.95634,0.99256,168.97
435,1.1458,0.61337,1,0.93992,0.031096,0.25677,89.443
436,0.36545,0.68869,0.63726,0.99018,0.28002,0.6526,158.82
437,1.9,0.62401,1,0.58195,0.63275,0.49347,63.394
438,0.36196,0.66708,0.98293,0.84278,0.61407,0.92853,156.48
439,1.9,0.48624,0.62284,0.65944,0.4651,0.24411,74.497
440,0.939,0.62706,0.0087459,0.6509,0.11866,0.0046355,113.44
441,0.38697,0.30684,0.17915,0.49272,1,1.2457e-07,163.26
442,1.1649,0.27228,0.47464,0.32964,1,0.90634,118.49
443,1.745,0.44201,0.43405,0.69722,0.35538,0.58313,79.152
444,0.42651,0.31153,0.95953,0.47421,1,0.2541,158.76
445,0.77391,0.7,0.37764,0.552,1,0.20982,118.56
446,0.68747,0.43234,0.63781,0.21095,0.88906,0.061137,139.41
447,1.4713,0.69234,0.91999,0.43373,0.93875,0.52595,77.787
448,1.9,0.50515,0.24615,0.26573,7.6907e-07,0.91511,66.887
449,1.6767,0.7,3.8901e-07,0.7785,0.3526,0.18091,77.741
450,0.55911,0.63419,0.74748,0.18471,1.1506e-06,0.66494,129.64
451,0.52346,0.7,0.099401,0.30865,2.0537e-08,0.39039,135.6
452,1.7816,0.34694,0.24324,0.99994,0.29675,0.53811,98.566
453,0.41176,0.64801,0.39741,1,0.13519,0.71491,149.35
454,0.297,0.54209,0.072422,2.5444e-06,0.57195,0.81549,159.8
455,0.26877,0.7,0.2396,1.0099e-06,0.18994,0.55596,159.66
456,1.2826,0.64944,0.3464,1.0848e-07,0.32132,0.22562,80.997
457,0.87986,0.53046,0.92012,0.29154,0.37018,0.071515,111.89
458,0.8872,0.55251,0.11391,0.090519,0.54028,0.97158,102.34
459,1.2961,0.69989,0.68001,0.76117,0.59453,0.89313,83.185
460,1.4644,0.38019,0.94956,0.41832,0.16172,0.67946,90.279
461,0.53583,0.7,0.71405,0.87036,0.10772,1,143.93
462,1.0693,0.29856,0.30857,0.43701,0.53407,0.20745,122.64
463,0.60542,0.53117,0.16733,0.69386,0.99572,0.99722,141.69
464,1.5249,0.54908,0.66671,0.44637,0.12233,0.39287,72.849
465,0.48557,0.33105,0.0046669,0.70128,0.73608,0.0056081,155.07
466,0.67436,0.26683,1,0.68336,1,9.2425e-06,145.31
467,0.93316,0.7,0.36707,0.24655,0.012859,0.93816,93.509
468,1.6665,0.59182,0.12544,0.56943,0.20635,0.23732,76.853
469,1.9,0.65606,0.22603,0.27712,0.24293,0.21871,59.976
470,1.5236,0.69992,0.53884,0.37604,0.48222,0.3241,68.69
471,1.0791,0.7,0.48756,0.41166,0.58398,0.5725,96.184
472,1.1003,0.32795,0.90103,0.20275,0.8954,0.70557,108.39
473,1.9,0.32667,0.4264,0.84633,0.42993,0.38858,80.152
474,1.1672,0.32923,0.38693,0.43095,0.21796,0.93769,113.71
475,0.74684,0.37153,0.13136,0.70959,0.01866,1,139.09
476,0.23199,0.2465,0.62983,0.98381,0.16635,0.47178,169.35
477,0.56889,0.7,0.75267,0.41281,6.6427e-08,0.59648,132.52
478,1.9,0.7,0.93683,0.14353,0.42278,0.54691,38.616
479,0.63283,0.59929,0.28805,0.33747,1,0.46905,134.34
480,1.8609,0.60258,0.40716,0.4402,0.5422,0.93562,65.092
481,0.48015,0.27405,0.4601,1,1,0.50191,153.71
482,1.7148,0.7,0.40726,0.62547,0.66182,0.22987,72.982
483,0.48948,0.48823,0.044731,0.46234,1.0159e-07,2.752e-08,145.99
484,0.80887,0.45963,3.5418e-05,0.43027,0.99996,0.99996,116.65
485,1.9,0.7,2.496e-07,0.39118,0.64031,0.4905,70.782
486,0.16027,0.7,1,0.83719,2.4668e-06,1,167.98
487,0.30877,0.7,0.41692,0.22037,0.99999,0.92243,157.36
488,1.6217,0.37525,0.39836,0.59362,0.027103,1,86.313
489,0.17435,0.39401,0.79433,0.99626,0.057235,0.78181,170.44
490,1.3063,0.36146,0.29397,0.17944,0.58272,0.061356,107.91
491,1.5631,0.40972,0.56113,0.54823,0.58428,1,88.176
492,0.4404,0.56943,1,0.61921,0.4774,0.46407,150.34
493,0.71796,0.68279,1.2809e-06,0.86584,0.5121,2.1069e-06,125.24
494,1.1111,0.38884,0.26049,0.35042,0.53452,0.83313,118.31
495,1.4131,0.5609,0.57896,0.64155,0.33882,0.49818,82.883
496,1.7552,0.34356,2.4894e-07,0.86597,0.027553,1,89.903
497,0.25774,0.39719,0.00016413,0.26615,0.024425,0.9998,165.59
498,1.763,0.69494,0.76751,0.095499,0.47668,0.62207,60.072
499,0.33712,0.69969,0.53308,0.7107,0.16838,0.01044,156.75
500,1.3994,0.47789,0.55245,0.20684,0.65388,0.72365,79.735
501,0.98997,0.7,0.72107,0.29267,1.8484e-08,0.1217,96.914
502,1.0951,0.69355,0.52481,0.70797,0.7728,2.4441e-09,100.46
503,0.25396,0.2816,1,0.47335,1,0.11995,168.58
504,0.492,0.51214,0.2791,0.76921,0.54099,0.39398,149.75
505,0.61976,0.4297,0.53174,1,0.21322,0.60064,143.64
506,0.85326,0.29528,0.99934,0.48128,0.65818,0.42215,136.13
507,1.1149,0.6278,0.53822,0.45642,0.66595,0.77546,95.126
508,0.65337,0.69977,0.0045786,0.95301,0.067331,0.4158,114.1
509,0.80178,0.61939,0.59393,0.63648,0.84481,0.72846,113.1
510,0.24649,0.69962,0.0013407,0.62664,0.5221,0.82391,164.11
511,0.35314,0.67783,0.35291,0.99169,0.94286,0.46006,150.82
512,1.6884,0.59633,0.57908,0.21259,0.52036,0.029058,69.79
513,0.59465,0.52454,0.99993,0.68709,0.18771,0.3734,132.92
514,0.8571,0.305,6.5683e-06,0.76195,0.35408,0.99997,138.51
515,1.7043,0.57288,0.55506,0.22986,0.0055428,0.1757,62.786
516,0.2014,0.43766,9.6689e-07,1.3122e-06,0.32754,0.58715,168.58
517,1.6071,0.56976,0.37068,0.25085,0.22566,0.39913,75.979
518,1.3826,0.5749,0.10011,0.13246,0.93024,0.95982,72.411
519,0.85524,0.7,0.83618,0.1923,0.52594,0.34374,114.9
520,1.0313,0.43904,0.0003031,0.86352,0.53058,0.1182,118.36
521,1.2094,0.62602,0.5558,0.57607,0.29251,1,84.068
522,0.2597,0.69772,0.00069579,0.0307,0.077794,0.66328,161.9
523,0.71884,0.57119,1,0.79212,1,0.67288,121.51
524,0.81276,0.7,0.27708,0.70955,2.3567e-07,1,116.76
525,0.32365,0.41693,0.86797,0.58411,0.24899,0.99545,161.48
526,1.7109,0.33671,0.50277,0.47049,0.2428,0.59789,91.785
527,1.4243,0.56648,0.65872,0.17225,1.1786e-06,0.25631,83.894
528,1.9,0.7,0.7289,0.46595,1,0.87928,55.717
529,0.76508,0.32353,0.31461,0.42565,1,1.7482e-08,140.89
530,1.0551,0.45697,0.38948,1.9466e-06,0.51155,0.44578,99.09
531,1.9,0.69091,0.31968,0.25272,0.44955,0.97602,50.818
532,1.9,0.31469,0.81419,0.29837,9.2927e-06,0.99998,67.474
533,1.6244,0.63873,0.51776,0.63225,0.63427,0.28159,81.964
534,1.9,0.43555,1,0.53634,1,0.1981,52.428
535,0.34302,0.7,1.8172e-07,0.30583,0.76033,0.26528,156.51
536,0.13597,0.55679,1,0.41325,1,2.2162e-07,170.83
537,1.4495,0.53791,0.39506,0.083689,0.14705,1,82.405
538,1.0764,0.69861,0.46079,0.15651,0.27278,0.70896,92.487
539,1.4433,0.27124,0.11841,0.089699,1,0.16884,111.97
540,0.73149,0.55009,0.32695,1,0.49289,0.76168,130.81
541,1.1315,0.7,0.27608,0.41706,0.37878,0.50593,102.67
542,1.238,0.23904,0.29523,0.25905,0.99941,0.50522,130.39
543,0.52807,0.20932,0.46913,2.4142e-06,0.58753,0.99999,153.85
544,1.7113,0.55431,0.7454,0.39615,0.16239,0.74282,83.12
545,1.7578,0.38993,4.6761e-07,0.77148,0.54935,0.94483,82.515
546,1.1732,0.62233,1.2248e-06,0.92862,0.58309,1,107.33
547,1.4515,0.7,0.67312,0.46603,0.96765,0.13832,77.227
548,0.98991,0.68337,0.048902,0.26946,0.078451,0.091826,99.518
549,1.9,0.62871,0.5317,0.66724,0.53262,0.86547,55.687
550,0.70879,0.44218,0.29982,0.17389,0.54844,0.51925,136.19
551,0.93156,0.43462,1,0.13565,1,0.26121,114.9
552,1.3153,0.65334,0.61566,0.41761,0.44092,0.17647,93.051
553,0.78025,0.43047,0.68203,0.042781,0.99999,0.39094,121.29
554,0.44418,0.69467,1.9785e-07,0.44253,1,0.34182,148.83
555,0.76783,0.39559,0.97541,0.78175,0.44514,0.21469,126.3
556,0.68987,0.29578,0.43861,0.81299,1,3.7953e-06,144.77
557,1.767,0.51909,0.13355,0.80156,0.55119,0.038499,72.537
558,1.3514,0.69997,0.31157,0.28647,0.17917,0.5549,88.746
559,1.7273,0.47949,2.5486e-07,0.49072,0.030783,0.21956,74.238
560,0.53227,0.69995,0.89506,0.52465,0.60597,0.99297,134.43
561,1.5249,0.30278,0.81284,0.31887,5.2003e-09,1,97.261
562,0.49987,0.41191,0.035004,0.8893,0.41253,0.3675,151.39
563,0.1,0.7,1,2.0251e-06,0.6196,0.76342,170.73
564,1.6308,0.52222,0.81101,0.44374,0.3973,0.66453,75.398
565,0.44136,0.28344,0.24718,2.0222e-06,0.5932,0.57667,158.75
566,1.1742,0.53116,0.99974,0.27511,0.27893,0.0074066,80.497
567,1.4885,0.32241,0.2978,0.38684,0.55172,1.2231e-07,106.83
568,0.61793,0.4633,1,0.23687,1.3816e-07,1,131.66
569,1.8382,0.67095,0.29716,0.19802,1.9331e-06,0.26312,55.23
570,1.4442,0.57939,0.67853,0.35479,0.63403,0.73437,88.605
571,1.8458,0.36559,0.43988,0.46087,1,0.46935,73.014
572,1.8866,0.67567,0.28709,0.38021,0.15244,0.082766,59.176
573,0.27293,0.36263,4.0371e-07,0.18819,0.99999,1.01e-06,164.85
574,0.40041,0.59705,1,0.62889,1,1,147.95
575,0.15642,0.67022,0.0081476,0.12826,0.48879,0.49414,168.57
576,1.9,0.56126,0.59987,0.066624,0.99899,0.86384,61.889
577,0.48654,0.51867,1,0.67567,0.49837,1,146.15
578,1.8999,0.64739,8.7642e-05,0.23714,0.40032,0.099638,44.893
579,0.63723,0.49439,0.61747,0.14946,0.96001,0.45026,131.28
580,1.2041,0.7,0.5216,1,0.92226,0.45001,81.547
581,1.1178,0.60309,0.32615,0.62837,0.78652,0.38882,93.472
582,0.27061,0.34006,0.98921,0.75568,0.95624,0.99494,164.56
583,0.16217,0.50852,7.8782e-05,0.11935,0.9974,0.00024872,169.4
584,1.5558,0.47751,0.69579,0.45143,0.004967,0.15243,91.941
585,1.3263,0.7,0.36496,0.257,1,0.19529,82.268
586,0.65755,0.26404,0.39088,1,0.8101,0.61941,141.38
587,1.1909,0.3365,0.66527,0.058985,0.99999,0.70065,101.52
588,1.9,0.66889,6.7602e-05,0.90857,0.85716,1,61.363
589,0.45875,0.45155,0.60671,1,0.7547,0.46709,152.82
590,0.36848,0.32499,0.006159,0.64219,0.037969,0.98272,165.28
591,0.18242,0.61009,0.96391,0.66305,0.44785,0.7274,168.16
592,0.54362,0.7,0.98883,2.7351e-08,0.39454,0.30746,123.92
593,1.8501,0.49825,0.40561,0.45541,0.62974,0.03689,71.756
594,1.8998,0.69998,0.33907,0.03922,0.80783,0.83646,56.034
595,1.2953,0.7,0.36361,0.82864,0.52632,0.32601,91.05
596,1.9,0.41306,0.43453,1.0837e-08,0.59795,0.88403,71.378
597,1.1322,0.36993,0.99251,0.62946,0.62814,0.71207,106.65
598,1.8088,0.34103,0.6029,0.48907,0.68774,0.8251,80.938
599,1.5,0.7,1,0.89853,0.44633,0.50769,81.755
600,0.20341,0.69609,0.5436,0.99585,0.030163,0.57143,166.64
601,0.56947,0.54673,0.27441,0.30947,1,1,139.24
602,0.48434,0.2,0.86113,0.5871,0.87838,3.3557e-07,163.98
603,1.133,0.34783,1,0.74761,1,0.49766,121.7
604,1.8793,0.54219,0.26074,0.45668,0.49094,0.081059,68.186
605,1.7462,0.3563,0.336,0.063695,0.83244,0.9024,83.844
606,1.4772,0.7,0.74161,0.4832,0.16477,0.52854,71.815
607,0.23496,0.61253,1,0.77883,3.5814e-07,1,164.41
608,1.1563,0.33295,0.52023,0.059305,0.99998,0.85951,88.02
609,0.38341,0.7,0.59018,0.63311,0.48516,6.1135e-07,149.09
610,1.5041,0.41736,0.61597,0.85526,0.89888,1,92.22
611,1.8115,0.65054,0.080566,0.017878,0.99999,0.81631,53.663
612,1.4509,0.37915,1.3254e-06,0.88907,0.47181,1.2925e-07,91.697
613,0.50932,0.42538,0.98828,0.71756,0.31525,0.14012,151.71
614,1.4337,0.56483,0.28748,0.5299,0.41587,0.97497,84.842
615,0.52117,0.69485,0.99845,0.59277,0.56611,0.13136,138.97
616,1.0823,0.62956,0.38279,0.60307,0.68705,0.54421,106.52
617,1.5471,0.60203,0.29297,0.67683,0.89444,0.71893,82.239
618,0.82905,0.63383,0.045954,0.55054,0.086764,0.84405,119.73
619,1.2863,0.53498,0.26238,0.54482,0.62137,0.11154,97.657
620,1.9,0.45742,1.9756e-07,0.37717,0.78831,0.63457,65.28
621,0.5989,0.7,7.175e-08,0.25882,1.1084e-06,0.22181,129.99
622,1.2149,0.44288,0.2623,0.49538,0.81187,1.5825e-07,107.76
623,0.24714,0.7,0.25188,0.032103,1.5315e-06,1,161.79
624,0.58192,0.7,1,0.30819,0.98399,0.66688,123.43
625,1.0937,0.54483,0.72376,0.75554,0.52452,1,97.947
626,1.8946,0.33261,0.21395,0.22905,0.66756,0.44142,74.088
627,0.91034,0.65472,0.63194,0.35762,0.030506,0.74135,113.9
628,0.72182,0.7,0.4166,3.3446e-08,0.54617,1,119.81
629,0.44816,0.7,1,0.23083,1,0.25869,141.22
630,1.2862,0.7,0.79481,0.23542,2.3298e-08,0.83264,75.286
631,1.9,0.55027,0.071711,0.29146,0.80345,0.06409,62.476
632,0.23658,0.34077,9.7857e-07,1.7797e-06,0.5599,9.6302e-07,169.34
633,1.6214,0.53116,0.88881,0.26859,0.2305,0.16873,64.473
634,0.86643,0.30669,0.9756,0.6401,0.24426,0.9868,130.48
635,1.4962,0.56492,0.25333,0.15497,1,0.11849,80.635
636,1.4539,0.69983,0.18052,0.16338,0.89949,0.4469,79.987
637,1.3457,0.55531,1,0.9325,0.023928,0.72014,75.716
638,1.6262,0.7,0.98821,0.99918,0.27493,0.00012554,72.046
639,0.59886,0.26198,0.1117,0.49819,7.7948e-07,1,157.84
640,1.2993,0.25175,0.99999,0.95721,1,0.46744,99.592
641,1.0982,0.66115,0.72529,0.18432,0.4511,0.9391,91.787
642,1.4802,0.7,1,0.3174,9.4948e-08,0.6154,71.076
643,1.5306,0.7,1,0.90722,0.99956,1,83.049
644,0.19346,0.60252,0.62039,0.58031,9.4718e-07,0.99999,167.62
645,0.62843,0.65441,5.7751e-06,0.88929,0.77835,1,129.61
646,0.24899,0.7,2.2453e-06,0.71093,1,3.9686e-07,161.97
647,1.0305,0.69991,0.75321,0.24441,0.19278,0.068318,79.945
648,0.56644,0.32615,0.14785,0.54484,1,0.2685,152.2
649,1.9,0.60427,1,0.44746,1,0.95581,55.368
650,1.5786,0.62468,0.026145,0.78502,0.060313,0.068167,73.731
651,0.56985,0.39846,1.6191e-07,0.70482,0.064729,0.030591,146.53
652,1.5305,0.53561,0.35265,0.13616,0.99998,1,83.839
653,0.96259,0.44398,0.48105,0.83141,0.18405,0.16555,121.43
654,1.1326,0.40539,0.56762,0.72087,0.15158,0.96911,119.96
655,0.70105,0.23128,1.937e-05,0.68707,1.2469e-06,0.70586,148.79
656,0.2603,0.26552,1,5.6895e-07,0.65872,0.67458,166.08
657,0.98091,0.7,0.12831,0.25811,0.81215,0.49298,98.126
658,0.99703,0.65966,1,0.70602,0.81498,0.21301,97.957
659,1.2402,0.45923,0.15614,0.83874,0.45596,0.84164,102.48
660,1.9,0.4793,0.67019,5.9046e-08,0.4701,0.70629,44.937
661,0.29977,0.21315,6.4453e-06,0.80558,1,1,167.61
662,0.4736,0.60641,0.25654,0.04504,0.39998,0.4318,144.3
663,0.53258,0.25475,0.0010084,0.59824,0.62832,0.99063,154.31
664,1.1767,0.65417,0.94701,9.9165e-07,0.37861,0.2335,77.72
665,1.5498,0.54186,0.069068,0.50428,1,0.076554,84.901
666,1.5743,0.49508,0.52533,0.33338,0.90902,0.4162,84.978
667,0.82656,0.44134,0.32425,0.22808,0.24142,0.997,119.48
668,1.136,0.67585,0.24048,0.61582,0.35306,0.14729,101.5
669,0.63248,0.44571,0.74865,0.73914,0.52986,0.48543,137.39
670,0.53638,0.40212,0.12644,1.6543e-07,0.62218,0.79123,147.69
671,0.67424,0.65013,1,0.14641,1,0.5509,123.72
672,1.9,0.48397,0.78823,0.61702,0.15869,1,72.605
673,0.21123,0.59193,1,2.247e-08,0.56356,1,161.58
674,1.3405,0.6974,0.81697,0.49157,0.51444,0.53265,76.868
675,1.8741,0.7,0.56085,0.7793,0.57629,0.99999,65.714
676,1.2042,0.68019,0.60742,0.10636,0.69201,0.68232,81.673
677,1.8157,0.38172,1,0.85384,0.15703,0.1316,85.649
678,1.1713,0.41644,0.20529,0.37851,0.57462,0.61482,110.88
679,1.5964,0.7,0.55936,0.45362,0.077399,0.66383,72.629
680,1.9,0.66607,0.1068,0.66437,0.53352,0.69854,71.631
681,0.80287,0.3793,0.12993,0.38145,0.5339,0.16287,134
682,1.5819,0.28005,0.86124,0.17184,0.56672,0.33429,81.711
683,1.7945,0.64362,2.9598e-08,0.80076,0.5518,0.29075,71.08
684,1.9,0.38406,0.30223,0.76971,0.62408,0.10914,82.014
685,0.13748,0.7,8.0307e-07,0.44953,0.61975,0.63155,169.62
686,0.13917,0.69999,1,0.7458,8.6949e-07,1,169.33
687,0.59324,0.40145,0.76209,0.51126,0.40621,0.86652,144.38
688,0.9176,0.3978,0.4726,0.99965,0.089254,0.40441,128.18
689,0.5711,0.2,0.22061,0.57847,1,1.9748e-07,157.88
690,1.6119,0.69686,0.53525,0.17883,0.14021,0.13603,82.035
691,0.81024,0.54355,0.29805,0.43966,1,0.60417,117.78
692,0.7646,0.53885,0.99995,0.23498,0.99984,0.42184,112.36
693,1.1118,0.32984,0.94669,9.6028e-07,0.1973,0.86087,99.079
694,0.4172,0.64661,0.29906,0.12369,1,0.013848,147.08
695,1.012,0.3368,1.0182e-06,0.15318,1,1,116.1
696,1.9,0.46049,0.082554,0.85872,0.74151,0.1861,76.601
697,0.27754,0.54487,1,0.24415,1.5634e-06,1,161.08
698,1.7697,0.67964,0.20683,0.27702,0.70377,0.31961,65.236
699,1.3835,0.49687,0.13705,0.63232,0.86201,0.28418,96.39
700,1.4177,0.43711,0.65772,0.74247,0.18926,0.65202,89.323
701,1.7206,0.56701,0.1785,0.42393,0.017708,0.70882,67.947
702,0.97377,0.58435,0.65766,0.70125,0.075126,0.74992,105.34
703,1.4715,0.34809,0.19853,1,0.048725,0.37098,96.086
704,1.8322,0.44927,0.10497,0.038648,0.36095,0.99997,66.922
705,1.295,0.3151,0.37596,0.68999,1.0289e-07,0.41441,114.19
706,0.15034,0.7,1.1548e-06,0.40838,1,3.9735e-07,169.76
707,0.17748,0.7,2.5775e-06,0.28283,1.9029e-06,0.26896,167.68
708,0.72714,0.5812,0.15038,0.12974,0.16445,0.13133,127.96
709,1.3058,0.48332,0.086474,0.76279,0.38592,0.76777,96.946
710,0.55285,0.4319,2.9902e-06,0.33929,1.5665e-05,0.77974,142.56
711,0.35438,0.7,1,0.61546,0.99999,1,153.04
712,1.5369,0.7,1,0.65028,0.8618,0.30965,76.059
713,1.4622,0.42179,2.8096e-05,0.38822,0.89009,0.61517,93.506
714,0.11069,0.20002,0.44621,1,0.99999,0.48854,172.48
715,1.4794,0.32594,0.79585,0.38454,4.6528e-06,0.3568,98.543
716,1.042,0.63556,0.7261,0.31823,1,0.50373,94.886
717,1.4336,0.55196,0.14097,0.7849,0.97711,5.0143e-07,85.357
718,0.17845,0.21525,0.97303,0.021014,0.34488,0.011435,170.46
719,0.5146,0.68058,1,0.90265,0.26221,0.99999,139.5
720,1.0499,0.57866,1,0.9023,0.536,0.91596,105.32
721,1.6477,0.37016,0.95965,0.14635,0.99999,0.0028006,59.258
722,0.70045,0.2917,0.089813,0.27783,0.099258,0.40305,150.44
723,1.1256,0.7,0.6398,0.65861,1,0.12294,93.526
724,1.7776,0.7,0.68179,0.20592,1,1,53.125
725,1.4949,0.68018,0.24556,0.60279,0.72056,2.7959e-08,75.484
726,1.2723,0.57407,0.14391,0.56063,0.65454,0.36453,98.331
727,0.64822,0.66713,0.3629,0.74843,0.22983,0.99257,132.89
728,0.30602,0.4395,0.96747,0.29624,0.50628,0.40039,162.03
729,1.7607,0.7,0.25281,5.3307e-08,0.23462,0.2272,59.777
730,1.3934,0.44493,5.1168e-06,0.95576,0.18797,2.7542e-06,100.07
731,0.66895,0.36216,0.71458,0.064965,1,0.78274,136.21
732,1.7941,0.56074,0.2856,0.46286,0.68769,0.48935,66.084
733,1.8867,0.7,0.52015,0.69049,0.98104,1,70.338
734,1.6359,0.61874,0.90944,0.60384,0.58678,0.10797,72.085
735,1.3561,0.40064,0.83371,0.29923,0.046983,0.51129,89.092
736,1.0531,0.56841,1,0.78754,0.62417,2.7307e-06,103.97
737,1.6674,0.7,1,0.91117,0.67951,0.54418,69.891
738,1.9,0.46339,0.38908,0.24334,0.23682,0.66694,62.765
739,1.3514,0.51263,0.48254,0.35496,1,0.60866,84.231
740,0.22328,0.69983,0.027437,0.60358,0.22005,0.89236,166.77
741,0.52673,0.7,0.14215,6.0253e-08,0.48011,0.85673,126.62
742,1.9,0.52375,0.85086,0.65596,0.4249,0.85359,63.121
743,0.53894,0.50674,1.0021e-06,0.70814,0.72544,0.99999,142.49
744,0.27557,0.50309,0.096605,3.7366e-06,0.64529,0.99999,161.45
745,0.58177,0.37524,0.99999,0.037102,0.94932,0.32084,138.8
746,0.91415,0.53796,0.61099,0.26346,0.71722,0.80379,111.34
747,1.8996,0.21171,0.41793,0.31758,0.046302,0.60401,94.645
748,1.9,0.62726,0.31121,0.63701,0.092649,0.21424,71.2
749,0.12453,0.40741,5.071e-07,1.7593e-06,0.49012,0.083041,171.28
750,0.56093,0.43934,1,0.67787,0.4602,0.99999,146.24
751,0.94776,0.7,1.4228e-05,0.87613,0.30233,0.99995,105.55
752,0.18369,0.45098,0.22127,1,1.9116e-06,0.47321,169.58
753,0.94772,0.7,0.01535,0.88365,0.34464,1,107.2
754,1.2297,0.69999,2.9026e-05,0.30834,0.38135,0.99998,83.8
755,1.4632,0.50996,0.14738,0.43999,0.61802,0.85827,93.434
756,1.1341,0.59292,0.5501,0.37862,0.5924,0.60993,97.055
757,0.10003,0.44235,0.9929,0.15526,0.00032697,5.1495e-05,172.04
758,1.4094,0.7,0.59253,1,0.69605,0.74499,78.399
759,1.0704,0.53785,1,0.85017,0.27007,1,113.39
760,0.88877,0.68523,0.67801,0.21013,0.071061,0.64125,108.84
761,1.6653,0.35348,0.11381,0.18034,1,0.45109,95.272
762,1.8992,0.55415,0.20902,0.54311,0.0037258,0.0058868,50.211
763,1.1581,0.35361,1,0.98943,0.091639,0.74321,122.47
764,0.30432,0.63807,0.029086,0.15664,1.9072e-06,0.75898,160.42
765,0.95612,0.7,1.1079e-06,0.79749,0.092283,0.93001,101.15
766,0.8207,0.7,0.041897,0.58848,0.57779,0.27354,118.13
767,0.77738,0.56561,0.52143,0.71882,0.27182,0.46353,123.2
768,0.59891,0.2,1,0.70647,4.5788e-07,0.99999,158.11
769,1.1864,0.66498,0.90461,0.84616,0.60382,3.1538e-07,97.689
770,0.2259,0.2,1,6.4482e-07,0.6695,0.20036,170.66
771,1.8969,0.52247,0.44112,0.21429,0.85246,0.86132,73.337
772,1.9,0.60763,0.48587,0.55114,1,1,57.919
773,1.8562,0.48465,0.27689,0.76186,0.51155,0.33844,65.441
774,0.79378,0.60109,0.54305,0.513,0.56365,0.40843,121.59
775,1.3149,0.43944,0.56529,0.40759,0.99029,0.24141,98.3
776,0.74342,0.2129,0.99959,0.6849,0.46204,0.99916,141.6
777,0.27379,0.7,0.34726,0.57944,1,1,158.89
778,0.11999,0.7,0.91697,2.1025e-07,0.50362,1,169.72
779,0.4173,0.36213,1,0.58323,0.075431,1.1299e-07,156.76
780,0.98889,0.39941,0.98635,0.33454,0.54301,0.0035188,112.46
781,0.31772,0.38263,1.4931e-06,0.41168,1.0175e-06,0.88097,165.29
782,0.84061,0.69998,0.78203,0.23909,0.52265,0.25853,110.04
783,0.87361,0.62918,0.059139,0.40859,0.628,1,114.6
784,1.9,0.45915,8.9883e-07,0.13762,0.81114,0.27464,69.259
785,0.58056,0.47312,0.98869,0.43837,0.4797,0.42683,139.65
786,0.41133,0.63248,0.73498,0.64365,0.66546,0.99041,146.26
787,1.7316,0.7,0.47054,0.10008,0.99999,0.58638,64.808
788,0.97391,0.7,0.084397,0.44817,0.80028,0.1206,102.11
789,1.3888,0.47487,0.76237,0.12745,1.1209e-06,0.61096,90.823
790,0.55858,0.65367,0.32006,0.0159,0.99972,0.16526,134.23
791,0.78034,0.59789,0.43083,0.15654,1,0.28555,121.81
792,1.8665,0.36363,1,0.41501,1,7.2423e-09,65.423
793,0.61033,0.7,0.66671,0.49328,3.0318e-09,0.85326,131.04
794,0.3952,0.7,1,0.85239,0.22785,0.4802,151.98
795,1.691,0.7,0.85049,6.883e-07,0.45683,0.13516,48.801
796,0.66706,0.58469,0.48197,0.23401,0.039078,0.1116,127.51
797,0.98276,0.60637,0.36258,0.52389,0.52342,0.24095,109.28
798,1.2475,0.7,0.15198,0.67648,0.75895,1,93.802
799,1.2683,0.57388,0.45153,0.0056114,0.99939,0.90467,83.136
800,0.87516,0.67107,0.94202,0.40161,0.86236,1,98.115
801,1.0885,0.41366,0.30774,0.23112,0.63279,0.11199,116.54
802,0.1657,0.66915,0.00043339,0.26339,0.21452,0.9905,167.24
803,1.898,0.49756,0.69608,0.14294,0.27187,0.98647,48.88
804,1.0557,0.7,1,0.58599,0.33422,0.25213,98.107
805,1.0322,0.42364,0.43846,0.26872,0.1951,0.13355,108.19
806,0.39512,0.30629,0.53532,1,0.54499,0.3938,160.96
807,0.7863,0.7,1,0.46701,1,0.5341,105.19
808,1.0321,0.65388,0.33722,0.4448,0.46542,0.34394,98.152
809,1.6295,0.7,0.72084,0.6277,0.055253,0.22255,62.392
810,1.8016,0.33335,0.42673,0.40629,0.53904,0.70589,77.585
811,0.89589,0.43421,0.72958,0.22947,8.8115e-08,0.74152,114.09
812,0.26054,0.7,1,0.62753,1,9.4291e-08,161.39
813,1.3635,0.5678,0.77865,0.73728,0.563,0.33087,79.396
814,0.70235,0.69788,0.98141,0.89631,0.33975,0.99625,125.92
815,1.9,0.42007,1.7414e-08,0.88721,0.70726,0.26059,63.04
816,1.9,0.54686,0.085729,0.38132,0.73626,0.99705,71.415
817,0.8243,0.64281,0.42955,0.72213,0.35455,0.99162,117.73
818,1.2288,0.57235,0.40073,0.36339,0.72506,0.26022,96.898
819,0.35287,0.62222,0.6337,1.74e-07,0.52033,0.31672,153.12
820,1.3807,0.49622,2.1318e-07,0.49594,1,0.50818,98.431
821,0.6609,0.7,1.2161e-07,0.52379,0.43398,0.65885,124.22
822,0.70617,0.7,1,0.70874,0.37757,0.80397,123.1
823,0.97008,0.47929,0.25787,0.26452,0.38018,0.40855,123.47
824,1.4748,0.40552,1,0.11356,0.99996,0.32132,80.205
825,0.86363,0.61664,0.13594,0.43157,0.70045,0.36638,113.32
826,0.30399,0.44466,0.029855,0.65655,0.97639,0.97865,161.21
827,0.65845,0.65944,0.93397,0.45188,0.87117,0.12628,126.25
828,1.9,0.7,0.24673,0.03243,0.49304,0.96887,52.41
829,1.1128,0.7,1,0.84509,0.63484,5.4762e-08,97.074
830,0.29913,0.69991,0.99839,0.85144,0.14635,0.99913,158.07
831,0.71394,0.52121,0.57893,0.064895,1,0.47403,126.54
832,1.1032,0.36727,0.19348,0.47801,0.83158,0.75068,103.39
833,0.91823,0.69992,0.51898,0.24412,0.017101,0.92864,105.1
834,1.9,0.57113,7.7595e-08,0.091525,1,0.51584,65.611
835,0.88916,0.60087,3.9001e-08,0.65245,0.16497,0.23549,112.65
836,1.7821,0.62049,0.36592,0.78134,0.39881,1.851e-08,75.59
837,0.21179,0.64812,0.90242,0.99835,0.15816,0.15877,165.69
838,0.34898,0.31589,0.99712,0.87435,0.77799,0.0008325,163.02
839,0.48959,0.31124,6.5116e-07,0.89066,0.25446,0.44123,159.3
840,0.41713,0.2,1,0.2059,1,3.5496e-06,163.83
841,0.57726,0.49728,0.97269,0.76083,1,2.4072e-08,138.15
842,0.16547,0.67797,0.002276,0.29744,0.4296,0.9997,168.57
843,0.92639,0.7,0.37729,0.51206,0.2764,0.6625,113.78
844,1.1144,0.26566,0.097695,0.70004,0.97955,0.057947,116.13
845,1.4457,0.58518,0.20734,0.96677,0.66669,0.041478,76.846
846,0.77025,0.7,0.84856,0.4596,0.9704,0.72419,115.05
847,0.86736,0.57513,0.298,0.027767,9.6105e-06,0.11553,114.66
848,1.6787,0.41594,0.15876,0.53122,0.36199,0.94348,80.982
849,1.4597,0.54496,1,0.78259,1,0.74535,85.373
850,1.059,0.7,1,0.52287,0.17295,0.23308,89.903
851,0.7046,0.7,0.57259,0.14722,1,0.80196,112.4
852,1.7511,0.41924,1,0.54248,1,0.32425,75.358
853,1.4879,0.46749,0.65586,0.02227,0.99997,0.78076,79.162
854,1.6641,0.50848,0.073074,0.67839,1,1.213e-07,86.255
855,0.81755,0.46971,0.49731,0.60071,3.0822e-05,0.99988,127.49
856,0.83305,0.69588,5.6148e-08,0.20061,0.16045,0.44681,124.51
857,1.2043,0.66724,0.32755,0.18241,1.9232e-07,0.87637,83.067
858,1.2629,0.7,0.69309,0.3082,0.68255,0.49637,86.044
859,1.9,0.28493,0.27422,0.65637,0.04307,1,86.848
860,1.5158,0.7,0.36212,0.28229,0.068379,0.26479,67.445
861,1.2963,0.53071,8.2422e-07,0.88064,0.49551,1,93.581
862,0.74603,0.48335,0.28381,0.48741,0.034237,1,128
863,0.53404,0.63901,1,0.45819,1,0.19989,140.91
864,1.6973,0.25189,0.8535,0.9137,0.69369,0.89788,99.819
865,0.74521,0.69745,1,0.80426,0.84114,1,120.86
866,0.36634,0.24972,0.53561,1.8583e-08,0.50246,2.2065e-08,165.51
867,0.70077,0.7,1,0.42611,1,0.3784,125.17
868,1.5557,0.7,0.41789,0.15933,0.45424,0.2213,63.899
869,0.26182,0.69977,0.7299,0.68652,0.24304,0.00063437,162.7
870,1.8987,0.55976,0.40086,0.37069,0.41372,7.9919e-05,63.252
871,0.97366,0.7,0.30378,0.88069,0.77355,0.010397,108.56
872,1.2589,0.52282,0.81813,0.41505,0.24352,0.41541,91.44
873,1.2478,0.28711,0.32986,0.32156,5.1275e-06,0.34003,112.13
874,1.5728,0.6316,0.38591,0.2177,0.19066,0.82492,69.636
875,0.88053,0.7,0.19637,0.42526,0.74504,1,109.63
876,1.3774,0.7,0.39054,0.61979,0.061519,0.29828,71.659
877,0.77286,0.28761,1,0.32851,0.15483,0.55989,134.65
878,0.6031,0.33305,0.99804,0.41799,0.22857,0.64584,146.98
879,0.97439,0.43975,1,0.48089,1.1897e-07,0.142,105.28
880,0.32109,0.5442,0.80836,0.18831,0.99998,0.99999,156.34
881,0.50191,0.56598,0.4524,0.70439,0.42355,0.902,141.56
882,0.75419,0.53455,0.77421,0.58479,0.28271,0.20721,129.36
883,0.16267,0.7,7.6426e-07,1.4828e-07,0.48899,1,166.87
884,0.45547,0.7,0.7802,0.43125,1,0.87427,134.66
885,1.6369,0.69325,0.0011407,0.53881,0.25362,0.90449,68.764
886,1.9,0.28841,0.25213,0.26044,1.8857e-07,0.28502,91.892
887,0.31029,0.25259,0.89579,0.074387,6.781e-06,1,163.86
888,1.1572,0.68521,0.28425,0.67186,0.82902,0.94696,96.473
889,1.7452,0.45346,2.5138e-08,0.65575,0.096665,0.326,81.654
890,1.9,0.48737,0.80455,0.75078,0.22004,0.62351,74.374
891,0.96499,0.62288,1,0.016381,0.99999,1,84.303
892,1.4658,0.28346,0.54226,0.82145,0.12653,1.6641e-07,100.46
893,1.0072,0.50363,0.99959,0.52279,0.99913,0.63238,111.82
894,0.13468,0.66859,0.56622,0.13121,0.99998,1,169.26
895,1.154,0.38932,2.8503e-07,0.85644,3.5873e-08,0.52241,102.73
896,0.83768,0.20144,0.35199,0.99964,0.43633,0.49121,151.45
897,0.56383,0.7,9.6599e-07,0.6456,0.31061,0.26045,135.47
898,0.99146,0.42738,0.73339,0.75988,1,1.3921e-07,117.16
899,1.9,0.4943,0.34212,0.33463,1,0.49151,76.617
900,0.82184,0.7,0.59047,0.80282,0.95104,0.99992,111.24
901,1.6232,0.49541,5.1055e-06,0.61029,1,7.7354e-07,80.902
902,1.5654,0.35031,0.0094094,0.72574,0.46698,0.0055258,100.68
903,1.9,0.4196,1,0.71001,0.64204,0.17176,63.816
904,1.3348,0.40838,0.34262,0.10878,1,0.041474,112.87
905,1.6285,0.7,0.73706,0.71702,0.662,0.54356,71.016
906,0.5949,0.666,0.70799,0.32219,1.7025e-08,1,138.89
907,1.8999,0.52816,0.84088,0.52154,0.99969,0.98947,54.217
908,1.1571,0.5412,0.5356,1,0.24886,0.51019,87.429
909,1.2266,0.67586,0.41497,0.55773,0.82426,0.48247,96.4
910,1.9,0.39679,1,0.75174,0.14476,1,68.415
911,1.3171,0.39009,1,0.91612,0.58107,0.041472,99.634
912,0.89838,0.37461,0.74321,0.12413,3.1791e-06,0.57249,127.39
913,1.2516,0.51435,0.021075,0.2795,0.57302,0.84543,93.807
914,0.33516,0.65548,1,0.92524,0.16508,4.3507e-06,158.75
915,1.4892,0.40909,1.1956e-05,0.64297,0.24477,0.68708,89.141
916,1.6244,0.7,0.47714,0.19357,1,0.018547,49.682
917,0.1,0.22087,0.99998,2.1052e-05,0.76271,1,172.52
918,1.3168,0.37819,0.99823,0.80231,0.04372,0.4453,102.26
919,1.2648,0.51551,0.99644,0.55074,0.96496,0.76182,92.188
920,0.93085,0.5059,0.45146,0.29765,0.42767,0.27141,114.39
921,0.19499,0.7,2.8909e-06,0.68754,1,0.27989,166.05
922,0.74888,0.7,0.4924,0.59304,0.96001,0.50804,121.97
923,1.3774,0.56288,0.5909,0.17378,0.041979,0.9984,74.239
924,0.80703,0.38404,0.4039,0.15724,0.58565,0.53378,127.27
925,1.4144,0.59165,0.061773,0.27494,0.3566,0.28067,88.353
926,1.7166,0.61098,0.14945,0.66112,0.9767,0.0089124,77.789
927,1.7027,0.25145,0.2501,0.22237,1,0.71811,96.092
928,1.6933,0.5352,0.48443,0.086936,1,0.074723,57.312
929,0.48948,0.7,5.6393e-07,0.45171,0.72135,0.72569,139.93
930,1.9,0.46442,0.28202,1,0.15902,0.18555,51.686
931,0.62023,0.34831,0.99999,0.4841,0.99999,0.44665,142.98
932,0.3561,0.69997,1,0.49594,0.25952,0.13279,152.89
933,1.8992,0.69991,0.25478,0.12792,0.59762,0.46221,63.305
934,0.62733,0.69962,0.99309,0.89171,0.83239,0.18956,126.09
935,1.2244,0.7,1,0.37326,0.31718,0.11206,74.92
936,0.17003,0.69869,1,0.51219,2.1037e-06,1,168.27
937,0.65002,0.3679,0.87622,0.061052,0.99999,1,130.16
938,1.4527,0.52047,0.34922,0.4532,0.82791,1,81.972
939,1.6855,0.7,0.23025,0.52006,0.25473,0.60331,73.546
940,1.9,0.67975,3.9508e-08,0.84506,0.67327,0.71075,58.18
941,0.32336,0.69973,0.00010425,0.26066,0.95973,0.037825,158.93
942,0.1,0.68176,9.7326e-07,0.79364,1,6.7529e-06,172.27
943,0.12466,0.69997,1.4605e-06,0.59895,1,0.16099,170.39
944,0.43893,0.62555,0.17484,0.098438,2.9907e-06,0.24921,148.45
945,1.6116,0.51078,0.68716,0.17412,1,9.7115e-09,52.671
946,0.26895,0.7,0.92096,0.82275,0.21494,1.7409e-05,162.53
947,0.78282,0.7,1,0.19662,1.4678e-07,0.48332,111.82
948,1.8468,0.44637,0.60577,1.1889e-07,0.4673,0.40188,61.754
949,1.2959,0.7,0.30397,0.56419,0.2394,0.91174,84.302
950,1.7115,0.6981,0.11043,0.29844,0.60902,0.049611,60.343
951,0.45433,0.49026,0.51988,0.54648,0.99818,0.99919,148.23
952,0.76302,0.44741,0.42405,0.27874,2.1558e-07,0.76866,128.04
953,1.0862,0.65667,0.99999,0.52863,0.42303,0.22205,99.344
954,1.2661,0.63356,0.98915,0.71125,0.19533,0.13851,78.24
955,0.65617,0.57672,0.073933,0.65424,1.4464e-06,0.74535,132.97
956,1.7288,0.7,0.91269,0.15683,4.9927e-07,0.42412,54.432
957,0.99392,0.56435,0.31792,0.27127,0.84367,0.72289,107.79
958,1.1428,0.30963,3.4647e-07,0.91966,0.92802,8.4902e-07,108.5
959,1.4332,0.7,0.96688,0.29946,0.56208,0.67676,78.048
960,0.42072,0.7,0.18389,3.03e-07,0.39439,0.50467,151.46
961,0.5355,0.44567,1.2747e-05,0.78369,0.97572,3.2066e-06,145.05
962,0.38136,0.7,0.46044,0.33176,1,0.23215,151.88
963,0.4203,0.69861,0.0018596,0.32956,0.2594,0.47748,150.88
964,1.6459,0.65867,0.95605,0.31808,0.7444,0.6703,61.36
965,1.9,0.47233,1,0.59185,0.2073,3.565e-07,63.103
966,0.7896,0.7,0.39826,0.62004,0.11308,0.61598,111.14
967,0.18879,0.47871,1,0.45832,0.85336,0.091284,168.18
968,0.48579,0.51507,0.12808,5.7877e-07,0.37483,0.43326,143.9
969,1.5028,0.40784,0.64678,7.9101e-08,0.65237,0.67367,88.569
970,0.5964,0.58475,7.8063e-09,1.2882e-07,0.19459,0.12861,132.46
971,0.36315,0.6995,0.25657,0.40823,0.54993,0.99875,153.95
972,1.2955,0.47327,0.00011562,0.61676,0.60028,0.11739,98.457
973,1.18,0.53309,0.7586,0.532,0.053251,0.81412,106.56
974,1.1871,0.7,0.72192,0.11509,0.99999,1.614e-07,63.965
975,0.9765,0.7,0.85184,0.013325,0.068573,0.096512,81.819
976,0.23224,0.3167,0.16711,7.8917e-07,0.4039,1,168.19
977,0.32818,0.2,2.1477e-06,0.32379,1,1.6457e-06,170.18
978,1.3262,0.47764,0.18724,0.11992,0.31183,0.74699,100.59
979,1.9,0.6599,0.62256,0.24051,0.10616,0.18606,53.498
980,0.95728,0.37823,0.29004,0.56018,0.95036,0.4154,121.83
981,1.9,0.7,0.24491,0.58816,0.46744,0.36392,63.612
982,0.13951,0.69975,0.24227,0.34464,0.33059,0.99861,169.23
983,0.32027,0.6614,0.38425,5.6405e-07,0.452,1,153.28
984,1.3982,0.54438,0.65381,0.26419,3.1939e-08,0.69197,87.438
985,0.83138,0.46898,0.46114,0.84556,0.56632,0.021752,130.34
986,0.37411,0.42071,1.6422e-07,0.4259,1,0.98437,155.21
987,0.22279,0.2,0.73248,1.2641e-05,0.65178,0.82188,169.12
988,1.0493,0.38742,0.0014997,0.29821,0.47459,0.32609,120.26
989,1.1548,0.438,0.99998,0.8336,0.59919,1.244e-06,113.16
990,0.76141,0.3978,1.0217e-07,0.36575,1.7352e-07,0.90483,135.61
991,0.72193,0.36978,0.98428,0.80806,0.48119,0.020943,137.81
992,0.32379,0.57045,0.52348,0.11868,0.82996,0.94795,155.1
993,1.9,0.3899,0.4102,0.36645,0.40935,0.41962,69.156
994,0.1,0.6081,1,0.43749,3.6966e-06,0.99998,172.07
995,1.0973,0.7,0.062117,0.71199,1,0.12947,99.288
996,0.50753,0.2491,0.50121,0.44797,0.99999,1.2339e-06,159.7
997,1.0328,0.59204,0.39899,0.38142,0.65155,0.43771,117.3
998,0.32051,0.33268,0.12213,0.2467,0.73506,0.0022963,167.7
999,1.0826,0.7,0.70919,0.50336,0.18173,1,100.54
1000,1.1855,0.68743,1.8222e-05,0.9704,0.29093,0.51601,88.664
