sub_id,beta,lr,e,w_MB,ps,nll
1,0.23451,1,0.90526,0.79404,0,325.16
2,0.95611,0.60742,0.66459,6.3477e-08,0,217.04
3,0.25868,0.29604,1,0.57576,0,338.06
4,0.26656,0.62496,0.47695,4.7909e-07,0,322.03
5,0.77939,0.22345,1,4.072e-09,0,255.49
6,0.6059,0.37785,0.1624,4.9981e-07,0,282.24
7,0.73672,0.55651,0.0149,0.48181,0,276.89
8,0.92795,0.9055,0.70014,0.52989,0,255.66
9,0.45427,0.30864,0.99997,0.19787,0,307.15
10,0.44544,0.6968,4.4407e-08,2.7369e-09,0,271.53
11,0.42383,0.68406,0.57419,4.7067e-08,0,297.47
12,0.51552,0.48312,0.7149,1,0,314.49
13,0.28183,0.31078,0.99999,1.8674e-06,0,329.56
14,0.1,0.94106,4.1219e-07,0.62694,0,345.65
15,0.1,0.74971,0.71469,1,0,344.73
16,0.43912,0.9763,0.47989,0.7709,0,296.96
17,1.8998,0.0014395,0.99999,0.066762,0,346.07
18,0.31872,0.36197,1,5.4954e-08,0,317.7
19,0.32001,0.60376,1,2.5037e-08,0,308.57
20,0.26919,0.83383,0.66958,1.0783e-07,0,324.21
21,0.68489,0.37536,1,5.0295e-08,0,266.44
22,0.12076,0.18883,0.99998,4.3542e-05,0,344.91
23,0.96199,0.53227,0.43415,0.95932,0,285.14
24,0.69378,0.51291,0.95822,0.18627,0,269.63
25,0.36135,0.30558,1,9.2086e-08,0,322.88
26,0.58135,0.27295,1,0.27093,0,314.08
27,0.26331,0.188,1,6.2737e-07,0,334.3
28,1.0111,0.19085,1,1.7821e-08,0,273.48
29,0.44865,0.32812,8.216e-06,0.45973,0,330.98
30,0.89169,0.05908,1,2.4928e-07,0,318.31
31,0.34829,0.23028,0.99999,0.082689,0,328.27
32,0.53237,0.31229,0.94123,0.44106,0,312.22
33,0.49979,0.33339,0.75887,5.4925e-08,0,309.64
34,0.14773,0.40122,0.45683,1.5513e-06,0,342.08
35,0.95925,0.31681,1,6.3757e-09,0,258.16
36,0.1,0.46221,0.89404,5.5551e-07,0,345.06
37,0.13694,0.022142,0.99993,8.0365e-05,0,346.2
38,0.10001,0.12491,0.99999,9.0899e-06,0,345.82
39,0.39557,0.55524,0.85299,1.5513e-07,0,294.16
40,0.71273,0.39178,0.83003,2.7042e-08,0,247.9
41,0.29709,0.30321,0.97386,1.1989e-07,0,326.12
42,0.43216,0.406,1,0.7292,0,326.13
43,0.1,0.93482,1,0.34507,0,342.57
44,0.1,0.50494,3.4433e-07,2.8556e-07,0,344.14
45,0.52725,0.26588,1,1.7412e-08,0,282.9
46,0.19361,0.39478,1,1.5858e-07,0,336.03
47,0.19858,0.5382,0.21348,0.079072,0,339.26
48,0.46471,0.49006,0.69738,0.15583,0,313.12
49,0.66782,0.45456,1,0.42594,0,275.27
50,0.58611,0.064784,1,3.6029e-07,0,325.15
51,0.68675,0.69564,0.65306,0.37579,0,286.74
52,0.79483,0.51084,0.39263,5.2437e-08,0,254.4
53,0.49812,0.18904,1,1.3507e-07,0,309.39
54,0.75783,0.41031,1,1.877e-08,0,250.09
55,0.31785,0.52428,0.78834,8.8573e-06,0,316.34
56,0.6224,0.31106,1,6.8876e-09,0,260.51
57,1.2386,0.35467,1,4.7294e-08,0,181.42
58,0.1,1,0.80152,0.57163,0,344.08
59,0.97578,0.63958,0.45279,2.169e-08,0,212.75
60,0.18777,0.3518,1,3.5863e-07,0,337.68
61,0.35499,0.53291,1,1.8981e-06,0,312.44
62,0.15272,0.32722,0.99999,6.1305e-05,0,341.1
63,0.14547,0.61563,1,2.6894e-07,0,336.79
64,0.8793,0.30341,0.54762,2.7521e-08,0,257.78
65,0.65447,0.28615,1,4.771e-08,0,275.01
66,0.1,0.217,1,8.236e-08,0,344.31
67,0.91979,0.59391,1,2.6337e-08,0,215.29
68,0.68884,0.71766,0.22283,0.84788,0,296.95
69,0.44351,0.44277,1,0.40381,0,296.23
70,0.37987,1,0.20916,0.67464,0,314.7
71,0.54476,0.61214,1,4.8395e-08,0,253.03
72,0.63899,0.37734,0.55133,5.0318e-08,0,295.23
73,0.4808,1,0.077417,0.67226,0,295.13
74,0.53817,0.49079,1,4.4496e-08,0,262.76
75,0.1,0.40256,1,0.12205,0,345.12
76,0.98399,0.19856,1,7.624e-08,0,226.37
77,0.1,0.39973,1,2.2081e-06,0,344.18
78,0.63256,0.9522,1,0.82111,0,279.28
79,0.55217,0.68769,0.033781,0.99402,0,310
80,0.48995,0.43814,1,4.232e-09,0,283.84
81,0.1,0.18537,0.99624,0.94968,0,347.13
82,0.12708,0.80057,0.49267,3.0885e-05,0,340.61
83,0.31677,0.33104,0.21843,1.2625e-07,0,333.24
84,0.18823,0.53497,1.9212e-06,5.6718e-07,0,337.53
85,1.0513,0.4152,0.83819,4.7004e-08,0,211.64
86,0.10802,0.63488,5.5042e-06,0.80278,0,343.88
87,0.94499,0.28206,0.8804,0.63283,0,285.72
88,1.9,0.0063953,1,8.9116e-06,0,339.66
89,0.1,0.35888,1,6.3917e-07,0,345.28
90,0.23838,0.4871,0.99999,1.4326e-05,0,326.37
91,0.31136,0.43814,0.36094,0.02149,0,327.57
92,0.70436,0.57178,0.29127,3.1514e-08,0,252.91
93,0.14041,1,0.65547,1,0,339.97
94,0.55718,0.57585,1,1.2701e-08,0,206.18
95,0.55594,1,0.30451,0.45563,0,272.64
96,0.83223,0.38049,1,1.8262e-08,0,221.43
97,0.34983,0.86865,0.95969,0.58404,0,301.25
98,0.71664,0.42476,0.35712,5.2656e-08,0,280.36
99,0.1,0.53179,1,9.5668e-09,0,344.53
100,0.19437,0.68604,0.48663,5.4715e-05,0,333.51
101,0.4617,0.40795,1,6.7979e-08,0,284.71
102,0.35528,0.33329,0.77479,0.23682,0,323.26
103,0.17059,1,0.92379,3.5398e-08,0,327.38
104,0.32978,0.72854,0.99398,0.76134,0,326.5
105,0.21704,0.3389,0.97206,0.69585,0,340.01
106,0.49367,0.66275,0.91741,0.85873,0,317.52
107,0.61774,0.24829,1,1.5138e-08,0,292.67
108,1.177,0.38875,0.61114,0.17293,0,245.03
109,1.9,0.0051575,0.72827,0.99999,0,344.58
110,0.66899,0.42917,1,1.4489e-08,0,214.59
111,0.81192,0.10756,1,1.9373e-08,0,300.3
112,0.177,0.95028,1,0.44434,0,332.67
113,0.24197,0.38736,1,0.028376,0,333.16
114,0.63305,0.34856,0.51559,1.4768e-07,0,297.86
115,0.61224,0.10263,0.51341,0.99528,0,333.01
116,0.7959,0.34226,0.94292,9.7039e-09,0,223.24
117,0.42654,0.68689,0.95803,7.232e-08,0,276.64
118,0.11219,0.63436,1,3.3647e-06,0,341.09
119,0.74665,0.2921,1,2.395e-08,0,255.73
120,0.3753,0.71628,0.71224,1.018e-07,0,300.98
121,0.47472,0.33884,1,2.5864e-08,0,281.52
122,0.39637,0.90212,0.58678,0.84919,0,318.06
123,0.40706,0.32851,0.5508,9.988e-06,0,324.47
124,0.1109,0.68427,0.97472,2.4778e-05,0,341.02
125,0.49152,0.30427,0.99999,0.80593,0,326.95
126,0.48829,0.64008,1,0.14872,0,296.92
127,0.66811,0.24192,1,1.7919e-08,0,258.54
128,0.69252,0.445,1,7.9851e-10,0,237.99
129,0.25211,0.55742,1,1.0031e-06,0,322.88
130,0.58125,0.27721,0.92778,7.1007e-06,0,281.46
131,0.30292,0.55683,0.69862,0.60436,0,334.87
132,0.55957,0.59845,0.7438,1.4037e-07,0,258.38
133,0.42064,0.68305,0.65453,4.8579e-08,0,294.2
134,0.19897,0.68952,0.99886,0.87499,0,338.03
135,0.70959,0.33466,0.47205,3.6871e-08,0,264.64
136,0.25885,0.40116,1,1.97e-07,0,331.3
137,0.16296,0.19239,1,2.2733e-07,0,339.49
138,0.79716,0.57294,0.86937,0.31365,0,263.79
139,0.85378,0.025685,1,7.718e-08,0,330.28
140,1.1846,1,0.77983,0.24841,0,183.97
141,0.88095,0.73841,0.67088,0.69454,0,287.06
142,0.24383,0.017515,1.1059e-05,7.8254e-06,0,346.47
143,0.29133,0.42619,1,1.261e-07,0,323.57
144,0.2776,0.38811,1,3.5372e-08,0,321.5
145,1.0243,0.30064,0.69101,3.7255e-08,0,224.93
146,0.24816,0.41088,0.99999,1.2664e-05,0,326.33
147,0.52428,0.57026,0.93097,4.6551e-07,0,267.24
148,0.10845,0.75729,0.28439,3.0079e-06,0,342.38
149,0.34116,0.54959,0.70189,8.7726e-08,0,316.29
150,0.20507,0.33514,0.76618,9.6791e-08,0,335.95
151,0.72386,0.28886,1,0.31912,0,284.4
152,0.65869,0.93365,0.85926,0.60928,0,284.19
153,0.79346,0.75299,0.56492,0.30744,0,249.84
154,0.63871,1,0.62885,3.056e-08,0,212.95
155,0.5072,0.60726,1,6.0243e-08,0,261.58
156,0.35915,0.49237,0.99978,0.064762,0,309.18
157,0.42408,0.27353,0.72209,6.4736e-07,0,317.39
158,0.13077,0.79864,0.56693,0.98763,0,341.83
159,0.50214,0.52598,1,1.6959e-08,0,273.49
160,0.39552,0.84749,3.7839e-08,0.52498,0,308.02
161,0.53685,0.94347,1,0.070066,0,248.82
162,0.23036,0.66829,0.26782,1.6874e-05,0,328.21
163,0.12418,0.58494,0.52868,1,0,342.96
164,0.26944,0.33048,0.99999,0.47567,0,331.15
165,0.42736,0.38991,0.6569,0.21305,0,309.35
166,0.69075,0.21343,1,1.5463e-08,0,261.3
167,0.67451,0.18115,1,0.5998,0,310.37
168,0.52823,0.71529,0.49106,1.705e-08,0,251.32
169,0.66082,0.34701,0.78934,1.818e-06,0,268.11
170,0.55717,0.15143,0.76714,0.52078,0,325.35
171,0.20078,1,0.56685,0.061417,0,328.83
172,0.80966,0.63322,0.77722,9.8774e-08,0,229.66
173,0.49798,0.23151,0.99979,0.2393,0,309.19
174,0.921,0.18129,1,2.5201e-08,0,253.15
175,0.80057,0.29418,0.99978,0.75019,0,295.4
176,0.53904,0.44865,1,2.1225e-07,0,265.07
177,0.67834,0.35026,1,0.46563,0,296.74
178,0.18259,0.34666,0.74974,2.6408e-05,0,339.08
179,0.61792,0.33335,0.99999,0.032327,0,266.62
180,0.19962,0.72608,0.42632,2.7532e-06,0,331.17
181,0.45332,0.78739,1,0.8278,0,298.22
182,0.40268,0.53651,0.77621,0.18378,0,308.16
183,0.23056,0.54608,0.41617,9.2612e-06,0,338.54
184,0.21534,0.50103,1,1.0171e-08,0,318.3
185,0.32309,0.67222,0.57706,0.22655,0,321.85
186,0.41802,0.52289,0.23655,0.49436,0,327.73
187,0.62675,0.59842,0.59962,6.7234e-08,0,271.32
188,0.12457,0.76426,1.7646e-06,0.71303,0,341.92
189,0.26325,0.54369,0.99998,0.65214,0,332.71
190,0.12737,0.4255,1,7.1784e-08,0,340.46
191,0.3013,0.2748,0.98667,0.6347,0,337.02
192,0.28539,0.88828,1,1.3901e-08,0,291.24
193,0.24501,0.32908,0.99997,0.5203,0,338.77
194,0.5053,0.63491,0.83419,1.5235e-08,0,275.49
195,0.29153,0.86516,1,8.687e-08,0,298.03
196,0.34906,0.59349,0.22877,8.1922e-08,0,322.05
197,0.72018,0.4932,1,0.20733,0,236.89
198,0.95966,0.49694,0.68542,5.8215e-08,0,212.55
199,0.22678,0.50978,1,1.337e-08,0,318.33
200,0.35749,0.55079,1,5.7626e-06,0,309.06
201,1.2751,0.27889,0.23504,5.0452e-08,0,246.36
202,0.27777,0.47877,0.59608,0.62915,0,336.01
203,0.91735,0.43232,1,7.8013e-08,0,225.82
204,0.31366,0.55967,0.5673,1.349e-07,0,318.18
205,0.85734,0.40025,0.51962,5.1378e-08,0,264.04
206,0.4716,0.03867,1,0.089458,0,340.34
207,0.74135,0.22787,1,9.4014e-09,0,282.53
208,0.77397,0.72921,0.67409,1.0817e-07,0,228.67
209,0.60025,0.60658,0.68162,5.1111e-08,0,264.01
210,0.47968,1,0.35751,0.53407,0,292.31
211,0.19969,0.57723,1,8.469e-08,0,331.82
212,1.253,0.025946,0.98076,0.84352,0,338.06
213,0.27993,0.19618,1,2.1697e-07,0,332.75
214,1.301,0.86219,0.56879,0.24185,0,184.38
215,0.5545,0.26515,0.69213,5.3366e-08,0,297.92
216,0.55139,0.42073,0.28484,0.67368,0,319.15
217,0.1,0.37567,0.54445,3.2829e-06,0,345.16
218,0.63405,0.58465,0.53191,2.489e-08,0,271.19
219,0.1006,0.53274,0.99999,0.62673,0,344.27
220,0.21662,0.60391,0.37104,0.99998,0,339.7
221,0.83728,0.23365,1,8.0934e-08,0,222.98
222,0.20202,0.94649,1.5787e-06,0.46344,0,330.19
223,0.69734,0.43453,1,1.3684e-08,0,252.38
224,0.30421,0.090981,1,3.8689e-07,0,342.05
225,0.43431,1,0.93939,0.4924,0,299.09
226,0.64708,0.38981,0.72938,0.16799,0,289
227,0.53442,0.54674,1,1.5084e-06,0,281.53
228,0.3959,0.40577,0.87529,7.0455e-06,0,324.54
229,0.75645,0.54219,1,2.5024e-07,0,251.31
230,0.79304,0.24917,1,0.51685,0,292.82
231,0.30953,0.71112,1,6.6926e-08,0,308.56
232,0.69894,0.4804,1,1.8878e-08,0,232.96
233,0.347,0.27962,1,1.6488e-07,0,317.78
234,0.78341,0.41579,0.82839,4.1813e-08,0,230.28
235,0.28881,0.3106,0.97915,0.98299,0,337.33
236,0.10004,0.033116,0.99985,0.00037751,0,346.47
237,0.27029,0.11962,1,2.6839e-08,0,334.9
238,0.73791,0.30743,1,0.81541,0,305.84
239,1.1124,0.7216,0.98744,5.6826e-09,0,159.75
240,0.59272,0.99999,0.26576,0.63217,0,283.03
241,0.23182,0.3352,1,0.90284,0,340.69
242,0.27585,0.79223,0.21759,0.78207,0,332.24
243,0.17642,0.77444,1.4574e-07,0.34154,0,338.8
244,0.53654,0.41358,0.99999,0.77935,0,309.56
245,0.30953,0.13483,0.53848,4.2735e-06,0,341.41
246,0.61105,0.63415,0.49458,0.43258,0,287.23
247,0.32612,0.33124,0.89093,0.75588,0,329.76
248,1.023,0.73692,0.6743,4.9116e-08,0,207.09
249,1.8991,0.0056814,0.36921,2.1694e-05,0,345.32
250,0.25414,0.51339,0.50973,0.23674,0,329.15
251,0.78003,0.56058,0.9635,1.667e-06,0,236.16
252,0.61451,1,0.59534,0.7787,0,288.27
253,0.29495,0.39502,0.66306,0.08493,0,330.37
254,0.1,1,0.60104,0.381,0,344.04
255,0.80288,0.50336,0.88575,5.1245e-08,0,246.09
256,1.9,0.0076675,0.99998,0.71281,0,343.13
257,0.36632,0.89146,1,3.2318e-09,0,272.68
258,0.44854,0.37413,0.58343,1.7657e-06,0,317.76
259,1.3798,0.30741,0.72712,8.835e-08,0,221.51
260,0.28427,0.69721,0.83809,1.4935e-07,0,325.05
261,0.72757,0.6436,0.71872,6.018e-08,0,229.06
262,1.8974,0.003121,0.9996,0.00027703,0,341.55
263,0.6678,0.38033,5.3162e-07,0.66573,0,312.79
264,0.42628,0.3513,1,2.7966e-07,0,291.81
265,0.31403,1,1,2.0268e-08,0,285.53
266,0.19106,0.82332,1,0.87922,0,337.33
267,0.54656,0.59477,1,4.6714e-07,0,273.94
268,0.64014,0.47591,0.8004,6.9285e-08,0,285.11
269,1.0278,0.85829,0.67168,1.1589e-07,0,215.41
270,0.11999,0.99341,2.1049e-06,0.76659,0,340.71
271,0.51673,0.15939,1,0.79417,0,331.78
272,0.25532,0.46992,1,1.5115e-08,0,323.13
273,0.50754,0.55237,0.43408,0.47863,0,316
274,0.33657,0.60938,1,0.00016261,0,303.86
275,0.59063,0.52944,0.56288,6.07e-08,0,268.84
276,0.68999,0.39243,0.27586,3.7243e-08,0,293.97
277,0.20793,0.47864,1,0.01993,0,329.77
278,0.1,1,0.5151,1,0,346.12
279,0.85147,0.3463,1,2.8758e-08,0,231.44
280,0.61275,0.67887,0.85067,5.3225e-09,0,228.57
281,0.73808,0.54587,0.72293,0.16446,0,280.64
282,0.57095,0.42189,1,2.2013e-08,0,272.61
283,0.44166,1,4.1365e-08,0.64126,0,295.33
284,0.104,0.27085,0.99999,0.6514,0,345.59
285,0.65734,0.13481,1,1.3451e-07,0,303.39
286,0.1,1,0.90611,0.91714,0,345.17
287,0.16071,0.73303,0.35203,0.80095,0,340.5
288,0.7317,0.64816,0.60763,2.2508e-08,0,250.2
289,0.71171,0.63139,1,1.8119e-08,0,183.85
290,0.2395,0.53253,1,0.59354,0,332.61
291,0.27116,0.55173,0.99999,0.57299,0,330.26
292,0.58838,0.52305,0.37632,0.30242,0,290.85
293,0.65676,0.53662,0.75271,0.58518,0,299.54
294,0.29799,0.80485,0.51304,3.7272e-08,0,315.87
295,0.67213,0.39657,1,1.3407e-08,0,197.48
296,0.86589,0.49624,0.57047,1.4635e-08,0,237.94
297,1.6304,0.33014,0.19404,0.2588,0,266.52
298,0.2441,0.43004,0.9657,5.3177e-08,0,332.68
299,0.29819,0.5627,1,2.4234e-08,0,305.48
300,0.80819,0.61305,0.53914,2.5381e-08,0,208.96
301,0.73871,0.67914,1.3564e-07,0.91553,0,294.15
302,0.71489,0.8691,1,2.6141e-07,0,214.24
303,0.1,0.29037,1,9.8561e-07,0,344.56
304,0.23642,0.3096,1,1.0313e-07,0,335.17
305,0.1,1,0.079159,0.28942,0,343.6
306,0.46464,0.60928,1,0.10717,0,289.14
307,0.53714,0.30044,0.50112,0.55446,0,311.16
308,0.11698,0.91141,5.0414e-08,0.25068,0,341.3
309,0.42467,0.73311,0.35081,0.25528,0,307.96
310,0.19583,1,0.73912,0.58882,0,334.09
311,1.1984,0.51412,0.44218,0.54715,0,266.77
312,0.37056,0.55208,0.99995,0.52335,0,318.12
313,0.86684,0.071007,1,5.5645e-08,0,307.95
314,0.52216,0.27261,1,0.20506,0,310.04
315,0.77071,0.14497,0.76421,7.3457e-08,0,279.09
316,0.1,1,0.25374,0.10353,0,341.63
317,0.44779,0.68842,0.73759,6.3235e-08,0,290.93
318,0.99171,0.38531,0.56953,6.6136e-06,0,229.5
319,0.32664,0.23831,1,2.9075e-08,0,325.27
320,0.38978,0.43481,1,0.60488,0,322.9
321,0.63757,0.27343,0.49719,0.45287,0,317.04
322,0.5697,0.51114,1,6.9284e-09,0,256.2
323,0.78229,0.66137,0.50153,0.073242,0,255.5
324,0.43076,0.22225,0.98895,0.01398,0,319.12
325,0.65206,1,0.78258,0.7531,0,285.96
326,0.17936,0.86748,0.60037,1.612e-06,0,332.28
327,0.16219,0.69861,1,1.2799e-06,0,336.55
328,0.54814,0.29645,0.87107,6.7108e-08,0,296.29
329,0.55186,1,1,3.5235e-08,0,226.26
330,0.44202,0.37088,0.99999,5.5601e-05,0,289.85
331,0.39768,0.69909,0.43572,0.82006,0,320.35
332,0.87393,0.27467,1,3.7972e-08,0,205.25
333,0.3984,0.64142,0.68884,0.62747,0,315.12
334,0.5041,0.62784,0.89848,0.61319,0,306.61
335,0.3202,0.10543,0.94197,0.83521,0,341.22
336,0.18318,0.84145,0.51671,1.2611e-07,0,334.37
337,0.2435,0.82672,1,1.1442e-09,0,303.97
338,0.43449,0.43768,0.47016,1.4691e-07,0,321.07
339,0.48909,0.47501,0.90488,0.41898,0,304.17
340,0.24354,0.8451,0.29563,2.5636e-08,0,317.93
341,0.43695,0.49939,1,0.17534,0,300.67
342,0.504,0.2759,0.92121,1.3239e-06,0,294.11
343,0.20012,0.43803,0.53507,0.44341,0,339.07
344,0.52522,1,0.87383,0.89265,0,300.12
345,0.50426,0.13147,1,8.7349e-08,0,315.3
346,0.61062,0.89225,1,1.8012e-08,0,229.67
347,0.37643,1,0.19223,0.70814,0,315.48
348,0.24143,0.30112,0.99993,0.48773,0,339.66
349,0.93048,0.32032,1,3.9927e-09,0,246.69
350,0.28046,0.4688,1,7.7728e-08,0,324.48
351,0.15526,0.33744,0.6991,0.84685,0,343.46
352,0.71849,0.52997,0.60695,6.5839e-09,0,226.3
353,0.11133,1,0.72982,4.0091e-06,0,337.55
354,0.3134,0.31834,1,2.5598e-07,0,328.15
355,0.32939,0.54617,0.3835,0.01032,0,316.57
356,1.8999,0.0085451,3.8146e-06,1.3754e-05,0,343.77
357,0.18169,0.38738,1,4.2747e-07,0,338.29
358,0.85496,0.65678,0.77466,0.29405,0,261.14
359,1.2829,0.46765,0.71978,0.71621,0,260.12
360,0.36469,0.38642,1,2.0781e-07,0,314.33
361,0.2491,0.055807,6.4741e-05,5.0713e-05,0,343.94
362,0.16433,5.3833e-09,0.70889,0.95277,0,346.57
363,0.19825,0.29562,1,5.6034e-06,0,338.68
364,0.41334,0.37199,1,2.8196e-08,0,311.38
365,0.17797,0.66151,1,8.778e-08,0,334.52
366,0.43567,0.42826,0.40762,1.0358e-05,0,301.91
367,0.45559,0.90245,0.62139,1.1472e-07,0,269.14
368,0.87178,0.27343,1,2.0154e-08,0,185.57
369,0.40665,0.72812,0.6124,1,0,309.68
370,0.70981,0.81452,0.77011,0.49914,0,283.39
371,0.63659,0.76152,0.6774,0.18765,0,265.83
372,0.68696,0.48744,0.068405,0.58072,0,303
373,0.69884,0.312,9.6184e-08,0.23054,0,289.5
374,0.1,0.41993,1,7.9893e-06,0,343.9
375,0.61535,0.65223,0.66675,7.0832e-06,0,279.59
376,0.80922,0.43268,0.92674,2.2283e-08,0,253.08
377,0.69839,0.73764,0.90787,0.51649,0,288.8
378,0.34302,0.72476,0.21042,0.54349,0,316.95
379,0.61084,0.36542,0.99999,0.54212,0,305.59
380,0.25584,0.48588,1,6.9685e-08,0,327.22
381,0.54691,0.20022,1,3.4913e-08,0,296.86
382,0.50982,0.2597,0.57955,0.056206,0,319.16
383,0.29298,0.58355,0.32343,6.7649e-07,0,325.63
384,0.69138,0.26118,0.87583,7.6149e-07,0,286.2
385,0.1,0.47379,1,8.1449e-07,0,344.13
386,0.29363,0.49794,1,3.0839e-07,0,314.38
387,0.1,0.15118,5.6187e-06,0.62892,0,346.4
388,0.17999,2.1191e-09,0.56289,0.58261,0,346.57
389,0.18459,0.69279,0.53545,7.5879e-08,0,335.13
390,0.75734,0.28024,1,1.0523e-08,0,253.07
391,0.20239,0.89611,0.9964,0.79135,0,329.8
392,0.37352,0.73051,0.80088,0.16843,0,304.92
393,0.61607,0.64519,1,2.1962e-08,0,250.91
394,0.69221,0.30582,1,3.9323e-08,0,263.59
395,0.52874,0.91987,1,0.68917,0,288.48
396,0.44009,0.52033,1,2.0683e-08,0,280.74
397,0.11781,0.63396,0.99999,3.9603e-06,0,340.25
398,0.93072,0.19765,0.64641,0.91442,0,297.27
399,0.41446,0.54589,0.40433,0.10391,0,309.67
400,0.27412,0.50941,1,2.4962e-07,0,322.22
401,1.2404,0.30178,0.76845,0.63569,0,246.18
402,0.1,1,0.3109,0.61446,0,344.12
403,0.53608,0.77333,0.37051,0.82313,0,299.01
404,0.89943,0.37607,0.27596,0.077539,0,248.22
405,0.1622,0.35076,1,3.1802e-08,0,339.07
406,0.1,0.095261,1,1.2828e-07,0,346.53
407,1.0475,0.38193,0.20797,0.47433,0,273.45
408,0.34212,0.72603,1,4.4113e-08,0,285.94
409,0.4425,0.27564,1,1.7139e-08,0,302.51
410,0.34172,0.43205,0.19813,1.6597e-07,0,328.78
411,1.0348,0.16669,1,4.3544e-08,0,244.76
412,0.72842,0.43218,1,0.36253,0,290.71
413,0.19208,0.18515,1,2.3575e-07,0,342.33
414,0.84928,0.44433,1,0.19998,0,242.7
415,0.37736,0.24224,1,1.5065e-08,0,314.57
416,0.12179,0.51707,0.25441,1,0,343.87
417,0.28464,0.55145,0.99997,2.5966e-07,0,318.16
418,0.72246,0.24299,1,0.66596,0,288.85
419,0.35331,0.24466,1,1.288e-07,0,329.52
420,0.68698,0.44169,1,3.7113e-08,0,267.08
421,0.19905,0.60245,0.99789,0.44028,0,335.58
422,0.36523,0.54243,1,0.0027606,0,308.75
423,0.16134,0.50576,0.96772,0.030891,0,338.82
424,0.21529,0.93556,0.38205,0.015823,0,329.08
425,0.30054,0.41996,0.94199,0.38023,0,332.17
426,0.37045,0.24341,1,0.55152,0,334.33
427,0.74751,0.27274,0.83748,0.061312,0,272.71
428,0.54781,0.77534,1,0.17685,0,274.42
429,0.69472,0.31165,1,4.1268e-08,0,267.26
430,0.17477,0.38694,0.2829,1.0356e-06,0,340.46
431,0.10883,0.36691,1,1.1239e-06,0,344.02
432,0.26921,0.63871,1,3.5171e-07,0,320.46
433,0.75291,0.54052,0.6462,0.29052,0,268.62
434,0.99564,0.42766,0.9999,9.9504e-08,0,214.53
435,0.27659,0.51464,0.41269,0.73786,0,334.39
436,1.0271,0.91958,0.44915,0.92618,0,270.87
437,0.3585,0.3073,1,7.1876e-08,0,312.28
438,0.45437,0.21365,1,4.4498e-08,0,299.72
439,0.56422,0.3637,0.24778,0.17248,0,290.58
440,0.21071,0.57178,1,0.043012,0,331.78
441,1.8971,0.94426,0.9253,0.29117,0,160.43
442,0.1439,0.8195,1,1.0511e-06,0,334.52
443,0.71203,0.32946,1,4.2076e-08,0,243.68
444,0.64867,0.44954,0.40472,6.5164e-08,0,262.11
445,0.38398,0.77759,0.65999,0.056359,0,303.31
446,0.27736,0.52215,1,1.2399e-07,0,317.08
447,0.68573,0.41082,0.76585,4.2456e-08,0,244.43
448,0.35371,0.58734,0.80672,0.2195,0,316.64
449,0.17573,1,0.034877,0.58516,0,336.06
450,0.26554,0.41208,1,6.9749e-08,0,326.87
451,0.71447,0.23029,1,2.005e-07,0,268.32
452,0.1759,0.74309,0.66813,7.2455e-07,0,335.48
453,0.9803,0.14395,0.60811,8.0493e-08,0,290.51
454,0.58138,0.40779,1,3.4185e-09,0,246.62
455,0.52406,0.23553,1,1.5411e-08,0,301.68
456,0.44326,0.59935,0.87249,2.9516e-08,0,288.85
457,0.45787,0.56735,0.9621,0.67489,0,318.91
458,0.64949,0.5868,0.80261,0.03973,0,248.67
459,1.8019,0.10736,1,0.48289,0,209.85
460,1.8997,0.00054071,2.196e-06,3.8746e-06,0,346.55
461,0.51264,0.20137,0.88754,9.8005e-08,0,304.55
462,0.283,0.87283,0.46057,0.0090026,0,310.09
463,0.37353,0.35879,0.99982,0.51243,0,327.11
464,0.28105,0.60019,6.6989e-07,0.58528,0,333.29
465,0.57977,0.48081,1,1.9432e-08,0,246.92
466,0.23249,0.77647,0.57424,9.649e-08,0,324.61
467,0.29643,0.58881,0.63543,3.7807e-07,0,328.1
468,0.1423,0.55317,1,2.0259e-06,0,338.92
469,0.47846,0.3545,0.85358,0.25301,0,304.18
470,1.402,0.14947,1,7.6132e-08,0,220.08
471,0.60026,0.86477,0.45948,1.0356e-07,0,254.06
472,0.34123,0.56296,0.29885,0.49455,0,331.65
473,0.56109,0.42851,1,3.2673e-08,0,267.71
474,0.10917,1,0.32885,4.7169e-08,0,339.42
475,0.27872,0.52337,0.67017,0.10301,0,327.77
476,0.14307,0.39853,1,0.014467,0,341.88
477,0.20531,0.91512,1,0.098288,0,322.12
478,0.42742,0.7253,1,1.9055e-08,0,280.71
479,1.0395,0.33549,1,3.194e-08,0,236.83
480,0.3956,0.3227,0.43988,1.0055e-06,0,328.26
481,0.2661,0.41192,1,0.062333,0,330.71
482,0.58088,0.58271,0.68598,1.0419e-07,0,288.16
483,0.4741,0.70687,1,1.4076e-08,0,259.8
484,0.55605,0.29795,1,4.8037e-07,0,300.12
485,0.27743,0.77499,0.75279,4.3505e-07,0,318.81
486,0.10001,0.83754,0.00031745,0.59691,0,344.84
487,0.18331,0.27197,0.99999,0.88549,0,343.95
488,0.49452,0.39485,0.68752,2.053e-07,0,300.68
489,0.27067,0.88666,0.13975,1,0,334.33
490,0.3754,0.39802,1,0.20293,0,320.76
491,0.68985,0.66126,0.35797,0.098361,0,287.62
492,0.45885,0.72457,0.89997,7.7827e-06,0,276.16
493,0.22923,0.59116,1,4.9179e-08,0,325.66
494,0.1,0.35987,3.2692e-08,8.0449e-08,0,346.44
495,0.52349,0.41844,1,2.7886e-08,0,261.22
496,0.7813,0.010831,1,4.2651e-08,0,343.48
497,1.8985,0.0002962,0.99998,2.5328e-05,0,346.56
498,0.60938,0.6281,0.47994,5.8946e-08,0,248.74
499,0.46194,0.46311,1,1.7787e-08,0,284.33
500,0.25743,0.053822,0.99165,0.56273,0,345.76
501,0.42029,1,1,0.29442,0,278.37
502,0.41934,0.53707,1,3.375e-08,0,296.49
503,0.96883,0.52167,0.8391,1.1681e-08,0,243.98
504,0.65235,0.26473,0.99999,0.68049,0,311.03
505,0.1,0.40212,1,0.72935,0,346.08
506,0.46891,0.56626,1,0.42275,0,305.4
507,0.13424,6.8547e-09,0.58161,0.57015,0,346.57
508,0.33939,0.67806,0.84149,0.1443,0,318.61
509,0.62957,0.12702,1,2.5362e-07,0,292.82
510,0.42285,0.17645,1,1.0727e-07,0,323.97
511,0.1,1,1,0.85958,0,347.65
512,0.5817,0.21706,0.72081,0.99313,0,331.45
513,0.62057,0.34788,1,4.0896e-08,0,270.2
514,0.72019,0.27266,1,8.248e-09,0,253.43
515,0.60988,0.74567,0.87162,0.12315,0,252.27
516,0.40925,0.36831,0.75095,9.5904e-06,0,304.31
517,0.15964,0.30195,0.99999,0.46243,0,343.39
518,0.1,0.65497,0.94967,9.0183e-07,0,343.13
519,0.33594,0.60451,0.082256,0.87582,0,331.99
520,0.50497,0.31506,0.70633,1.6894e-07,0,306.86
521,0.77893,0.69782,0.8053,1.0527e-07,0,236.23
522,0.51041,0.30691,0.90907,4.5894e-08,0,305.47
523,0.65035,0.8196,1,6.1479e-08,0,245.38
524,0.95613,0.25182,0.7563,1.3357e-06,0,282.6
525,0.63467,0.6434,0.44567,2.1715e-08,0,240.84
526,0.27319,0.94929,0.466,6.1911e-08,0,315.42
527,0.13048,0.92063,0.99945,0.99537,0,341.36
528,0.65544,0.25883,1,1.9231e-08,0,266.89
529,1.8997,0.0019306,2.0918e-05,2.2888e-05,0,346.31
530,0.25085,0.56164,1,1.6562e-07,0,329.44
531,0.15208,0.40895,0.81944,2.7558e-05,0,341.82
532,0.9625,0.9324,0.94151,1.0314e-08,0,204.9
533,0.26306,0.99999,0.36007,0.24809,0,321.44
534,0.14344,0.41932,0.99999,8.7854e-06,0,341.14
535,0.20599,0.32606,0.69884,2.6279e-07,0,339.25
536,1.9,0.0037675,0.99999,0.53757,0,343.41
537,0.11891,1,1.4175e-07,0.22824,0,338.47
538,0.23654,0.50648,0.69557,1.7967e-08,0,327.67
539,0.25234,0.41137,0.97449,0.86862,0,337.09
540,0.1,0.3209,1,1.7998e-07,0,344.33
541,0.1,0.86016,0.80125,0.0088254,0,341.67
542,0.91688,0.62204,0.76334,0.18453,0,230.79
543,0.18005,1.2396e-07,0.57686,0.44211,0,346.57
544,0.73677,0.34072,0.26429,0.43416,0,301.74
545,0.37225,0.70343,0.97673,0.39373,0,306.39
546,0.34338,0.55164,0.22005,0.62617,0,326.11
547,0.59772,0.93808,0.99994,0.9566,0,290.78
548,0.49325,0.47045,0.26314,0.0013702,0,310.83
549,0.38676,0.43955,1,8.2632e-09,0,295.1
550,0.1835,0.71854,0.28823,9.2607e-08,0,337.17
551,0.54705,0.55974,1,2.4369e-07,0,268.09
552,0.35253,1,0.59039,0.423,0,298.64
553,0.31558,0.84327,0.35169,1,0,322.28
554,0.59282,0.64829,0.0447,0.81865,0,308.82
555,0.2332,0.42437,1,1.0305e-07,0,333.17
556,0.72211,0.55248,1,2.6766e-08,0,241.84
557,0.23663,0.31352,0.089393,0.76474,0,341.85
558,0.1,0.62482,0.36674,9.2979e-08,0,344.43
559,0.23903,0.85979,2.5413e-07,0.56516,0,326.28
560,0.10881,0.25489,1,4.8285e-07,0,343.48
561,0.39431,0.65719,1,5.8627e-08,0,292.82
562,0.75917,0.3369,1,8.0549e-09,0,245.67
563,0.34482,0.59844,0.99993,0.19769,0,321
564,0.23651,0.47169,0.1339,2.0935e-06,0,336.19
565,0.53942,0.13539,1,4.089e-08,0,317.84
566,0.83114,0.67326,0.53245,0.12675,0,232.53
567,0.72166,0.14957,0.99999,0.044133,0,298.67
568,0.32562,0.34973,0.59053,2.2818e-06,0,329.01
569,0.29009,0.47606,0.93486,9.3087e-08,0,325.82
570,0.51472,0.36014,0.27415,1.9064e-08,0,300.42
571,0.3241,0.63879,0.46042,1.7776e-08,0,304.83
572,0.60946,0.012208,0.76005,7.2032e-06,0,345.96
573,0.46423,0.9998,0.55001,5.629e-06,0,265.77
574,0.43163,0.49496,1,5.8374e-08,0,294.21
575,0.29033,1,1,0.42254,0,319.01
576,0.13249,0.40761,0.36583,0.079759,0,344.16
577,0.49002,0.31994,1,0.26055,0,315.1
578,0.40067,0.57236,0.40024,6.0732e-06,0,310.91
579,0.12339,1,1,0.48078,0,339.7
580,0.25966,0.40025,1,6.6787e-07,0,324.75
581,1.2027,0.94963,0.65273,0.098369,0,202.14
582,0.1007,0.28769,0.35413,0.99715,0,346.17
583,0.24714,0.88156,0.97696,0.4152,0,321.37
584,0.80583,0.43012,0.37711,1.6174e-07,0,266.97
585,0.2952,0.31299,1,2.9787e-08,0,323.44
586,0.159,0.92967,9.4587e-06,0.84554,0,339.01
587,0.52116,0.18065,1,8.3831e-08,0,299.57
588,0.3904,0.48643,1,5.021e-08,0,303.57
589,0.5795,0.24048,1,1.1024e-07,0,300.42
590,0.63416,0.56676,0.87068,3.4569e-09,0,244.2
591,0.2548,0.54985,1,4.0906e-07,0,321.88
592,0.29312,0.60243,0.88343,0.33903,0,326.47
593,0.71197,1,1,0.67994,0,264.69
594,1.0657,0.47272,1,2.7995e-08,0,200.6
595,0.13149,1,1,1.4651e-08,0,334.9
596,0.30441,0.35546,0.99997,0.048329,0,324.04
597,0.36134,0.14747,1,7.6583e-08,0,332.63
598,0.48289,0.48154,0.24831,7.0751e-08,0,310.96
599,0.12286,0.45855,1,2.0233e-07,0,341.75
600,0.73987,0.3235,1,1.6903e-08,0,241.21
601,0.19638,1,1,6.9422e-08,0,322.64
602,0.35456,0.8954,0.70329,0.19753,0,303.19
603,0.1,0.81573,0.71129,1,0,345.85
604,0.2637,0.55497,1,4.4745e-08,0,321.63
605,0.46906,0.27585,1,0.0050507,0,296.22
606,0.58609,0.36806,0.40611,9.155e-08,0,308.28
607,0.24948,0.9411,0.94011,7.2607e-08,0,316.95
608,0.47109,0.66675,0.485,5.3024e-07,0,297.91
609,0.78954,0.8722,0.76062,0.47774,0,262.24
610,0.45274,0.18131,1,2.033e-07,0,321.83
611,1.1818,0.22868,0.65074,0.35554,0,253.31
612,0.29157,0.44073,0.99999,0.45915,0,330.02
613,0.39986,0.29709,0.90589,0.65941,0,333.84
614,0.62896,0.38453,0.84723,4.2839e-05,0,274.77
615,1.8983,0.0018925,0.4563,0.00039248,0,345.96
616,0.1,0.57158,1,0.14617,0,344.65
617,1.1863,0.60076,0.81558,6.7184e-08,0,208.01
618,0.10991,0.99838,0.93496,0.98856,0,343.57
619,0.32382,0.37945,0.73921,0.11642,0,327.34
620,0.35617,0.61238,1,1.8114e-08,0,294.18
621,0.11585,0.17678,1,7.657e-08,0,344.5
622,0.61835,0.53589,0.71919,1.6999e-08,0,257.5
623,0.27801,0.35108,1,0.46515,0,334.79
624,0.15261,0.77231,1,8.7495e-08,0,332.6
625,0.37565,1,0.96787,0.29905,0,280.42
626,0.17745,0.15984,0.48855,1.3753e-06,0,344.19
627,0.86743,0.88442,0.10688,0.9586,0,295.63
628,0.67754,0.31725,0.74193,1.9724e-08,0,268.23
629,0.1702,1,0.99714,6.4737e-05,0,323.78
630,0.67579,0.88706,0.94629,0.23136,0,242.11
631,0.36244,0.81425,0.40846,1.7866e-08,0,295.06
632,0.1,0.58967,0.99998,0.73696,0,344.64
633,0.70734,0.32869,1,1.9864e-08,0,261.1
634,0.49131,1,0.27832,0.49924,0,296.79
635,0.3626,0.22927,1,1.913e-07,0,325.83
636,0.73043,0.59582,0.18428,2.4574e-08,0,228.77
637,0.20781,0.16133,1,4.0706e-07,0,343.08
638,1.0078,0.83345,0.93582,0.54111,0,249.59
639,0.13899,0.30664,0.26833,2.4919e-06,0,344.28
640,0.10605,1,0.99999,0.016103,0,337.24
641,0.5847,0.5806,1,1.2876e-07,0,242.41
642,0.62426,0.31091,0.39584,1.7368e-07,0,301.62
643,0.61504,0.98561,1.4938e-06,0.7436,0,274.54
644,0.17667,1,0.49151,4.2003e-08,0,330.21
645,0.36893,0.92257,0.015957,0.81942,0,313.31
646,0.1,0.74992,1,0.6176,0,345.66
647,1.3881,0.40725,0.30505,0.40302,0,272.39
648,0.41266,0.78312,0.58409,3.4715e-08,0,280.6
649,0.33289,0.32901,1,0.56695,0,331.59
650,1.0581,0.34694,0.99575,0.40608,0,237.83
651,0.27305,0.7241,1,0.67185,0,332.62
652,1.0498,0.27709,1,0.57338,0,258.38
653,0.10539,1,0.81308,0.22418,0,341.18
654,0.92685,0.45943,1,3.2201e-08,0,215.91
655,0.3406,0.82689,0.72466,7.7662e-08,0,313.15
656,0.33012,0.19106,1,1.274e-05,0,326.6
657,0.32859,0.43868,1,2.9196e-08,0,319.05
658,0.27471,0.72824,0.82251,6.0762e-07,0,321.17
659,0.29423,0.33139,1,0.31225,0,332.81
660,0.30193,0.048661,0.99999,5.4202e-06,0,345.3
661,0.43997,0.19034,1,2.5792e-07,0,323.17
662,0.86152,0.23372,0.30964,1,0,315.05
663,0.297,0.90093,0.58705,2.3532e-07,0,306.98
664,1.062,0.42991,0.85094,0.53522,0,245.41
665,0.29977,0.5437,0.127,8.6617e-08,0,327.03
666,0.47037,0.59015,0.65221,0.21445,0,310.62
667,0.39273,0.49681,0.83137,1.1312e-07,0,310.61
668,1.899,0.00043326,0.99998,1.684e-05,0,346.51
669,0.20759,0.22814,0.83346,1.8731e-06,0,341.58
670,0.6913,0.32354,0.69421,2.9805e-07,0,264.27
671,0.63644,0.67279,1,1.4171e-08,0,217.11
672,0.26257,0.6954,0.99999,0.6822,0,332.68
673,0.1,0.70208,0.23686,1,0,345.38
674,0.1,0.13744,1.8986e-07,2.2607e-06,0,346.49
675,0.69843,0.84665,0.50646,2.2851e-08,0,232.69
676,0.66136,0.21205,1,0.15037,0,297.34
677,0.80581,0.42305,0.085462,0.22115,0,264.58
678,1.0192,0.23122,1,4.1151e-08,0,260.16
679,0.35635,0.29717,1,2.227e-08,0,314.66
680,0.85502,0.61889,1,1.1153e-09,0,185.52
681,0.55157,0.63192,0.23753,2.7627e-08,0,265.96
682,0.51625,0.74305,1,2.6124e-08,0,250.19
683,0.3612,0.82151,0.79379,0.67064,0,315.04
684,0.43437,0.62689,1,1.3688e-08,0,271.13
685,0.99431,0.57505,0.61272,0.45385,0,258.05
686,0.65038,0.74683,0.8968,5.083e-08,0,240.6
687,0.44769,0.46517,0.6205,7.0667e-08,0,300.61
688,0.35865,0.56897,0.39629,0.5687,0,325.73
689,0.20848,0.57586,0.85216,1.6193e-05,0,334.3
690,0.21991,0.74249,1,6.7417e-08,0,324.6
691,0.66428,0.34922,0.94902,6.2177e-08,0,266.22
692,0.17986,0.36032,6.6269e-08,1.6505e-07,0,341.98
693,0.3635,0.48239,0.51605,2.2582e-05,0,310.49
694,0.25104,0.55321,1,8.1466e-08,0,321.98
695,0.94158,0.53738,0.4936,0.037197,0,227.73
696,0.72522,0.31544,1,2.879e-08,0,266.91
697,0.41224,0.34833,0.99995,0.39054,0,320.43
698,0.53109,0.2804,0.99485,1.0086e-08,0,300.59
699,0.78997,0.30708,1,0.17276,0,232.42
700,0.52101,0.46071,1,2.1992e-08,0,278.04
701,0.23321,0.7602,0.99998,0.9387,0,336.15
702,0.23318,0.91826,0.16159,0.67891,0,329.36
703,0.10531,0.61707,0.99995,0.00012076,0,341.74
704,0.95826,0.68873,0.6467,0.3456,0,260.89
705,0.27851,0.50379,1,0.20833,0,320.96
706,0.48614,0.47088,1,8.4482e-08,0,287.55
707,0.2446,0.55503,1,2.0438e-07,0,325.08
708,1.2488,0.41795,3.2051e-05,0.84123,0,272.84
709,0.15922,0.64685,1,1.3592e-09,0,332.11
710,0.32506,0.25341,1,5.7419e-07,0,331.83
711,0.18247,0.74626,1,5.1154e-09,0,325.69
712,0.29613,0.42531,0.45844,0.99998,0,334.06
713,0.48575,0.1661,1,1.624e-07,0,327.47
714,0.54214,0.57842,1,3.9459e-08,0,257.09
715,0.48823,0.71285,7.3031e-07,0.81781,0,311.78
716,0.83228,0.41892,0.33786,2.3142e-07,0,275.92
717,0.21851,1,1,0.80076,0,333.66
718,0.20962,1,0.89482,0.23114,0,324.99
719,0.4936,0.56667,0.86487,1.3821e-08,0,279.79
720,0.76804,0.48996,0.48256,0.078377,0,265.55
721,0.7569,0.32712,1,2.3231e-08,0,238.78
722,0.46955,0.31767,1,4.6865e-08,0,303.94
723,0.18846,0.68699,0.73914,1,0,337.79
724,0.1,0.48342,1.0614e-05,1.8769e-05,0,344.88
725,0.46378,0.36494,1,0.27807,0,309.73
726,0.47851,0.26481,0.97571,0.6191,0,321.05
727,0.49852,0.99089,0.69866,0.82165,0,302.33
728,0.44655,0.93673,0.46182,0.7731,0,299.69
729,0.50927,1,1,1.4716e-08,0,229.7
730,0.58219,0.63361,1,2.3436e-08,0,265.54
731,0.49331,0.59032,0.99981,0.55612,0,308
732,0.81354,0.71865,0.5193,2.4231e-08,0,218.94
733,0.56918,0.2599,1,1.9468e-07,0,273.94
734,0.84457,0.69056,0.64215,4.7186e-08,0,232.05
735,0.21962,1,4.5616e-08,1.7457e-08,0,314.74
736,0.24024,0.97869,0.87328,4.5517e-07,0,318.73
737,1.8999,0.0014876,0.99999,0.0052434,0,346.24
738,0.15903,0.4237,1,0.10411,0,340.31
739,0.19476,0.59617,1,6.9261e-08,0,330.49
740,0.22035,0.20697,1,5.116e-08,0,341.59
741,0.12702,1,1,0.40005,0,340.05
742,0.43687,0.57276,0.5649,9.1544e-08,0,305.43
743,0.19949,1,6.7538e-06,0.45753,0,331.8
744,0.25939,0.26587,1,1.1547e-08,0,331.62
745,0.64242,0.068795,0.99999,0.36141,0,337.8
746,0.74189,0.63564,0.43637,7.4469e-07,0,265.97
747,1.1138,0.89829,0.51877,0.38063,0,227.83
748,0.49898,0.36738,0.20554,0.44703,0,324.26
749,0.78497,0.34376,0.99999,0.0069321,0,249.32
750,0.18721,0.75708,9.1097e-07,0.5032,0,337.93
751,0.1,1,0.91451,0.39537,0,344.26
752,0.99582,0.25331,1,1.6203e-08,0,252.13
753,0.67243,0.44928,1,4.266e-08,0,259.28
754,0.23558,0.5171,1,8.9763e-10,0,318.2
755,0.38329,0.66148,1,5.6517e-08,0,276.55
756,0.19836,0.95093,0.52451,0.19146,0,329.94
757,0.51947,0.97694,1,0.63911,0,294.31
758,0.7553,0.23546,0.99058,0.18873,0,277.98
759,0.69369,0.41078,0.74426,1.2696e-05,0,285.01
760,0.26372,0.31172,0.53602,0.36912,0,336.63
761,0.56107,0.32775,1,1.7371e-08,0,288.43
762,1.3566,0.2443,1,1.3918e-08,0,219.41
763,0.73829,0.40637,0.63245,1.0669e-07,0,261.74
764,0.50331,0.67025,0.76808,5.2626e-08,0,287.4
765,0.61031,1,0.7599,0.26802,0,267.76
766,0.63303,0.72883,1,2.0073e-08,0,231.06
767,0.65496,0.63714,0.58668,0.0076773,0,264.35
768,0.80038,0.61453,0.41088,1.5031e-08,0,244.32
769,1.5098,0.090989,8.6887e-07,0.87927,0,305.91
770,0.63294,0.44943,0.73807,0.42019,0,287.89
771,0.3281,0.34942,0.82595,0.27816,0,331.55
772,0.68755,0.50483,1,4.0538e-08,0,277.19
773,0.28477,0.64197,0.78733,3.9437e-08,0,319.27
774,0.28085,1,0.53069,0.48537,0,318.61
775,0.18181,0.28223,0.97481,0.19516,0,340.41
776,0.46639,0.4519,0.99998,0.47402,0,310.87
777,0.50411,0.38775,1,5.7722e-08,0,281.4
778,0.28872,0.42142,1,9.5465e-08,0,317.84
779,1.2253,0.02136,0.58366,0.9486,0,340.75
780,0.70392,0.85188,5.2761e-08,0.75765,0,291.6
781,0.1,0.63496,1.5898e-07,4.4086e-07,0,345.26
782,0.90921,0.46204,0.27507,2.334e-08,0,247.68
783,0.15398,1,1.3004e-05,6.3371e-07,0,330.12
784,0.73134,0.37309,0.50502,4.8871e-08,0,255.71
785,0.30222,0.6613,0.78395,3.5398e-07,0,314.4
786,0.90676,0.59167,0.60794,0.052717,0,212.1
787,0.22898,0.61957,1,8.8856e-08,0,324.22
788,0.1977,0.40947,0.40424,9.7142e-07,0,338.11
789,0.41596,0.32207,1,4.6802e-08,0,298.76
790,0.29633,0.59988,1,8.1678e-08,0,311.18
791,0.58975,0.37029,1,2.6973e-08,0,262.71
792,0.19376,1,0.7017,1,0,334.41
793,0.39627,0.47151,6.3455e-07,0.80731,0,328.69
794,0.32224,0.89734,6.6881e-06,0.50812,0,317.86
795,0.60521,0.5402,1,3.084e-08,0,259.67
796,0.31117,0.62583,0.67374,3.7829e-06,0,326.01
797,0.16848,0.69083,0.99992,0.93995,0,339.53
798,0.85229,0.69539,0.64953,1.1588e-07,0,239.07
799,0.58353,0.27219,0.59374,6.607e-07,0,301.93
800,0.1,0.37222,0.15833,1,0,348.17
801,0.1,0.38538,0.29249,8.5626e-07,0,344.12
802,0.3399,0.66026,0.65388,9.4993e-07,0,313.72
803,1.0903,0.2128,0.86538,1.4873e-07,0,275.83
804,0.63433,0.24931,1,7.7193e-08,0,279.9
805,0.65948,0.85701,0.92386,0.21764,0,257.47
806,0.61086,0.47849,0.60508,2.3112e-08,0,261.13
807,0.32675,0.45312,0.86286,0.83903,0,331.11
808,0.4471,0.31204,0.99997,0.52111,0,327.36
809,0.62734,0.48021,1,2.2236e-08,0,242.41
810,0.34127,1,1,0.46014,0,298.02
811,0.90416,0.59842,1,9.464e-08,0,207.92
812,0.63749,0.2373,1,0.42237,0,304.15
813,0.29621,0.47399,1,4.2845e-07,0,322.54
814,0.43901,0.67469,0.90148,2.7928e-08,0,284.88
815,0.15301,0.74324,1,0.34562,0,338.78
816,0.1,0.7693,1,3.2426e-08,0,342
817,0.58444,0.58604,0.85267,0.39073,0,304.71
818,0.2869,0.077859,1,3.0672e-06,0,341.13
819,0.40413,0.53254,1,2.3788e-07,0,300.88
820,0.1911,0.89158,0.83257,0.0088138,0,329.26
821,0.19591,0.33879,1,1.3779e-05,0,336.41
822,0.42347,0.38587,1,9.6658e-07,0,307.59
823,0.79008,0.92025,0.92583,0.66502,0,267.74
824,0.66014,0.39709,1,4.8418e-08,0,259.33
825,0.67837,1,1,0.8902,0,290.97
826,0.15194,0.38691,0.90858,4.9589e-06,0,340.33
827,0.48703,0.66246,0.44614,8.0352e-07,0,300.8
828,0.24004,0.49068,1,5.8047e-10,0,314.34
829,0.15188,1.9965e-08,0.34584,0.58135,0,346.57
830,0.52613,0.25898,1,3.242e-08,0,302.15
831,0.17797,0.14411,0.51923,0.87871,0,345.34
832,0.34302,0.48682,0.61607,9.9794e-08,0,324.28
833,0.6013,0.63348,0.51396,4.2747e-08,0,267.06
834,0.42979,0.82441,0.30063,0.99987,0,312.06
835,0.29288,0.5986,0.99988,4.3981e-06,0,319.69
836,0.38618,0.2183,0.30085,0.94062,0,337.04
837,0.6656,0.29204,1,9.5054e-09,0,230.85
838,0.39562,0.038111,0.91259,0.95679,0,345.86
839,0.41342,0.45463,0.2649,0.32189,0,319.74
840,0.5063,0.69444,0.23731,0.70675,0,322.81
841,0.20887,0.48558,0.82147,0.3568,0,336.95
842,0.3816,0.51933,0.99998,5.5635e-06,0,305.77
843,1.0245,0.14621,1,2.6168e-07,0,223.19
844,0.21607,0.25256,0.29184,3.2736e-05,0,341.1
845,0.27958,0.58888,1,1.7315e-08,0,313.29
846,0.60318,0.55675,1,3.1849e-08,0,251
847,0.13598,0.78467,0.93661,9.057e-06,0,335.16
848,0.6806,0.29744,0.99999,0.48297,0,294.25
849,0.68441,0.25817,1,1.3513e-07,0,254.24
850,0.23947,0.31792,1,0.45842,0,338.26
851,0.44738,0.59398,0.40442,0.51007,0,317.11
852,0.24299,0.39957,0.1118,7.686e-06,0,339.3
853,0.40627,0.22896,1,7.9787e-08,0,311.05
854,0.98994,0.57171,0.582,0.28534,0,257.51
855,0.14771,0.44079,1,3.4577e-06,0,340.57
856,0.71415,0.36489,0.9265,0.23214,0,271.14
857,0.16155,0.24568,1,4.7497e-07,0,342.35
858,0.338,0.45097,0.0022669,0.95489,0,333.2
859,0.43732,0.43609,1,4.6678e-08,0,289.89
860,0.18029,0.24412,1,3.4908e-08,0,338.8
861,0.23825,0.21468,0.9394,1.4924e-06,0,338.68
862,0.5731,0.77241,0.58419,3.2582e-05,0,265.22
863,0.23732,0.55337,0.22985,2.3935e-07,0,332.33
864,0.44912,0.63109,0.83848,1.0677e-07,0,293.74
865,0.31453,1,0.76142,7.2778e-08,0,292.54
866,0.13736,1.0024e-06,0.48244,0.58311,0,346.57
867,0.1698,1,0.59745,0.55013,0,334.4
868,0.1792,0.74521,1,0.010954,0,328.52
869,0.4775,0.18213,1,0.14525,0,320.36
870,0.42069,0.53053,1,5.4475e-08,0,289.99
871,0.37804,0.19307,1,0.72098,0,336.49
872,0.18783,0.38898,0.92971,0.5148,0,341.68
873,1.2985,0.3056,0.91582,1.3386e-08,0,218.74
874,0.29921,0.68572,0.83209,0.63096,0,327.73
875,0.23683,0.37105,0.78463,1.6646e-06,0,334.9
876,0.26568,0.59598,1,0.46296,0,332.97
877,0.10167,0.75448,0.47968,1,0,344.11
878,0.24858,0.37744,1,0.36354,0,333.64
879,0.21918,3.4051e-07,0.55489,0.41966,0,346.57
880,0.11343,0.70325,1,1.4869e-06,0,339.33
881,0.7148,0.61901,1,1.7366e-06,0,232.32
882,0.46494,0.78917,1,0.82122,0,301.74
883,0.22409,1,0.83675,6.0346e-08,0,310.12
884,0.61642,0.98876,0.43121,0.62687,0,290.6
885,0.52351,0.21056,1,3.3876e-08,0,302.98
886,0.61564,0.52462,0.69684,0.38448,0,298.33
887,0.15745,0.61065,1,1.2675e-05,0,339
888,0.61285,0.35654,0.57246,1,0,317.5
889,0.29528,0.26985,0.65077,1,0,336.14
890,0.43374,0.2729,1,3.534e-07,0,308.49
891,0.49833,0.55309,0.94568,1.6442e-08,0,281.42
892,0.11713,0.775,0.39574,0.47466,0,344.05
893,0.20383,0.48935,1,0.89574,0,339.82
894,0.64482,0.27843,1,2.1636e-08,0,276.14
895,0.7853,0.79498,0.39805,0.033444,0,229.19
896,0.41254,0.93649,0.91485,2.8176e-08,0,279.96
897,0.391,0.50809,0.67038,8.0255e-08,0,311.78
898,0.48295,0.16967,0.75619,1.1077e-07,0,329.07
899,0.47747,0.43085,0.84553,0.134,0,289.05
900,0.64854,0.33125,0.99999,0.67313,0,313.73
901,0.10008,0.27334,0.28426,0.99929,0,346.75
902,0.98303,0.17567,1,4.7347e-08,0,233.81
903,1.1943,0.22898,0.95093,0.29153,0,250.51
904,0.41588,0.40818,1,1.2361e-08,0,273.41
905,0.39059,0.35903,0.9128,4.8963e-06,0,319
906,0.23089,0.53411,1,5.4962e-08,0,324.72
907,1.0199,0.50584,0.26829,0.56217,0,276.83
908,0.9166,0.27752,6.5354e-07,0.74674,0,302.32
909,0.51682,0.35052,1,1.5495e-08,0,293.81
910,0.21247,0.62062,0.9966,9.507e-08,0,326.36
911,0.27428,0.80355,1,0.30917,0,321.65
912,0.1,1,0.76154,0.21009,0,343.31
913,0.43658,0.3731,0.59851,1,0,330.95
914,0.78884,0.21895,0.34785,3.8798e-08,0,286.57
915,0.10028,0.99999,1.1235e-05,0.66608,0,343.48
916,0.25584,0.5668,1,1.8197e-07,0,322.41
917,1.1128,0.78209,0.6113,0.34509,0,220.25
918,0.1,0.071424,1,1.0155e-07,0,346.92
919,0.11584,0.44141,1,5.4265e-06,0,341.59
920,0.46164,0.67406,0.5693,0.57728,0,312.85
921,0.19957,1,1,7.1534e-08,0,320.52
922,0.38802,0.73647,0.7384,1.3234e-08,0,289.92
923,0.10965,1,0.47786,1.9886e-08,0,340.03
924,0.31745,0.35624,1,1.0565e-07,0,318.55
925,0.17322,0.46838,1,0.25406,0,340.88
926,0.31087,0.70355,0.40867,2.4122e-07,0,314.32
927,1.156,0.28285,1,1.3756e-09,0,218.64
928,0.55516,0.91923,0.42905,0.72828,0,301.93
929,0.4283,0.41415,1,0.37273,0,317.2
930,0.26775,0.45785,0.99999,0.35146,0,328.87
931,0.37092,0.26386,1,1.6496e-08,0,311.22
932,1.2261,0.22712,0.29698,1,0,289.95
933,0.52518,0.76246,0.58974,0.01153,0,292.44
934,0.58384,0.45566,0.98221,6.9376e-08,0,252.58
935,0.60461,0.42541,1,1.6278e-08,0,257.71
936,0.94779,0.67109,0.39782,1,0,276.8
937,0.74415,0.36563,1,1.4627e-08,0,240.46
938,0.90348,0.17724,0.96968,1.0092e-06,0,258.76
939,0.28731,0.48242,1,2.6111e-08,0,318.12
940,0.58965,0.47956,6.8657e-08,7.8651e-08,0,267.7
941,1.0298,0.73587,0.36785,3.7207e-08,0,216.8
942,0.22611,0.9,1.6509e-07,0.50194,0,333.41
943,0.31382,0.64773,0.99999,0.66517,0,322.34
944,0.1,1,0.99999,0.68823,0,343.85
945,0.36431,0.36941,1,8.1194e-08,0,323.28
946,0.27065,0.72363,0.97281,0.17853,0,317.3
947,0.14076,0.20824,0.44618,0.95102,0,345.53
948,0.22954,0.52805,0.4415,0.054692,0,336.44
949,0.10137,0.71724,0.17788,0.99868,0,344.51
950,0.69819,0.88872,0.664,1,0,284.6
951,0.31299,0.59229,0.60145,0.0070697,0,314.2
952,0.23592,0.39679,1,9.4182e-08,0,331.16
953,0.68521,0.40736,1.6494e-07,1.5109e-08,0,238.94
954,0.22104,1,1.7333e-06,0.90548,0,330.67
955,0.99051,0.49936,0.27338,0.5647,0,277.86
956,0.7979,0.31732,0.48484,0.53003,0,289.66
957,0.98217,0.65403,0.39192,0.50968,0,259.41
958,0.62683,0.30857,1,0.43364,0,288.67
959,0.13848,1.0018e-06,0.47101,0.60092,0,346.57
960,0.57626,0.24586,0.62599,4.9751e-06,0,300.38
961,0.75292,0.6178,1,8.3236e-10,0,231.39
962,0.26339,0.76518,0.53109,1,0,330.78
963,0.51456,0.26432,1,9.1675e-08,0,291.87
964,0.90989,0.54911,3.4879e-08,0.39328,0,262.54
965,0.2986,0.37728,0.64537,1.235e-06,0,330.3
966,0.53899,0.27364,1,1.4787e-06,0,289.51
967,0.53928,0.79589,0.66949,2.6704e-06,0,279.34
968,0.16893,1,0.43351,6.6852e-08,0,332.06
969,0.3521,0.51156,0.88252,0.58028,0,330.97
970,0.42204,0.61546,0.99995,0.8188,0,319.29
971,1.1125,0.70359,0.35326,1.0567e-07,0,206.82
972,0.38907,0.9959,0.50204,0.55665,0,299.85
973,0.31992,0.48559,1,0.45998,0,325.47
974,0.1,0.77988,0.52718,7.2912e-08,0,342.86
975,0.64992,0.29775,1,1.6217e-08,0,263.13
976,0.58518,0.29943,1,4.4603e-08,0,295.68
977,0.28066,0.57476,0.51604,0.05365,0,322.52
978,0.41167,0.73982,0.71369,1.5578e-08,0,280.84
979,0.20741,0.54125,0.0020708,0.86641,0,340.86
980,0.75064,0.76417,0.35627,0.77603,0,282.41
981,0.27353,0.29889,1,2.6308e-07,0,324.21
982,0.34794,0.8381,7.7514e-07,0.83702,0,325.18
983,0.32479,0.77749,0.98606,0.33213,0,313.42
984,0.20476,0.71927,0.75687,0.40986,0,334.25
985,0.1,0.49837,0.72963,4.8832e-07,0,346.53
986,0.35791,0.39375,1,1.1236e-09,0,310.12
987,0.34396,0.37964,0.64861,2.2561e-07,0,328.04
988,0.23639,0.30265,1,5.6119e-08,0,333.03
989,0.17122,0.98855,0.24802,0.95955,0,337.68
990,0.57346,0.26388,1,6.5726e-08,0,274.76
991,0.61946,0.70595,1,0.2472,0,260.98
992,0.22303,0.76902,0.99998,0.57866,0,334.6
993,0.33954,0.45647,1,0.58614,0,330.59
994,1.1944,0.7593,0.37288,0.28252,0,220.36
995,0.41563,0.82598,0.83784,0.54736,0,310.51
996,0.91807,0.43055,0.70523,2.7536e-08,0,237.59
997,0.42038,0.67743,0.62961,0.65225,0,315.61
998,0.90199,0.30145,1,5.8077e-09,0,240.04
999,0.2611,0.44587,0.42912,1.8265e-06,0,333.64
1000,1.1395,0.45367,0.43642,0.62941,0,265.33
