sub_id,c1,s2,c2,re,trial_n
1,1,2,2,5,1
1,1,2,2,5,2
1,1,2,1,-1,3
1,1,3,1,4,4
1,2,3,2,4,5
1,2,3,2,4,6
1,2,2,2,5,7
1,1,2,2,-1,8
1,2,2,1,5,9
1,2,2,2,5,10
1,1,2,2,-1,11
1,1,3,2,-3,12
1,2,3,2,2,13
1,1,2,1,-3,14
1,2,3,2,4,15
1,2,2,1,3,16
1,2,2,1,5,17
1,2,3,2,1,18
1,2,2,2,2,19
1,2,3,2,3,20
1,1,2,2,-1,21
1,1,2,1,3,22
1,2,3,2,2,23
1,2,3,2,5,24
1,2,3,1,-1,25
1,2,3,1,-2,26
1,2,3,2,2,27
1,2,2,2,2,28
1,2,3,2,-1,29
1,2,3,1,1,30
1,2,3,2,1,31
1,1,3,1,-1,32
1,2,3,2,0,33
1,1,2,2,1,34
1,1,2,2,3,35
1,1,3,2,-4,36
1,1,2,1,3,37
1,1,3,1,3,38
1,1,2,2,1,39
1,2,3,2,3,40
1,1,2,2,-4,41
1,1,2,2,-3,42
1,2,3,2,4,43
1,2,2,1,-1,44
1,1,3,1,3,45
1,2,2,2,0,46
1,1,3,2,-3,47
1,1,2,1,-1,48
1,2,3,2,-1,49
1,2,2,1,-3,50
1,2,2,1,-4,51
1,1,2,1,-5,52
1,1,2,2,-5,53
1,1,2,2,-4,54
1,2,3,2,0,55
1,1,3,1,2,56
1,1,2,2,-5,57
1,1,2,1,0,58
1,1,2,2,-3,59
1,1,2,1,3,60
1,2,3,1,-3,61
1,2,3,2,1,62
1,1,3,2,-3,63
1,2,3,2,2,64
1,2,2,1,-1,65
1,1,3,2,-5,66
1,1,3,2,-1,67
1,1,2,1,1,68
1,2,2,2,1,69
1,2,3,2,-4,70
1,2,3,2,-2,71
1,1,2,2,4,72
1,2,3,2,0,73
1,1,2,1,-1,74
1,1,2,2,1,75
1,1,2,1,0,76
1,2,3,1,2,77
1,1,2,2,0,78
1,2,3,2,-1,79
1,2,3,2,2,80
1,2,3,2,1,81
1,2,3,2,2,82
1,2,3,2,1,83
1,1,2,1,1,84
1,2,3,1,1,85
1,1,2,1,-2,86
1,1,2,1,0,87
1,1,2,1,-3,88
1,2,3,1,1,89
1,1,2,2,1,90
1,1,2,2,1,91
1,1,2,1,-3,92
1,2,3,2,4,93
1,1,2,1,-5,94
1,1,2,1,-3,95
1,2,3,2,1,96
1,1,3,2,-2,97
1,2,3,2,5,98
1,2,3,2,5,99
1,2,3,2,3,100
1,1,3,2,0,101
1,1,2,2,-3,102
1,1,2,2,-3,103
1,2,3,2,-2,104
1,2,3,2,-1,105
1,2,3,1,-2,106
1,2,3,2,-5,107
1,2,2,2,-3,108
1,2,3,1,-4,109
1,2,3,2,-2,110
1,1,2,2,1,111
1,1,2,2,1,112
1,2,3,1,-3,113
1,2,3,1,-5,114
1,2,3,2,-4,115
1,2,3,2,-5,116
1,2,3,1,-5,117
1,2,2,2,-2,118
1,2,3,1,-1,119
1,2,3,2,-4,120
1,2,3,1,-2,121
1,1,2,2,-3,122
1,2,2,2,1,123
1,2,3,1,-2,124
1,1,2,2,-2,125
1,1,2,1,-3,126
1,2,2,2,4,127
1,1,2,1,-2,128
1,2,2,1,5,129
1,1,2,2,-1,130
1,2,3,1,-3,131
1,2,3,2,3,132
1,1,3,1,-5,133
1,2,3,1,-4,134
1,2,3,2,1,135
1,2,3,1,-2,136
1,1,3,1,2,137
1,1,2,2,-3,138
1,1,3,2,2,139
1,1,2,2,-4,140
1,1,3,1,1,141
1,1,2,2,-4,142
1,1,2,2,-1,143
1,1,2,2,-1,144
1,2,3,1,-2,145
1,2,3,1,-1,146
1,1,3,2,0,147
1,2,3,2,-3,148
1,1,2,1,1,149
1,1,2,2,2,150
1,1,2,2,0,151
1,1,2,2,0,152
1,2,3,1,0,153
1,2,3,2,5,154
1,1,2,1,5,155
1,2,3,1,0,156
1,2,3,1,-2,157
1,2,3,2,1,158
1,1,2,1,1,159
1,1,3,1,-4,160
1,2,3,1,2,161
1,1,2,1,-1,162
1,2,3,1,2,163
1,2,3,2,-2,164
1,1,2,2,-1,165
1,1,2,2,1,166
1,2,3,1,1,167
1,2,3,2,-2,168
1,2,2,2,2,169
1,1,2,2,-2,170
1,1,2,1,0,171
1,1,2,1,-4,172
1,2,2,2,-4,173
1,1,2,2,1,174
1,1,2,2,-3,175
1,1,3,1,-2,176
1,2,3,1,4,177
1,2,3,1,5,178
1,2,3,2,1,179
1,1,2,2,5,180
1,2,3,1,-1,181
1,1,2,2,5,182
1,2,2,2,-1,183
1,1,2,2,5,184
1,2,3,2,-2,185
1,1,2,2,5,186
1,1,2,2,4,187
1,1,2,2,4,188
1,1,3,1,3,189
1,1,2,2,4,190
1,1,2,2,3,191
1,1,2,2,1,192
1,2,3,1,-4,193
1,1,2,2,-5,194
1,1,2,1,5,195
1,2,2,1,5,196
1,2,3,1,-2,197
1,1,2,1,2,198
1,2,3,2,3,199
1,1,3,1,3,200
1,1,2,1,4,201
1,2,3,2,5,202
1,1,2,1,4,203
1,1,2,2,-3,204
1,1,3,2,-3,205
1,2,3,2,3,206
1,1,3,1,3,207
1,1,2,2,-3,208
1,2,3,2,-3,209
1,2,3,1,2,210
1,2,3,2,-1,211
1,2,3,2,1,212
1,2,3,2,3,213
1,1,2,1,2,214
1,1,3,2,-4,215
1,1,2,1,5,216
1,1,2,1,5,217
1,1,2,1,4,218
1,2,3,1,-3,219
1,1,2,1,3,220
1,1,2,1,3,221
1,2,3,2,-3,222
1,1,2,2,-2,223
1,1,2,1,4,224
1,1,3,2,4,225
1,1,2,1,3,226
1,2,3,2,-1,227
1,1,2,2,-4,228
1,1,2,1,2,229
1,1,2,2,-4,230
1,1,3,1,2,231
1,1,2,2,-3,232
1,1,2,2,-1,233
1,2,3,1,-3,234
1,2,3,1,-2,235
1,1,2,2,1,236
1,1,2,2,-2,237
1,1,2,2,-1,238
1,2,3,2,3,239
1,1,2,1,-4,240
1,1,2,2,-4,241
1,1,2,1,-3,242
1,1,2,2,-4,243
1,1,2,2,-2,244
1,1,2,2,1,245
1,2,2,2,5,246
1,1,3,1,-3,247
1,1,2,1,-4,248
1,2,3,2,4,249
1,2,3,2,4,250
2,2,3,1,4,1
2,2,3,2,4,2
2,2,3,1,2,3
2,2,3,2,3,4
2,2,3,2,4,5
2,2,2,1,4,6
2,2,3,2,3,7
2,2,3,2,4,8
2,2,2,2,3,9
2,1,2,2,0,10
2,2,3,2,3,11
2,2,3,2,3,12
2,2,3,2,2,13
2,2,3,1,-2,14
2,2,3,1,-1,15
2,2,3,1,0,16
2,2,3,2,1,17
2,1,2,2,0,18
2,1,3,2,-2,19
2,2,3,1,-1,20
2,1,2,2,-1,21
2,2,3,2,3,22
2,2,2,2,4,23
2,1,3,2,-2,24
2,2,3,2,3,25
2,2,3,2,3,26
2,2,3,2,2,27
2,2,2,2,2,28
2,2,2,2,0,29
2,2,3,2,0,30
2,1,3,1,1,31
2,2,3,2,1,32
2,2,2,2,2,33
2,2,3,2,-2,34
2,1,2,2,3,35
2,1,2,2,0,36
2,1,2,1,3,37
2,2,3,2,-3,38
2,2,3,1,-1,39
2,1,2,2,0,40
2,1,2,2,-4,41
2,2,3,1,0,42
2,2,3,2,4,43
2,1,2,1,-1,44
2,1,2,2,-4,45
2,2,3,2,1,46
2,2,3,2,2,47
2,2,3,2,-2,48
2,2,2,2,2,49
2,2,2,2,4,50
2,2,3,1,0,51
2,2,3,1,-2,52
2,2,3,1,-5,53
2,1,2,2,-4,54
2,2,3,2,0,55
2,2,3,2,1,56
2,2,3,2,4,57
2,2,3,2,1,58
2,2,2,2,4,59
2,2,3,2,4,60
2,2,3,2,1,61
2,2,3,2,1,62
2,2,3,2,4,63
2,2,2,2,2,64
2,2,2,2,1,65
2,2,3,2,-2,66
2,2,3,2,-3,67
2,2,3,1,-4,68
2,1,2,2,-2,69
2,1,2,2,2,70
2,1,3,1,-5,71
2,2,3,1,-4,72
2,1,2,2,5,73
2,1,2,2,4,74
2,1,2,2,1,75
2,1,2,2,2,76
2,1,2,1,0,77
2,1,2,2,0,78
2,1,2,2,-3,79
2,1,2,2,-2,80
2,1,2,2,0,81
2,2,3,1,5,82
2,1,2,2,1,83
2,1,2,2,1,84
2,1,3,2,2,85
2,1,2,2,1,86
2,1,3,1,-4,87
2,1,2,1,-3,88
2,1,2,2,3,89
2,1,2,2,1,90
2,1,2,2,1,91
2,1,2,2,0,92
2,2,2,1,0,93
2,2,3,1,1,94
2,2,3,1,-1,95
2,1,3,1,2,96
2,1,2,1,-3,97
2,2,2,2,5,98
2,2,3,1,-3,99
2,2,3,1,-3,100
2,1,2,2,-2,101
2,1,2,1,-1,102
2,2,2,2,0,103
2,2,3,1,-3,104
2,1,2,1,3,105
2,2,3,1,-2,106
2,2,3,1,-3,107
2,1,3,1,0,108
2,1,2,2,-1,109
2,1,3,1,1,110
2,1,2,2,1,111
2,1,3,1,0,112
2,1,2,1,-5,113
2,2,3,1,-5,114
2,2,3,1,-4,115
2,1,2,1,-5,116
2,2,2,2,-5,117
2,1,2,2,-1,118
2,1,2,2,1,119
2,1,2,2,-2,120
2,2,3,1,-2,121
2,1,3,1,-4,122
2,1,2,2,-4,123
2,1,2,1,-2,124
2,1,2,2,-2,125
2,1,2,1,-3,126
2,1,3,1,-4,127
2,2,3,1,-5,128
2,2,3,1,-5,129
2,2,3,1,-3,130
2,1,3,1,0,131
2,1,2,2,-1,132
2,1,2,2,-2,133
2,2,3,2,0,134
2,1,2,2,-4,135
2,1,2,2,0,136
2,1,2,2,-3,137
2,2,3,2,5,138
2,2,3,1,-3,139
2,1,2,2,-4,140
2,1,2,2,-4,141
2,2,3,2,-3,142
2,2,3,1,-1,143
2,2,3,2,-1,144
2,1,3,1,-2,145
2,1,2,2,-1,146
2,1,2,2,0,147
2,2,3,1,2,148
2,1,2,2,-2,149
2,1,2,2,2,150
2,2,3,1,5,151
2,1,2,2,0,152
2,2,3,1,0,153
2,1,2,2,0,154
2,1,2,2,1,155
2,1,2,2,3,156
2,2,3,1,-2,157
2,1,2,2,0,158
2,1,2,2,3,159
2,1,3,1,-4,160
2,2,3,1,2,161
2,1,2,2,1,162
2,2,2,2,5,163
2,1,3,1,-5,164
2,2,2,2,2,165
2,1,2,2,1,166
2,1,2,2,-2,167
2,2,2,2,2,168
2,1,2,2,-5,169
2,2,3,2,-3,170
2,2,2,2,-1,171
2,2,3,1,0,172
2,2,3,1,1,173
2,1,3,1,-2,174
2,2,3,1,5,175
2,2,3,1,4,176
2,2,3,1,4,177
2,2,3,1,5,178
2,2,2,2,-5,179
2,2,3,1,-2,180
2,2,3,1,-1,181
2,1,2,2,5,182
2,2,3,1,3,183
2,2,3,1,2,184
2,2,3,1,2,185
2,2,2,2,0,186
2,1,2,2,4,187
2,1,3,1,0,188
2,2,2,2,4,189
2,1,2,2,4,190
2,1,2,1,-4,191
2,2,3,2,2,192
2,2,3,2,2,193
2,2,3,2,1,194
2,2,3,2,3,195
2,2,2,2,-2,196
2,2,3,1,-2,197
2,2,3,2,5,198
2,2,2,2,-2,199
2,1,2,2,-3,200
2,2,3,2,5,201
2,2,3,2,5,202
2,2,3,2,5,203
2,2,2,2,-1,204
2,2,3,2,3,205
2,1,2,2,-2,206
2,2,2,2,2,207
2,1,2,2,-3,208
2,2,3,2,-3,209
2,2,3,1,2,210
2,2,3,2,-1,211
2,1,3,1,4,212
2,1,3,1,4,213
2,1,2,2,-2,214
2,2,3,2,1,215
2,2,3,1,1,216
2,2,2,2,-4,217
2,2,3,2,0,218
2,2,3,2,-1,219
2,1,3,1,2,220
2,1,2,2,-5,221
2,1,3,1,2,222
2,1,3,2,2,223
2,2,3,1,-4,224
2,1,2,2,-3,225
2,2,3,1,-3,226
2,2,2,2,0,227
2,2,2,2,-2,228
2,2,3,1,-1,229
2,1,2,2,-4,230
2,1,2,2,-4,231
2,2,3,1,-3,232
2,2,3,1,-3,233
2,2,3,1,-3,234
2,2,2,2,1,235
2,2,2,2,1,236
2,2,3,1,-4,237
2,2,3,1,-3,238
2,2,3,1,-3,239
2,1,2,2,-3,240
2,2,2,2,5,241
2,2,3,1,-2,242
2,1,2,2,-4,243
2,2,3,2,1,244
2,2,2,2,3,245
2,2,3,1,-2,246
2,1,2,2,0,247
2,2,3,1,-1,248
2,2,2,2,4,249
2,2,2,2,5,250
3,2,2,1,-4,1
3,1,2,1,-3,2
3,1,2,1,-1,3
3,2,3,1,3,4
3,2,2,1,2,5
3,2,3,2,4,6
3,2,2,2,5,7
3,1,2,2,-1,8
3,2,3,2,5,9
3,2,3,2,2,10
3,2,3,2,3,11
3,2,3,2,3,12
3,2,2,2,5,13
3,2,3,2,3,14
3,2,3,2,4,15
3,2,3,2,3,16
3,1,2,2,-1,17
3,2,2,2,1,18
3,2,3,2,4,19
3,2,3,2,3,20
3,2,3,2,4,21
3,2,2,1,1,22
3,2,3,2,2,23
3,2,3,2,5,24
3,2,3,2,3,25
3,2,3,2,3,26
3,2,3,2,2,27
3,2,3,2,0,28
3,1,3,2,5,29
3,2,3,1,1,30
3,1,2,2,1,31
3,1,2,2,0,32
3,2,3,1,1,33
3,2,2,2,0,34
3,2,3,1,0,35
3,2,3,2,-1,36
3,2,3,1,-3,37
3,1,2,2,2,38
3,1,2,2,1,39
3,1,2,2,0,40
3,2,2,2,3,41
3,2,3,1,0,42
3,1,2,2,-5,43
3,2,3,1,1,44
3,2,2,2,1,45
3,2,3,1,-2,46
3,1,2,2,-3,47
3,2,3,1,-4,48
3,2,3,1,-4,49
3,2,3,1,-4,50
3,2,3,1,0,51
3,1,2,2,-3,52
3,2,3,1,-5,53
3,1,2,2,-4,54
3,2,3,1,-2,55
3,2,3,1,-2,56
3,2,2,2,2,57
3,2,3,1,-1,58
3,2,2,2,4,59
3,2,3,1,-2,60
3,2,3,1,-3,61
3,1,3,1,3,62
3,2,2,2,1,63
3,2,2,2,2,64
3,2,2,2,1,65
3,2,3,1,-2,66
3,2,3,1,-4,67
3,1,2,2,0,68
3,1,2,2,-2,69
3,2,3,1,-2,70
3,2,3,1,-4,71
3,2,2,2,3,72
3,2,3,1,-2,73
3,2,3,1,-1,74
3,1,2,2,1,75
3,1,2,2,2,76
3,1,3,1,0,77
3,1,3,1,3,78
3,1,2,2,-3,79
3,1,2,2,-2,80
3,2,3,1,4,81
3,1,2,2,0,82
3,2,3,1,4,83
3,2,3,1,4,84
3,2,2,2,-5,85
3,2,3,1,-1,86
3,2,3,1,-3,87
3,2,2,2,-4,88
3,2,3,1,1,89
3,1,2,2,1,90
3,2,3,1,2,91
3,2,3,1,1,92
3,2,3,1,-1,93
3,2,3,1,1,94
3,2,3,1,-1,95
3,2,3,1,-3,96
3,2,3,1,-3,97
3,2,3,1,-5,98
3,2,3,1,-3,99
3,2,3,1,-3,100
3,1,2,2,-2,101
3,1,3,1,4,102
3,1,2,2,-3,103
3,2,3,1,-3,104
3,2,3,1,-4,105
3,2,3,1,-2,106
3,2,3,1,-3,107
3,2,3,1,-4,108
3,2,3,1,-4,109
3,2,3,1,-3,110
3,2,2,2,-3,111
3,2,3,1,-2,112
3,2,2,2,-5,113
3,2,3,1,-5,114
3,2,3,1,-4,115
3,2,3,1,-3,116
3,2,3,1,-5,117
3,1,2,2,-1,118
3,1,2,2,1,119
3,1,2,2,-2,120
3,1,2,2,-3,121
3,1,2,2,-3,122
3,2,3,1,0,123
3,2,3,1,-2,124
3,2,2,2,3,125
3,2,2,2,4,126
3,1,2,2,0,127
3,2,3,1,-5,128
3,2,2,2,-2,129
3,2,3,1,-3,130
3,2,3,1,-3,131
3,1,2,2,-1,132
3,2,2,2,3,133
3,2,3,1,-4,134
3,2,3,1,-4,135
3,2,3,1,-2,136
3,2,3,1,0,137
3,2,3,1,-2,138
3,2,3,1,-3,139
3,2,3,1,-3,140
3,1,2,2,-4,141
3,1,2,2,-4,142
3,2,3,1,-1,143
3,2,3,2,-1,144
3,2,3,1,-2,145
3,2,3,1,-1,146
3,2,3,1,1,147
3,2,3,1,2,148
3,2,3,1,4,149
3,2,3,1,3,150
3,2,3,1,5,151
3,2,3,1,2,152
3,2,3,1,0,153
3,2,3,1,0,154
3,2,2,2,-5,155
3,2,2,2,0,156
3,2,2,1,-3,157
3,2,3,1,-1,158
3,2,2,1,-4,159
3,2,3,1,4,160
3,2,2,1,-1,161
3,2,2,1,-2,162
3,2,3,1,2,163
3,2,3,1,0,164
3,2,2,2,2,165
3,2,3,1,2,166
3,2,3,1,1,167
3,2,3,1,1,168
3,2,3,1,0,169
3,2,3,1,4,170
3,2,3,1,4,171
3,2,3,1,0,172
3,2,3,1,1,173
3,2,3,1,3,174
3,2,3,1,5,175
3,2,3,1,4,176
3,2,3,1,4,177
3,2,3,1,5,178
3,2,2,1,3,179
3,2,3,1,-2,180
3,2,2,2,-2,181
3,2,3,1,0,182
3,2,3,1,3,183
3,2,3,1,2,184
3,2,3,1,2,185
3,2,3,1,4,186
3,2,3,1,2,187
3,2,3,1,2,188
3,2,3,1,-3,189
3,2,3,1,-2,190
3,2,2,2,4,191
3,2,2,2,1,192
3,2,3,1,-4,193
3,2,3,1,-4,194
3,2,3,1,-4,195
3,1,2,2,-3,196
3,2,3,1,-2,197
3,2,3,1,-4,198
3,1,2,2,-4,199
3,2,3,2,4,200
3,2,3,1,-4,201
3,2,3,1,-3,202
3,1,2,2,-2,203
3,2,3,1,-1,204
3,2,3,1,-4,205
3,2,2,2,2,206
3,2,3,2,0,207
3,2,3,1,1,208
3,2,3,1,2,209
3,2,3,1,2,210
3,2,2,2,-3,211
3,2,3,1,0,212
3,2,3,1,-2,213
3,2,3,1,-1,214
3,2,2,2,-3,215
3,2,2,2,-4,216
3,2,3,1,1,217
3,2,2,2,-3,218
3,2,3,1,-3,219
3,2,3,1,-3,220
3,2,3,1,-4,221
3,2,3,1,-5,222
3,2,3,1,-3,223
3,2,3,1,-4,224
3,2,3,1,-4,225
3,2,2,2,-3,226
3,1,2,2,-5,227
3,2,3,1,-1,228
3,2,3,1,-1,229
3,2,3,1,-5,230
3,2,3,1,-5,231
3,2,3,1,-3,232
3,2,3,1,-3,233
3,2,3,1,-3,234
3,2,3,1,-2,235
3,2,2,2,1,236
3,2,3,1,-4,237
3,2,3,1,-3,238
3,2,3,1,-3,239
3,2,3,1,-4,240
3,2,3,1,-4,241
3,2,3,2,3,242
3,2,3,1,-4,243
3,2,2,2,3,244
3,2,3,1,-2,245
3,2,3,1,-2,246
3,2,2,2,5,247
3,2,3,1,-1,248
3,2,3,1,-1,249
3,2,3,1,-4,250
4,1,2,2,5,1
4,1,2,1,-3,2
4,1,2,2,3,3
4,2,3,2,3,4
4,2,2,1,2,5
4,1,2,2,-1,6
4,1,2,2,0,7
4,2,3,2,4,8
4,1,2,2,2,9
4,2,2,2,5,10
4,2,3,2,3,11
4,2,3,1,-1,12
4,1,2,1,-4,13
4,2,3,2,3,14
4,2,2,2,3,15
4,2,3,1,0,16
4,2,3,2,1,17
4,2,2,2,1,18
4,1,2,2,1,19
4,2,3,2,3,20
4,1,3,2,-2,21
4,2,3,1,0,22
4,1,2,2,-2,23
4,2,3,1,-5,24
4,2,3,2,3,25
4,2,3,2,3,26
4,1,2,2,-4,27
4,2,3,2,0,28
4,2,2,2,0,29
4,2,3,2,0,30
4,2,3,1,1,31
4,2,3,1,1,32
4,2,3,1,1,33
4,2,2,2,0,34
4,2,3,1,0,35
4,1,2,2,0,36
4,2,3,2,-3,37
4,1,2,2,2,38
4,1,2,2,1,39
4,2,3,2,3,40
4,1,2,1,-2,41
4,2,3,2,2,42
4,1,3,2,-3,43
4,1,2,1,-1,44
4,2,3,2,4,45
4,1,2,1,-2,46
4,2,3,2,2,47
4,2,3,2,-2,48
4,2,2,2,2,49
4,2,3,2,-1,50
4,1,3,2,1,51
4,2,3,1,-2,52
4,1,2,2,-5,53
4,2,3,1,-3,54
4,1,2,1,-4,55
4,2,3,2,1,56
4,2,3,2,4,57
4,2,3,2,1,58
4,2,3,2,5,59
4,1,2,1,3,60
4,2,3,2,1,61
4,2,2,2,1,62
4,2,3,2,4,63
4,1,2,2,4,64
4,2,3,2,-2,65
4,2,3,2,-2,66
4,2,3,2,-3,67
4,2,3,1,-4,68
4,2,3,1,-4,69
4,1,2,2,2,70
4,1,2,2,3,71
4,1,2,2,4,72
4,2,3,1,-2,73
4,2,3,2,0,74
4,1,2,1,-1,75
4,1,3,2,2,76
4,2,3,1,2,77
4,1,2,2,0,78
4,1,2,2,-3,79
4,1,2,2,-2,80
4,1,2,1,0,81
4,1,2,2,0,82
4,1,2,2,1,83
4,2,3,1,4,84
4,1,2,2,1,85
4,2,3,2,5,86
4,2,3,2,4,87
4,2,3,2,4,88
4,2,3,2,5,89
4,2,3,2,1,90
4,1,2,2,1,91
4,1,2,2,0,92
4,2,3,2,4,93
4,1,2,2,0,94
4,2,3,2,3,95
4,2,3,2,1,96
4,2,2,2,3,97
4,2,2,2,5,98
4,2,3,2,5,99
4,2,2,2,5,100
4,1,3,2,0,101
4,2,3,2,4,102
4,2,3,2,0,103
4,2,2,2,2,104
4,2,2,2,2,105
4,2,2,2,-3,106
4,1,2,2,2,107
4,2,2,1,2,108
4,2,2,1,2,109
4,1,2,2,0,110
4,2,3,2,-2,111
4,2,3,2,0,112
4,1,2,1,-5,113
4,2,3,2,-3,114
4,1,2,2,-1,115
4,1,2,2,-3,116
4,2,2,2,-5,117
4,2,3,1,-3,118
4,2,2,1,-4,119
4,2,2,1,-2,120
4,2,3,1,-2,121
4,2,3,2,-3,122
4,2,3,2,-4,123
4,2,2,2,1,124
4,1,2,2,-2,125
4,1,3,1,-5,126
4,2,2,2,4,127
4,2,3,1,-5,128
4,1,3,1,-4,129
4,1,3,1,-1,130
4,2,3,1,-3,131
4,2,3,1,-3,132
4,2,3,2,4,133
4,2,3,2,0,134
4,2,2,2,3,135
4,1,3,1,2,136
4,1,2,2,-3,137
4,2,3,1,-2,138
4,2,3,2,1,139
4,1,2,2,-4,140
4,1,2,1,0,141
4,2,3,2,-3,142
4,2,3,1,-1,143
4,1,2,1,3,144
4,2,2,1,1,145
4,2,3,2,-4,146
4,2,3,2,-4,147
4,1,2,2,0,148
4,2,3,1,4,149
4,1,2,2,2,150
4,1,2,1,5,151
4,1,2,1,4,152
4,1,2,1,3,153
4,1,3,1,-1,154
4,2,3,1,1,155
4,1,3,1,0,156
4,1,2,1,3,157
4,2,3,2,1,158
4,1,2,1,1,159
4,1,2,1,-1,160
4,1,2,1,-1,161
4,2,3,1,2,162
4,2,3,1,2,163
4,2,3,1,0,164
4,2,3,1,1,165
4,2,3,1,2,166
4,2,2,1,-1,167
4,2,2,2,2,168
4,1,2,1,1,169
4,1,2,1,1,170
4,1,3,1,0,171
4,1,2,1,-4,172
4,1,2,2,1,173
4,1,3,1,-2,174
4,2,3,1,5,175
4,2,3,2,-2,176
4,1,2,2,-3,177
4,2,3,2,2,178
4,1,3,2,-1,179
4,2,2,1,3,180
4,2,2,2,-2,181
4,1,3,2,1,182
4,1,2,1,-2,183
4,2,2,2,-1,184
4,1,2,2,3,185
4,1,2,1,-2,186
4,1,3,2,-4,187
4,2,3,1,2,188
4,2,3,2,-2,189
4,1,2,2,4,190
4,1,3,2,-5,191
4,1,2,2,1,192
4,1,3,1,2,193
4,1,2,2,-5,194
4,2,3,1,-4,195
4,2,3,2,2,196
4,1,3,2,-1,197
4,2,3,1,-4,198
4,2,3,2,3,199
4,2,3,2,4,200
4,2,3,2,5,201
4,2,3,2,5,202
4,2,3,2,5,203
4,2,3,2,4,204
4,2,3,2,3,205
4,2,3,2,3,206
4,2,3,2,0,207
4,2,3,2,-2,208
4,2,3,2,-3,209
4,2,3,2,-1,210
4,2,3,1,1,211
4,2,3,2,1,212
4,1,2,2,-3,213
4,2,3,2,2,214
4,2,2,2,-3,215
4,2,3,2,-2,216
4,2,2,2,-4,217
4,2,3,1,-1,218
4,1,3,1,3,219
4,1,2,2,-4,220
4,1,2,2,-5,221
4,1,2,2,-3,222
4,1,2,2,-2,223
4,2,3,2,1,224
4,2,3,2,-1,225
4,2,3,1,-3,226
4,1,2,2,-5,227
4,2,3,1,-1,228
4,1,3,2,-1,229
4,2,3,1,-5,230
4,2,3,2,2,231
4,1,3,2,-3,232
4,1,2,2,-1,233
4,2,3,2,3,234
4,2,3,2,5,235
4,2,3,2,4,236
4,2,2,2,4,237
4,2,3,2,2,238
4,2,3,2,3,239
4,2,3,2,1,240
4,2,3,2,2,241
4,1,2,1,-3,242
4,2,3,2,3,243
4,2,3,2,1,244
4,2,3,2,3,245
4,2,3,2,5,246
4,2,3,2,4,247
4,1,2,2,0,248
4,1,2,1,-4,249
4,2,3,2,4,250
5,2,2,1,-4,1
5,1,2,1,-3,2
5,2,3,1,2,3
5,2,2,2,4,4
5,2,3,1,5,5
5,2,3,1,4,6
5,2,3,1,1,7
5,2,3,1,-3,8
5,2,2,1,5,9
5,2,3,1,2,10
5,2,3,2,3,11
5,2,3,2,3,12
5,1,2,2,-3,13
5,2,3,2,3,14
5,2,3,2,4,15
5,2,3,2,3,16
5,2,3,2,1,17
5,2,3,2,1,18
5,2,3,2,4,19
5,2,3,2,3,20
5,2,2,2,5,21
5,2,3,2,3,22
5,2,3,2,2,23
5,2,3,2,5,24
5,2,3,2,3,25
5,2,3,2,3,26
5,2,3,2,2,27
5,2,3,2,0,28
5,2,3,2,-1,29
5,1,2,2,-1,30
5,2,3,1,1,31
5,2,3,1,1,32
5,2,3,1,1,33
5,2,3,1,0,34
5,2,3,2,-2,35
5,2,3,1,-1,36
5,1,2,2,0,37
5,2,3,1,-4,38
5,1,3,1,3,39
5,1,3,1,2,40
5,1,2,2,-4,41
5,1,2,2,-3,42
5,1,2,2,-5,43
5,2,3,2,5,44
5,2,3,2,4,45
5,2,3,2,1,46
5,2,3,2,2,47
5,2,3,2,-2,48
5,2,3,1,-4,49
5,2,2,2,4,50
5,2,3,1,0,51
5,2,3,2,1,52
5,2,3,2,3,53
5,2,3,2,4,54
5,2,3,2,0,55
5,2,2,2,2,56
5,2,3,2,4,57
5,2,2,2,5,58
5,2,3,2,5,59
5,2,3,2,4,60
5,2,3,2,1,61
5,2,3,2,1,62
5,2,3,2,4,63
5,2,3,2,2,64
5,2,3,2,-2,65
5,2,2,2,2,66
5,2,3,1,-4,67
5,2,3,1,-4,68
5,2,3,1,-4,69
5,2,2,2,2,70
5,2,3,1,-4,71
5,1,3,1,-5,72
5,1,3,2,2,73
5,1,3,1,-5,74
5,2,3,1,0,75
5,2,3,1,3,76
5,2,3,1,2,77
5,2,3,1,1,78
5,2,2,2,-3,79
5,2,2,2,-2,80
5,2,3,1,4,81
5,2,3,1,5,82
5,2,3,1,4,83
5,2,3,1,4,84
5,2,2,2,-5,85
5,1,2,2,1,86
5,2,3,2,4,87
5,2,3,2,4,88
5,2,2,2,-4,89
5,1,2,2,1,90
5,1,2,2,1,91
5,1,2,2,0,92
5,1,3,2,-3,93
5,1,2,2,0,94
5,1,2,2,0,95
5,1,3,2,-2,96
5,2,3,2,2,97
5,2,2,2,5,98
5,2,3,2,5,99
5,2,3,2,3,100
5,2,3,2,4,101
5,2,3,2,4,102
5,2,2,2,0,103
5,2,3,2,-2,104
5,2,3,2,-1,105
5,1,2,2,0,106
5,1,2,2,2,107
5,2,3,2,-3,108
5,1,2,2,-1,109
5,1,2,2,0,110
5,2,3,2,-2,111
5,1,2,2,1,112
5,1,2,2,-1,113
5,1,2,2,0,114
5,1,3,2,3,115
5,1,2,2,-3,116
5,2,2,2,-5,117
5,2,3,1,-3,118
5,2,3,1,-1,119
5,2,2,2,0,120
5,1,2,2,-3,121
5,2,3,1,2,122
5,2,3,1,0,123
5,2,3,1,-2,124
5,2,3,1,-5,125
5,1,2,2,-4,126
5,2,3,1,-5,127
5,1,2,2,-1,128
5,1,2,2,0,129
5,1,2,2,-1,130
5,1,2,2,-3,131
5,1,2,2,-1,132
5,1,2,2,-2,133
5,2,3,1,-4,134
5,1,3,1,-2,135
5,1,2,2,0,136
5,1,2,2,-3,137
5,1,3,1,5,138
5,1,2,2,-4,139
5,1,2,2,-4,140
5,1,2,2,-4,141
5,1,2,2,-4,142
5,1,2,2,-1,143
5,1,2,2,-1,144
5,1,2,2,-1,145
5,1,2,2,-1,146
5,1,2,2,0,147
5,1,2,2,0,148
5,1,2,2,-2,149
5,2,3,1,3,150
5,2,3,1,5,151
5,2,3,1,2,152
5,2,3,1,0,153
5,2,2,2,-4,154
5,2,3,1,1,155
5,2,3,1,0,156
5,2,3,1,-2,157
5,1,2,2,0,158
5,2,3,1,0,159
5,2,3,1,4,160
5,2,3,1,2,161
5,2,3,1,2,162
5,2,3,1,2,163
5,2,3,1,0,164
5,2,3,1,1,165
5,2,3,1,2,166
5,2,3,1,1,167
5,2,3,1,1,168
5,2,3,1,0,169
5,2,3,1,4,170
5,2,3,1,4,171
5,2,3,1,0,172
5,2,3,1,1,173
5,2,3,1,3,174
5,2,3,1,5,175
5,2,2,2,-3,176
5,1,2,2,-3,177
5,2,3,1,5,178
5,2,3,1,3,179
5,2,3,1,-2,180
5,2,3,1,-1,181
5,2,3,1,0,182
5,2,2,2,-1,183
5,1,2,2,5,184
5,1,2,2,3,185
5,1,2,2,5,186
5,1,2,2,4,187
5,1,2,2,4,188
5,1,2,2,3,189
5,1,2,2,4,190
5,1,3,1,5,191
5,1,3,1,5,192
5,1,3,1,2,193
5,1,3,1,1,194
5,1,3,1,3,195
5,1,2,2,-3,196
5,1,2,2,-4,197
5,2,3,1,-4,198
5,2,3,1,-2,199
5,1,2,2,-3,200
5,2,3,1,-4,201
5,1,2,2,-5,202
5,2,3,1,-2,203
5,1,2,2,-3,204
5,2,3,1,-4,205
5,2,3,1,-3,206
5,1,2,2,-1,207
5,1,2,2,-3,208
5,1,2,2,-4,209
5,1,2,2,-4,210
5,2,3,1,1,211
5,2,3,1,0,212
5,2,3,1,-2,213
5,2,3,1,-1,214
5,2,3,1,1,215
5,2,3,1,1,216
5,2,3,1,1,217
5,2,2,2,-3,218
5,2,2,2,-1,219
5,2,3,1,-3,220
5,2,3,1,-4,221
5,1,3,1,2,222
5,1,2,2,-2,223
5,2,3,1,-4,224
5,1,2,2,-3,225
5,1,3,1,3,226
5,1,3,1,3,227
5,1,2,2,-4,228
5,1,3,1,3,229
5,1,2,2,-4,230
5,2,3,1,-5,231
5,1,2,2,-3,232
5,1,2,2,-1,233
5,1,2,2,-1,234
5,1,2,2,-1,235
5,1,2,2,1,236
5,1,2,2,-2,237
5,1,2,2,-1,238
5,1,2,2,-1,239
5,1,2,2,-3,240
5,1,2,2,-4,241
5,1,2,2,-3,242
5,1,2,2,-4,243
5,2,3,1,-4,244
5,2,2,2,3,245
5,2,3,1,-2,246
5,2,3,1,-2,247
5,2,3,1,-1,248
5,2,3,1,-1,249
5,2,3,1,-4,250
6,1,2,2,5,1
6,1,2,2,5,2
6,2,3,1,2,3
6,1,2,1,-5,4
6,2,3,1,5,5
6,1,2,2,-1,6
6,1,2,2,0,7
6,2,3,1,-3,8
6,2,3,2,5,9
6,2,3,2,2,10
6,2,3,2,3,11
6,2,2,2,4,12
6,1,3,1,4,13
6,2,3,2,3,14
6,2,3,2,4,15
6,2,3,2,3,16
6,2,3,2,1,17
6,1,2,2,0,18
6,2,3,1,0,19
6,2,3,2,3,20
6,1,3,2,-2,21
6,2,3,2,3,22
6,2,3,2,2,23
6,2,3,2,5,24
6,2,2,2,3,25
6,1,3,2,5,26
6,2,3,2,2,27
6,1,2,2,-5,28
6,1,2,2,-4,29
6,2,2,2,-3,30
6,1,2,2,1,31
6,2,3,1,1,32
6,2,3,1,1,33
6,2,3,1,0,34
6,2,2,2,1,35
6,1,2,2,0,36
6,2,2,2,4,37
6,2,3,2,-3,38
6,1,2,2,1,39
6,2,3,1,-1,40
6,2,3,1,1,41
6,1,2,2,-3,42
6,1,3,1,4,43
6,2,3,1,1,44
6,2,2,2,1,45
6,1,2,2,-3,46
6,2,3,1,-4,47
6,2,3,1,-4,48
6,1,2,2,-2,49
6,1,2,2,-4,50
6,2,3,1,0,51
6,2,3,1,-2,52
6,1,3,1,4,53
6,2,2,2,3,54
6,1,2,2,-3,55
6,2,3,1,-2,56
6,2,3,1,-4,57
6,2,3,1,-1,58
6,2,3,1,1,59
6,1,2,2,-2,60
6,1,2,2,-2,61
6,1,2,2,4,62
6,1,2,2,4,63
6,1,2,2,4,64
6,1,2,2,2,65
6,2,3,1,-2,66
6,1,2,2,0,67
6,1,2,2,0,68
6,2,3,1,-4,69
6,1,2,2,2,70
6,1,2,2,3,71
6,2,3,2,-4,72
6,1,3,1,-5,73
6,1,2,2,4,74
6,1,2,2,1,75
6,2,2,1,1,76
6,2,3,1,2,77
6,2,3,1,1,78
6,2,3,1,3,79
6,2,3,1,4,80
6,2,3,1,4,81
6,2,3,1,5,82
6,2,3,1,4,83
6,2,2,2,-4,84
6,1,2,2,1,85
6,2,3,1,-1,86
6,1,2,2,2,87
6,2,3,1,0,88
6,2,3,1,1,89
6,1,2,2,1,90
6,2,2,2,-2,91
6,2,3,1,1,92
6,1,3,1,4,93
6,2,3,1,1,94
6,2,3,1,-1,95
6,2,3,1,-3,96
6,1,2,2,0,97
6,2,3,1,-5,98
6,1,2,2,-2,99
6,2,2,2,5,100
6,2,3,1,-3,101
6,2,3,1,-5,102
6,2,3,1,-3,103
6,2,3,1,-3,104
6,2,3,1,-4,105
6,1,2,2,0,106
6,2,3,1,-3,107
6,2,3,1,-4,108
6,2,3,1,-4,109
6,2,3,1,-3,110
6,2,2,2,-3,111
6,1,2,2,1,112
6,2,3,1,-3,113
6,1,2,2,0,114
6,2,3,1,-4,115
6,2,3,1,-3,116
6,2,2,2,-5,117
6,1,2,2,-1,118
6,2,3,2,-5,119
6,2,2,2,0,120
6,2,3,1,-2,121
6,1,2,2,-3,122
6,2,3,1,0,123
6,2,3,1,-2,124
6,2,3,1,-5,125
6,1,2,2,-4,126
6,1,2,2,0,127
6,2,3,1,-5,128
6,2,3,1,-5,129
6,2,2,2,0,130
6,2,3,1,-3,131
6,2,3,1,-3,132
6,2,3,1,-4,133
6,2,2,2,1,134
6,2,3,1,-4,135
6,1,2,2,0,136
6,2,3,1,0,137
6,1,2,2,-3,138
6,1,2,2,-4,139
6,2,3,1,-3,140
6,2,3,1,-1,141
6,1,2,2,-4,142
6,2,3,1,-1,143
6,2,2,2,-1,144
6,2,2,2,-3,145
6,2,2,2,-3,146
6,2,3,1,1,147
6,1,2,2,0,148
6,2,2,2,0,149
6,2,3,1,3,150
6,2,3,1,5,151
6,2,3,1,2,152
6,2,3,1,0,153
6,2,3,1,0,154
6,2,3,1,1,155
6,2,3,1,0,156
6,1,2,2,4,157
6,2,3,1,-1,158
6,2,3,1,0,159
6,1,2,2,2,160
6,1,3,1,-4,161
6,2,3,1,2,162
6,2,3,1,2,163
6,1,2,2,-3,164
6,2,3,1,1,165
6,1,2,2,1,166
6,2,3,1,1,167
6,2,3,1,1,168
6,2,3,1,0,169
6,2,3,1,4,170
6,1,3,1,0,171
6,2,2,2,-3,172
6,1,2,2,1,173
6,1,2,2,1,174
6,2,2,2,-5,175
6,2,3,1,4,176
6,2,3,1,4,177
6,2,2,2,-5,178
6,2,2,2,-5,179
6,1,2,2,5,180
6,1,2,2,3,181
6,2,3,1,0,182
6,2,3,1,3,183
6,2,2,2,-1,184
6,2,3,1,2,185
6,1,2,2,5,186
6,2,2,2,-1,187
6,1,2,2,4,188
6,1,2,2,3,189
6,2,2,2,4,190
6,2,3,1,-4,191
6,2,3,1,-3,192
6,2,3,1,-4,193
6,2,3,1,-4,194
6,2,3,1,-4,195
6,2,3,1,-4,196
6,1,2,2,-4,197
6,1,3,1,2,198
6,2,3,1,-2,199
6,2,3,1,-4,200
6,2,2,2,1,201
6,2,3,1,-3,202
6,2,3,1,-2,203
6,2,3,1,-1,204
6,2,3,1,-4,205
6,2,3,1,-3,206
6,1,2,2,-1,207
6,2,3,1,1,208
6,2,3,1,2,209
6,1,2,2,-4,210
6,2,2,2,-3,211
6,1,2,2,-1,212
6,2,3,1,-2,213
6,2,3,1,-1,214
6,2,2,1,4,215
6,1,2,2,-4,216
6,2,3,1,1,217
6,1,2,2,-4,218
6,1,2,2,-4,219
6,2,3,1,-3,220
6,1,2,2,-5,221
6,1,2,2,-3,222
6,2,3,1,-3,223
6,2,3,1,-4,224
6,2,3,1,-4,225
6,1,3,1,3,226
6,2,3,1,-3,227
6,1,2,2,-4,228
6,1,2,2,-2,229
6,1,2,2,-4,230
6,2,2,2,5,231
6,2,2,2,3,232
6,2,3,1,-3,233
6,1,2,2,-1,234
6,2,2,2,1,235
6,2,2,2,1,236
6,1,2,2,-2,237
6,2,2,2,4,238
6,2,2,2,4,239
6,2,2,2,4,240
6,2,2,2,5,241
6,2,3,1,-2,242
6,2,2,2,4,243
6,1,3,1,-3,244
6,2,3,1,-2,245
6,1,2,2,0,246
6,1,2,2,0,247
6,1,2,2,0,248
6,1,2,2,-2,249
6,2,3,1,-4,250
7,2,3,1,4,1
7,2,3,2,4,2
7,2,2,1,-3,3
7,1,2,1,-5,4
7,2,3,2,4,5
7,2,3,2,4,6
7,2,3,2,3,7
7,2,3,2,4,8
7,2,3,2,5,9
7,2,2,2,5,10
7,2,3,2,3,11
7,2,3,2,3,12
7,2,3,2,2,13
7,2,3,2,3,14
7,2,3,2,4,15
7,2,3,2,3,16
7,2,3,2,1,17
7,2,3,2,1,18
7,2,3,1,0,19
7,2,3,2,3,20
7,2,3,2,4,21
7,2,3,2,3,22
7,2,2,2,4,23
7,2,3,2,5,24
7,2,3,2,3,25
7,2,3,2,3,26
7,2,3,2,2,27
7,2,3,2,0,28
7,2,3,2,-1,29
7,2,3,1,1,30
7,2,3,1,1,31
7,2,3,1,1,32
7,2,3,1,1,33
7,2,2,2,0,34
7,2,3,1,0,35
7,2,3,1,-1,36
7,2,3,1,-3,37
7,2,3,1,-4,38
7,2,2,2,3,39
7,2,2,2,4,40
7,2,3,1,1,41
7,2,3,1,0,42
7,2,3,1,4,43
7,2,3,1,1,44
7,2,3,1,-2,45
7,2,3,2,1,46
7,2,2,2,2,47
7,2,3,2,-2,48
7,2,3,1,-4,49
7,1,2,2,-4,50
7,1,2,1,-3,51
7,2,3,1,-2,52
7,2,3,1,-5,53
7,2,3,1,-3,54
7,1,2,2,-3,55
7,1,3,1,2,56
7,1,2,2,-5,57
7,2,3,1,-1,58
7,2,3,2,5,59
7,2,2,2,3,60
7,2,3,2,1,61
7,2,3,2,1,62
7,2,3,2,4,63
7,2,3,2,2,64
7,2,2,1,-1,65
7,2,3,2,-2,66
7,2,2,2,1,67
7,2,2,2,1,68
7,2,3,1,-4,69
7,2,3,2,-4,70
7,1,2,1,2,71
7,1,2,1,3,72
7,1,2,1,-2,73
7,1,2,1,-1,74
7,1,2,1,-1,75
7,2,3,1,3,76
7,2,3,1,2,77
7,2,2,1,0,78
7,2,3,1,3,79
7,2,3,1,4,80
7,2,2,2,-2,81
7,1,2,2,0,82
7,2,2,1,4,83
7,2,2,2,-4,84
7,2,3,1,1,85
7,2,2,2,-5,86
7,1,2,2,2,87
7,1,2,1,-3,88
7,1,2,2,3,89
7,1,2,2,1,90
7,1,2,2,1,91
7,1,3,1,-1,92
7,1,2,2,0,93
7,1,2,2,0,94
7,1,2,2,0,95
7,1,2,2,-1,96
7,1,2,2,0,97
7,1,2,2,-4,98
7,1,3,1,2,99
7,1,2,2,-1,100
7,1,3,1,4,101
7,1,3,1,4,102
7,1,3,1,2,103
7,1,3,1,5,104
7,1,2,2,-2,105
7,1,2,2,0,106
7,1,2,2,2,107
7,1,2,2,2,108
7,1,2,2,-1,109
7,1,2,2,0,110
7,1,3,1,-1,111
7,1,3,1,0,112
7,1,2,2,-1,113
7,1,3,1,1,114
7,1,2,2,-1,115
7,1,3,1,5,116
7,1,2,2,-2,117
7,1,2,2,-1,118
7,1,2,2,1,119
7,1,3,1,-4,120
7,2,2,2,0,121
7,1,2,2,-3,122
7,2,3,1,0,123
7,2,3,1,-2,124
7,2,3,1,-5,125
7,1,2,2,-4,126
7,1,2,2,0,127
7,1,3,1,-3,128
7,1,2,2,0,129
7,1,2,2,-1,130
7,1,3,1,0,131
7,1,3,1,-4,132
7,2,3,1,-4,133
7,1,2,2,-5,134
7,1,2,2,-4,135
7,2,3,1,-2,136
7,1,2,2,-3,137
7,1,3,1,5,138
7,1,2,2,-4,139
7,2,3,1,-3,140
7,2,3,1,-1,141
7,2,3,1,-2,142
7,2,2,2,2,143
7,2,3,1,-2,144
7,2,2,2,-3,145
7,2,3,1,-1,146
7,1,2,2,0,147
7,2,2,2,-3,148
7,1,2,2,-2,149
7,2,2,2,-3,150
7,1,2,2,0,151
7,1,2,2,0,152
7,1,2,2,0,153
7,1,2,2,0,154
7,2,3,1,1,155
7,2,2,2,0,156
7,1,2,2,4,157
7,1,2,2,0,158
7,1,2,2,3,159
7,1,2,2,2,160
7,1,2,2,4,161
7,1,2,2,1,162
7,1,2,2,-3,163
7,2,3,1,0,164
7,2,3,1,1,165
7,2,3,1,2,166
7,2,2,2,4,167
7,2,3,1,1,168
7,2,3,1,0,169
7,2,3,1,4,170
7,2,3,1,4,171
7,2,3,1,0,172
7,2,2,2,-4,173
7,1,3,1,-2,174
7,1,3,1,0,175
7,1,2,2,-1,176
7,2,3,1,4,177
7,2,3,1,5,178
7,2,3,1,3,179
7,2,3,1,-2,180
7,2,3,1,-1,181
7,2,3,1,0,182
7,2,3,1,3,183
7,2,3,1,2,184
7,2,3,2,-2,185
7,2,2,2,0,186
7,2,3,1,2,187
7,2,3,1,2,188
7,2,3,1,-3,189
7,2,2,2,4,190
7,2,3,1,-4,191
7,1,2,2,1,192
7,1,2,2,-1,193
7,1,2,2,-5,194
7,2,3,1,-4,195
7,1,2,2,-3,196
7,1,2,2,-4,197
7,2,3,1,-4,198
7,1,2,2,-4,199
7,2,3,1,-4,200
7,1,2,2,-4,201
7,2,2,2,0,202
7,2,2,2,0,203
7,2,3,1,-1,204
7,2,3,1,-4,205
7,2,3,1,-3,206
7,1,2,2,-1,207
7,1,2,2,-3,208
7,1,2,2,-4,209
7,1,2,2,-4,210
7,2,3,1,1,211
7,2,2,2,-2,212
7,2,3,1,-2,213
7,2,3,1,-1,214
7,1,2,2,-3,215
7,2,3,1,1,216
7,2,3,1,1,217
7,2,2,2,-3,218
7,2,3,2,-1,219
7,2,3,1,-3,220
7,2,3,1,-4,221
7,1,2,2,-3,222
7,2,3,1,-3,223
7,2,3,1,-4,224
7,1,2,2,-3,225
7,2,2,2,-3,226
7,1,2,2,-5,227
7,2,3,1,-1,228
7,2,2,2,2,229
7,2,3,1,-5,230
7,2,3,1,-5,231
7,1,2,2,-3,232
7,1,2,2,-1,233
7,1,2,2,-1,234
7,1,2,2,-1,235
7,1,3,1,2,236
7,1,2,2,-2,237
7,1,3,1,-2,238
7,1,3,1,-1,239
7,1,2,2,-3,240
7,1,2,2,-4,241
7,1,2,2,-3,242
7,1,2,2,-4,243
7,1,2,2,-2,244
7,1,2,2,1,245
7,1,2,2,0,246
7,1,2,2,0,247
7,1,2,2,0,248
7,1,2,2,-2,249
7,1,2,2,-1,250
8,1,3,2,2,1
8,1,2,2,5,2
8,1,2,1,-1,3
8,1,2,2,1,4
8,1,2,2,1,5
8,1,2,1,-1,6
8,2,3,1,1,7
8,1,2,2,-1,8
8,2,3,1,-2,9
8,2,3,1,2,10
8,2,3,1,0,11
8,2,2,2,4,12
8,2,3,1,-2,13
8,2,3,1,-2,14
8,1,2,2,-3,15
8,2,3,1,0,16
8,1,2,2,-1,17
8,1,2,2,0,18
8,1,3,1,2,19
8,1,3,1,3,20
8,2,2,2,5,21
8,2,3,1,0,22
8,2,3,1,-5,23
8,1,2,2,-1,24
8,1,3,2,-1,25
8,1,2,1,-1,26
8,1,2,2,-4,27
8,1,3,2,4,28
8,1,2,2,-4,29
8,1,3,1,-1,30
8,2,3,1,1,31
8,1,3,1,-1,32
8,1,2,2,1,33
8,1,3,1,1,34
8,2,3,1,0,35
8,1,3,1,3,36
8,1,2,2,0,37
8,1,2,2,2,38
8,1,2,2,1,39
8,2,3,1,-1,40
8,2,3,1,1,41
8,1,2,2,-3,42
8,1,3,1,4,43
8,2,3,1,1,44
8,2,3,1,-2,45
8,1,2,2,-3,46
8,2,3,1,-4,47
8,1,3,1,5,48
8,1,2,2,-2,49
8,1,3,1,4,50
8,1,3,1,5,51
8,1,3,1,5,52
8,1,2,1,-4,53
8,2,3,1,-3,54
8,2,3,1,-2,55
8,2,3,1,-2,56
8,1,2,2,-5,57
8,1,3,1,4,58
8,1,2,2,-3,59
8,2,3,1,-2,60
8,2,3,1,-3,61
8,1,2,2,4,62
8,1,2,2,4,63
8,1,2,2,4,64
8,1,3,1,3,65
8,1,2,2,1,66
8,1,3,1,-1,67
8,1,2,2,0,68
8,1,2,2,-2,69
8,1,3,1,-4,70
8,1,2,2,3,71
8,1,2,2,4,72
8,1,2,2,5,73
8,1,2,2,4,74
8,1,2,2,1,75
8,1,2,2,2,76
8,1,2,2,3,77
8,1,2,2,0,78
8,1,2,2,-3,79
8,2,3,1,4,80
8,1,2,2,0,81
8,2,2,2,0,82
8,2,3,1,4,83
8,2,3,1,4,84
8,2,2,2,-5,85
8,2,2,2,-5,86
8,2,3,1,-3,87
8,1,2,2,3,88
8,1,2,2,3,89
8,1,2,2,1,90
8,1,2,2,1,91
8,1,2,1,-3,92
8,1,3,1,4,93
8,1,2,2,0,94
8,2,3,1,-1,95
8,1,2,2,-1,96
8,2,3,1,-3,97
8,2,3,1,-5,98
8,1,2,2,-2,99
8,2,2,2,5,100
8,2,2,2,5,101
8,2,3,1,-5,102
8,1,2,2,-3,103
8,1,2,2,-2,104
8,1,2,2,-2,105
8,1,2,2,0,106
8,1,3,2,-1,107
8,1,2,2,2,108
8,1,2,2,-1,109
8,1,2,2,0,110
8,1,2,2,1,111
8,1,3,1,0,112
8,1,2,2,-1,113
8,1,2,2,0,114
8,1,2,2,-1,115
8,1,2,2,-3,116
8,1,2,2,-2,117
8,1,2,2,-1,118
8,1,2,2,1,119
8,1,2,2,-2,120
8,1,2,2,-3,121
8,1,2,2,-3,122
8,2,2,2,1,123
8,1,2,2,-3,124
8,2,3,1,-5,125
8,1,2,2,-4,126
8,1,3,2,-1,127
8,1,2,2,-1,128
8,1,3,2,-5,129
8,1,2,2,-1,130
8,1,2,2,-3,131
8,1,2,2,-1,132
8,1,2,2,-2,133
8,2,2,2,1,134
8,2,3,2,1,135
8,2,2,2,2,136
8,1,2,2,-3,137
8,2,3,2,5,138
8,2,3,2,1,139
8,1,2,2,-4,140
8,2,3,2,-3,141
8,1,2,2,-4,142
8,2,3,2,-4,143
8,1,2,2,-1,144
8,2,2,2,-3,145
8,1,3,1,-2,146
8,1,2,2,0,147
8,1,2,2,0,148
8,1,2,2,-2,149
8,1,2,2,2,150
8,1,2,2,0,151
8,1,2,2,0,152
8,1,2,2,0,153
8,1,3,2,2,154
8,1,2,2,1,155
8,1,2,2,3,156
8,1,2,2,4,157
8,1,3,1,-5,158
8,1,2,2,3,159
8,1,2,2,2,160
8,1,2,2,4,161
8,1,3,1,-5,162
8,2,3,1,2,163
8,2,3,1,0,164
8,1,2,2,-1,165
8,1,2,2,1,166
8,1,2,2,-2,167
8,1,2,2,-4,168
8,2,3,1,0,169
8,2,3,1,4,170
8,2,3,1,4,171
8,2,3,1,0,172
8,2,2,2,-4,173
8,1,3,1,-2,174
8,2,3,1,5,175
8,2,3,1,4,176
8,2,3,1,4,177
8,2,3,1,5,178
8,2,2,2,-5,179
8,2,3,1,-2,180
8,1,2,2,3,181
8,2,3,1,0,182
8,1,2,2,4,183
8,1,2,2,5,184
8,1,2,2,3,185
8,1,2,2,5,186
8,1,2,2,4,187
8,1,2,1,-4,188
8,1,2,2,3,189
8,1,2,2,4,190
8,1,2,2,3,191
8,1,3,1,5,192
8,1,3,1,2,193
8,1,2,2,-5,194
8,2,3,1,-4,195
8,2,3,1,-4,196
8,2,3,1,-2,197
8,1,2,2,0,198
8,2,3,1,-2,199
8,2,3,1,-4,200
8,1,2,2,-4,201
8,1,2,2,-5,202
8,1,2,2,-2,203
8,2,3,1,-1,204
8,2,3,1,-4,205
8,1,2,2,-2,206
8,2,3,1,-1,207
8,2,3,1,1,208
8,2,3,1,2,209
8,2,3,1,2,210
8,2,3,1,1,211
8,2,2,2,-2,212
8,2,3,1,-2,213
8,2,3,1,-1,214
8,2,3,1,1,215
8,2,3,1,1,216
8,2,3,1,1,217
8,1,3,1,4,218
8,1,2,2,-4,219
8,2,3,1,-3,220
8,2,3,1,-4,221
8,2,3,1,-5,222
8,2,2,2,-4,223
8,2,2,2,-5,224
8,2,3,1,-4,225
8,2,3,1,-3,226
8,2,2,2,0,227
8,2,2,2,-2,228
8,2,2,2,2,229
8,1,2,2,-4,230
8,2,3,1,-5,231
8,2,3,1,-3,232
8,2,3,1,-3,233
8,1,2,2,-1,234
8,2,3,1,-2,235
8,2,3,1,-3,236
8,1,2,2,-2,237
8,2,3,1,-3,238
8,2,3,1,-3,239
8,2,3,1,-4,240
8,2,3,1,-4,241
8,2,3,1,-2,242
8,2,3,1,-4,243
8,2,3,1,-4,244
8,2,3,1,-2,245
8,2,3,1,-2,246
8,2,3,1,-2,247
8,2,3,1,-1,248
8,2,3,1,-1,249
8,2,3,1,-4,250
9,2,3,1,4,1
9,2,2,1,-4,2
9,2,3,2,4,3
9,2,3,2,3,4
9,2,3,2,4,5
9,2,3,2,4,6
9,2,2,1,2,7
9,2,3,2,4,8
9,2,3,2,5,9
9,2,3,2,2,10
9,2,3,2,3,11
9,2,3,2,3,12
9,2,3,2,2,13
9,2,3,2,3,14
9,2,3,2,4,15
9,2,3,2,3,16
9,2,3,2,1,17
9,2,3,2,1,18
9,2,3,2,4,19
9,2,2,2,4,20
9,2,2,2,5,21
9,1,2,2,-1,22
9,2,3,2,2,23
9,2,2,2,4,24
9,2,3,2,3,25
9,2,3,2,3,26
9,2,3,2,2,27
9,2,2,1,5,28
9,2,3,2,-1,29
9,1,2,2,-1,30
9,2,3,2,1,31
9,2,3,2,1,32
9,2,3,2,0,33
9,2,3,2,-2,34
9,2,3,1,0,35
9,2,3,1,-1,36
9,1,2,2,0,37
9,2,3,1,-4,38
9,1,3,1,3,39
9,1,2,2,0,40
9,2,3,1,1,41
9,1,2,2,-3,42
9,1,2,2,-5,43
9,2,3,1,1,44
9,1,2,2,-4,45
9,2,3,1,-2,46
9,1,2,2,-3,47
9,2,2,2,2,48
9,2,3,1,-4,49
9,2,3,2,-1,50
9,1,2,2,-5,51
9,2,3,1,-2,52
9,1,2,2,-5,53
9,1,2,2,-4,54
9,2,2,2,5,55
9,2,3,1,-2,56
9,2,3,1,-4,57
9,2,3,1,-1,58
9,1,2,2,-3,59
9,2,3,1,-2,60
9,2,3,1,-3,61
9,2,3,2,1,62
9,1,2,2,4,63
9,1,3,2,-3,64
9,1,2,2,2,65
9,1,2,2,1,66
9,1,3,2,-1,67
9,2,3,2,1,68
9,1,2,2,-2,69
9,1,3,2,-2,70
9,1,2,2,3,71
9,1,2,2,4,72
9,1,2,2,5,73
9,1,2,2,4,74
9,1,2,2,1,75
9,1,2,2,2,76
9,1,2,2,3,77
9,1,2,2,0,78
9,1,2,2,-3,79
9,1,2,2,-2,80
9,2,3,2,1,81
9,1,3,2,-1,82
9,2,2,2,-4,83
9,2,2,2,-4,84
9,2,2,2,-5,85
9,2,3,2,5,86
9,1,2,2,2,87
9,2,3,2,4,88
9,2,3,2,5,89
9,2,2,2,-1,90
9,1,2,2,1,91
9,1,3,2,0,92
9,1,3,2,-3,93
9,2,3,2,2,94
9,1,3,2,-2,95
9,2,3,2,1,96
9,2,3,2,2,97
9,2,3,2,5,98
9,2,3,2,5,99
9,2,2,2,5,100
9,2,3,2,4,101
9,2,3,2,4,102
9,2,3,2,0,103
9,2,3,2,-2,104
9,2,2,2,2,105
9,2,3,2,-3,106
9,2,2,2,-4,107
9,2,3,1,-4,108
9,1,2,2,-1,109
9,1,2,2,0,110
9,1,2,2,1,111
9,1,2,2,1,112
9,1,2,2,-1,113
9,1,3,2,3,114
9,1,2,2,-1,115
9,2,3,1,-3,116
9,1,2,2,-2,117
9,1,2,2,-1,118
9,2,3,1,-1,119
9,1,2,2,-2,120
9,1,2,2,-3,121
9,1,2,2,-3,122
9,1,3,1,-4,123
9,1,2,2,-3,124
9,1,3,1,-4,125
9,1,2,2,-4,126
9,1,2,2,0,127
9,1,2,2,-1,128
9,1,2,2,0,129
9,1,3,1,-1,130
9,1,2,2,-3,131
9,1,2,2,-1,132
9,1,2,2,-2,133
9,1,2,2,-5,134
9,1,2,2,-4,135
9,1,3,1,2,136
9,1,2,2,-3,137
9,1,2,2,-3,138
9,1,2,2,-4,139
9,2,3,1,-3,140
9,1,3,1,1,141
9,1,2,2,-4,142
9,1,2,2,-1,143
9,2,3,1,-2,144
9,1,2,2,-1,145
9,1,2,2,-1,146
9,1,2,2,0,147
9,1,2,2,0,148
9,1,3,1,-3,149
9,1,2,2,2,150
9,1,2,2,0,151
9,1,2,2,0,152
9,1,2,2,0,153
9,1,2,2,0,154
9,1,2,2,1,155
9,1,2,2,3,156
9,1,3,1,-2,157
9,1,3,1,-5,158
9,1,2,2,3,159
9,1,3,1,-4,160
9,1,2,2,4,161
9,1,2,2,1,162
9,1,2,2,-3,163
9,1,2,2,-3,164
9,1,2,2,-1,165
9,1,2,2,1,166
9,1,2,2,-2,167
9,1,2,2,-4,168
9,1,2,2,-5,169
9,1,2,2,-2,170
9,1,3,1,0,171
9,1,2,2,0,172
9,2,3,1,1,173
9,2,3,1,3,174
9,2,3,1,5,175
9,2,2,2,-3,176
9,2,3,1,4,177
9,2,3,1,5,178
9,2,2,2,-5,179
9,2,3,1,-2,180
9,2,3,1,-1,181
9,2,3,1,0,182
9,2,3,1,3,183
9,2,3,1,2,184
9,2,3,1,2,185
9,2,2,2,0,186
9,2,3,1,2,187
9,2,2,2,1,188
9,2,3,1,-3,189
9,1,2,2,4,190
9,2,3,1,-4,191
9,1,3,1,5,192
9,2,3,1,-4,193
9,1,2,2,-5,194
9,1,2,2,-3,195
9,2,3,1,-4,196
9,1,2,2,-4,197
9,1,2,2,0,198
9,2,3,1,-2,199
9,1,2,2,-3,200
9,1,2,2,-4,201
9,1,2,2,-5,202
9,1,2,2,-2,203
9,2,2,2,-1,204
9,2,3,1,-4,205
9,2,3,1,-3,206
9,1,3,1,3,207
9,1,3,1,3,208
9,1,2,2,-4,209
9,1,3,1,4,210
9,1,2,2,-5,211
9,1,2,2,-1,212
9,2,2,2,-2,213
9,2,3,1,-1,214
9,1,3,1,4,215
9,2,3,1,1,216
9,2,3,1,1,217
9,1,2,2,-4,218
9,2,3,1,-3,219
9,2,3,1,-3,220
9,1,2,2,-5,221
9,2,2,2,-3,222
9,1,3,1,4,223
9,1,2,2,0,224
9,2,3,1,-4,225
9,1,3,1,3,226
9,2,2,2,0,227
9,1,2,2,-4,228
9,2,3,1,-1,229
9,1,2,2,-4,230
9,1,2,2,-4,231
9,1,3,1,3,232
9,1,3,1,5,233
9,1,2,2,-1,234
9,2,3,1,-2,235
9,2,3,1,-3,236
9,2,2,2,4,237
9,1,2,2,-1,238
9,2,2,2,4,239
9,2,3,1,-4,240
9,2,3,1,-4,241
9,1,3,1,-4,242
9,1,3,1,-3,243
9,1,3,1,-3,244
9,2,3,1,-2,245
9,1,3,1,-4,246
9,2,3,1,-2,247
9,1,2,2,0,248
9,1,2,2,-2,249
9,1,2,2,-1,250
10,1,2,2,5,1
10,1,2,1,-3,2
10,1,3,2,4,3
10,1,2,1,-5,4
10,2,3,1,5,5
10,2,3,2,4,6
10,2,3,2,3,7
10,2,3,1,-3,8
10,1,2,2,2,9
10,1,3,2,-2,10
10,1,2,2,-1,11
10,2,3,1,-1,12
10,2,2,2,5,13
10,1,2,2,-2,14
10,1,2,2,-3,15
10,1,2,1,-4,16
10,1,3,2,-3,17
10,1,2,1,-4,18
10,1,3,2,-2,19
10,2,3,2,3,20
10,1,2,2,-1,21
10,2,2,1,1,22
10,1,2,1,3,23
10,1,3,2,-2,24
10,2,3,2,3,25
10,1,3,2,5,26
10,1,2,1,3,27
10,1,3,1,3,28
10,2,3,2,-1,29
10,2,3,2,0,30
10,1,2,1,4,31
10,2,3,1,1,32
10,1,2,2,1,33
10,1,2,1,3,34
10,2,3,2,-2,35
10,1,2,2,0,36
10,1,2,1,3,37
10,1,3,1,3,38
10,1,2,2,1,39
10,1,2,1,-5,40
10,2,2,1,0,41
10,2,3,2,2,42
10,1,3,1,4,43
10,2,3,2,5,44
10,2,3,2,4,45
10,2,3,1,-2,46
10,2,3,1,-4,47
10,1,2,2,-4,48
10,2,3,2,-1,49
10,1,2,2,-4,50
10,1,2,1,-3,51
10,1,2,1,-5,52
10,1,3,1,4,53
10,2,3,1,-3,54
10,1,2,2,-3,55
10,2,3,2,1,56
10,2,2,2,2,57
10,2,3,2,1,58
10,2,2,1,-4,59
10,2,3,1,-2,60
10,1,2,2,-2,61
10,1,2,1,5,62
10,1,2,1,4,63
10,1,2,2,4,64
10,1,3,2,-3,65
10,1,2,2,1,66
10,1,3,2,-1,67
10,2,2,1,4,68
10,1,2,2,-2,69
10,1,2,2,2,70
10,1,2,2,3,71
10,2,3,2,-4,72
10,2,3,2,0,73
10,1,2,2,4,74
10,1,2,2,1,75
10,1,3,2,2,76
10,1,2,1,0,77
10,1,2,2,0,78
10,1,2,1,0,79
10,1,3,2,1,80
10,2,2,2,-2,81
10,1,2,2,0,82
10,2,2,2,-4,83
10,2,2,1,2,84
10,2,3,2,5,85
10,1,3,2,4,86
10,2,3,1,-3,87
10,1,2,2,3,88
10,1,2,2,3,89
10,1,2,2,1,90
10,2,2,1,1,91
10,2,3,1,1,92
10,1,2,2,0,93
10,2,2,2,-4,94
10,1,2,1,-3,95
10,2,2,2,-1,96
10,2,3,2,2,97
10,1,2,1,1,98
10,1,3,2,1,99
10,2,3,2,3,100
10,1,2,1,-1,101
10,2,3,1,-5,102
10,1,3,1,2,103
10,1,3,2,0,104
10,1,2,2,-2,105
10,1,2,1,4,106
10,1,2,2,2,107
10,2,3,1,-4,108
10,2,2,1,2,109
10,1,3,2,-4,110
10,2,3,2,-2,111
10,2,3,2,0,112
10,2,3,1,-3,113
10,2,3,2,-3,114
10,2,3,2,-4,115
10,1,2,1,-5,116
10,1,2,2,-2,117
10,1,2,2,-1,118
10,2,3,1,-1,119
10,2,3,2,-4,120
10,1,2,2,-3,121
10,1,2,2,-3,122
10,2,3,2,-4,123
10,2,2,1,1,124
10,2,2,1,1,125
10,2,3,2,3,126
10,2,3,1,-5,127
10,2,3,1,-5,128
10,1,2,2,0,129
10,1,2,2,-1,130
10,1,2,2,-3,131
10,2,3,1,-3,132
10,2,3,2,4,133
10,1,2,1,-5,134
10,2,3,2,1,135
10,1,2,2,0,136
10,2,3,2,4,137
10,2,3,2,5,138
10,2,3,2,1,139
10,2,2,1,-5,140
10,1,2,2,-4,141
10,1,2,2,-4,142
10,2,3,1,-1,143
10,2,3,2,-1,144
10,2,2,2,-3,145
10,2,2,2,-3,146
10,1,2,1,2,147
10,2,3,2,-3,148
10,2,3,2,0,149
10,2,3,1,3,150
10,1,2,1,5,151
10,1,2,2,0,152
10,2,2,1,-5,153
10,1,2,1,4,154
10,1,2,2,1,155
10,1,2,1,3,156
10,1,3,1,-2,157
10,1,2,1,3,158
10,2,2,2,3,159
10,1,2,2,2,160
10,2,3,1,2,161
10,1,2,1,-1,162
10,2,3,1,2,163
10,2,3,2,-2,164
10,1,2,2,-1,165
10,1,2,1,4,166
10,1,2,2,-2,167
10,1,2,1,1,168
10,2,3,2,-2,169
10,1,2,2,-2,170
10,2,3,1,4,171
10,1,2,1,-4,172
10,1,3,1,-3,173
10,1,2,1,-4,174
10,2,3,1,5,175
10,2,3,2,-2,176
10,1,2,1,-3,177
10,2,3,2,2,178
10,1,2,2,1,179
10,2,3,2,1,180
10,2,3,1,-1,181
10,1,2,1,-3,182
10,2,3,1,3,183
10,1,2,2,5,184
10,1,2,2,3,185
10,2,3,2,0,186
10,2,3,2,-1,187
10,2,3,2,-1,188
10,1,2,2,3,189
10,1,2,2,4,190
10,1,2,2,3,191
10,2,3,1,-3,192
10,1,2,2,-1,193
10,1,2,2,-5,194
10,1,2,1,5,195
10,2,3,1,-4,196
10,1,2,1,3,197
10,1,2,1,2,198
10,1,3,2,0,199
10,1,2,1,5,200
10,1,2,1,4,201
10,2,3,2,5,202
10,1,2,1,4,203
10,1,2,1,5,204
10,1,2,2,-3,205
10,1,2,1,1,206
10,1,2,2,-1,207
10,2,3,2,-2,208
10,1,3,2,-3,209
10,2,3,2,-1,210
10,2,3,2,-1,211
10,2,2,1,5,212
10,2,3,1,-2,213
10,1,2,2,-2,214
10,2,2,2,-3,215
10,2,3,2,-2,216
10,2,3,2,-3,217
10,2,3,2,0,218
10,1,2,1,4,219
10,1,2,1,3,220
10,2,3,1,-4,221
10,1,2,2,-3,222
10,1,2,1,5,223
10,1,2,1,4,224
10,1,3,1,5,225
10,1,2,2,-4,226
10,2,3,2,-1,227
10,2,3,2,2,228
10,1,2,1,2,229
10,1,2,1,3,230
10,2,3,1,-5,231
10,1,2,2,-3,232
10,2,3,2,3,233
10,2,3,2,3,234
10,2,3,2,5,235
10,1,2,1,-5,236
10,2,2,2,4,237
10,2,3,2,2,238
10,1,2,2,-1,239
10,1,3,2,-2,240
10,1,2,2,-4,241
10,2,3,2,3,242
10,2,3,2,3,243
10,2,3,2,1,244
10,2,3,1,-2,245
10,1,2,1,-5,246
10,2,3,2,4,247
10,2,3,2,3,248
10,1,2,1,-4,249
10,1,2,1,-4,250
