sub_id,c1,s2,c2,re,trial_n,turn
1,1,3,1,-2,1,2
1,1,2,1,2,2,1
1,2,3,1,1,3,2
1,1,2,1,2,4,1
1,2,3,2,1,5,2
1,1,2,1,3,6,1
1,2,3,1,-2,7,2
1,1,2,1,0,8,1
1,2,3,1,-3,9,2
1,2,3,2,4,10,1
1,2,3,1,-5,11,2
1,1,2,1,-2,12,1
1,1,2,2,1,13,2
1,1,2,1,-1,14,1
1,2,3,1,-1,15,2
1,2,3,2,0,16,1
1,1,3,2,0,17,2
1,2,2,2,-3,18,1
1,2,3,1,-5,19,2
1,1,2,1,-5,20,1
1,1,2,2,-3,21,2
1,2,3,2,0,22,1
1,1,2,2,-2,23,2
1,2,3,2,-4,24,1
1,1,2,2,-1,25,2
1,2,3,2,2,26,1
1,1,2,1,1,27,2
1,2,3,2,-1,28,1
1,2,3,1,1,29,2
1,1,3,2,-4,30,1
1,1,2,2,-4,31,2
1,2,2,1,4,32,1
1,1,2,2,-3,33,2
1,1,2,1,0,34,1
1,2,2,2,-1,35,2
1,1,3,2,-3,36,1
1,2,3,1,5,37,2
1,2,3,1,4,38,1
1,1,2,2,-2,39,2
1,2,3,1,1,40,1
1,1,2,2,-4,41,2
1,2,3,1,3,42,1
1,1,3,1,4,43,2
1,2,3,1,4,44,1
1,2,3,2,3,45,2
1,2,2,1,3,46,1
1,2,2,1,3,47,2
1,2,3,1,2,48,1
1,2,2,2,-3,49,2
1,2,2,1,2,50,1
1,1,2,1,1,51,2
1,2,3,1,3,52,1
1,2,2,2,-3,53,2
1,2,3,1,-1,54,1
1,2,3,1,-3,55,2
1,2,3,1,-5,56,1
1,2,3,2,2,57,2
1,2,3,2,3,58,1
1,1,2,2,0,59,2
1,1,2,1,0,60,1
1,2,3,1,-3,61,2
1,2,2,1,-1,62,1
1,2,3,2,3,63,2
1,1,3,2,5,64,1
1,1,2,2,4,65,2
1,1,2,1,-3,66,1
1,2,3,1,-4,67,2
1,2,3,2,4,68,1
1,2,2,2,4,69,2
1,2,3,2,5,70,1
1,1,2,2,1,71,2
1,2,3,2,3,72,1
1,1,2,2,4,73,2
1,2,3,2,1,74,1
1,2,3,1,-5,75,2
1,2,3,2,2,76,1
1,1,2,2,1,77,2
1,2,3,2,-1,78,1
1,2,3,2,-1,79,2
1,2,3,2,-4,80,1
1,2,3,1,-1,81,2
1,2,3,1,1,82,1
1,1,3,2,-2,83,2
1,1,2,2,-3,84,1
1,1,2,2,-4,85,2
1,1,2,1,-5,86,1
1,1,3,1,5,87,2
1,2,2,2,3,88,1
1,2,3,1,1,89,2
1,1,2,2,5,90,1
1,2,2,2,4,91,2
1,1,2,2,3,92,1
1,2,3,2,1,93,2
1,1,3,1,5,94,1
1,2,3,2,-4,95,2
1,1,2,2,4,96,1
1,2,3,1,5,97,2
1,2,3,1,5,98,1
1,1,2,1,3,99,2
1,2,2,2,4,100,1
1,2,3,2,-2,101,2
1,2,3,1,3,102,1
1,2,3,1,4,103,2
1,2,3,1,4,104,1
1,2,3,2,1,105,2
1,2,3,1,2,106,1
1,2,3,2,-2,107,2
1,2,3,1,4,108,1
1,2,2,2,2,109,2
1,1,2,2,0,110,1
1,2,3,1,3,111,2
1,2,2,2,0,112,1
1,2,3,2,1,113,2
1,2,3,1,5,114,1
1,1,3,1,3,115,2
1,2,3,1,5,116,1
1,2,3,1,4,117,2
1,2,3,1,1,118,1
1,2,3,1,0,119,2
1,1,3,1,3,120,1
1,1,2,2,4,121,2
1,1,2,2,5,122,1
1,2,3,1,5,123,2
1,1,2,2,0,124,1
1,2,3,1,3,125,2
1,2,3,1,2,126,1
1,2,2,2,-1,127,2
1,1,2,2,-2,128,1
1,1,2,2,-3,129,2
1,2,3,1,-3,130,1
1,1,2,2,-2,131,2
1,2,2,2,-3,132,1
1,1,2,1,3,133,2
1,1,2,1,4,134,1
1,1,2,2,-4,135,2
1,2,3,1,3,136,1
1,1,2,1,2,137,2
1,1,2,1,3,138,1
1,2,3,2,-1,139,2
1,1,3,1,-1,140,1
1,2,3,2,-1,141,2
1,2,3,1,-5,142,1
1,1,3,2,-2,143,2
1,1,2,1,-1,144,1
1,2,2,1,0,145,2
1,1,2,1,-2,146,1
1,1,2,1,-4,147,2
1,1,2,1,-3,148,1
1,1,3,1,0,149,2
1,2,3,1,-2,150,1
1,1,3,2,-2,151,2
1,2,3,1,2,152,1
1,1,2,1,1,153,2
1,1,2,1,3,154,1
1,1,3,2,-3,155,2
1,1,2,1,3,156,1
1,2,2,1,3,157,2
1,1,2,1,3,158,1
1,2,3,2,2,159,2
1,1,2,1,4,160,1
1,2,3,1,-1,161,2
1,1,3,1,-1,162,1
1,2,3,2,2,163,2
1,2,3,2,2,164,1
1,2,3,2,1,165,2
1,1,2,1,0,166,1
1,2,3,1,0,167,2
1,1,2,1,5,168,1
1,1,3,2,3,169,2
1,1,3,2,0,170,1
1,1,3,2,0,171,2
1,1,2,1,3,172,1
1,2,3,1,-1,173,2
1,1,2,1,4,174,1
1,1,2,2,4,175,2
1,1,2,1,5,176,1
1,2,3,2,0,177,2
1,1,3,1,-4,178,1
1,1,3,1,0,179,2
1,1,2,1,3,180,1
1,2,3,2,-3,181,2
1,1,2,1,4,182,1
1,1,3,1,-5,183,2
1,1,2,1,-1,184,1
1,2,3,2,-1,185,2
1,1,3,2,0,186,1
1,1,2,2,4,187,2
1,1,2,1,4,188,1
1,2,3,1,-1,189,2
1,1,2,1,5,190,1
1,1,2,1,4,191,2
1,1,3,2,0,192,1
1,1,2,2,3,193,2
1,1,2,1,-5,194,1
1,2,3,2,0,195,2
1,1,2,1,-2,196,1
1,2,3,2,-1,197,2
1,1,2,1,-2,198,1
1,2,2,1,-5,199,2
1,2,3,2,0,200,1
1,1,3,2,3,201,2
1,1,2,1,-3,202,1
1,1,2,2,-5,203,2
1,2,3,2,4,204,1
1,2,2,1,-2,205,2
1,2,3,2,4,206,1
1,2,2,1,-4,207,2
1,1,2,2,-1,208,1
1,2,3,1,-1,209,2
1,2,2,2,-1,210,1
1,1,2,2,-2,211,2
1,2,3,2,-3,212,1
1,2,3,2,-5,213,2
1,2,3,2,-3,214,1
1,1,2,1,2,215,2
1,2,3,1,-2,216,1
1,1,2,1,5,217,2
1,2,3,2,1,218,1
1,1,2,2,-2,219,2
1,1,2,2,-2,220,1
1,2,3,1,0,221,2
1,2,3,2,-5,222,1
1,2,3,1,4,223,2
1,2,3,1,2,224,1
1,1,2,2,-5,225,2
1,2,3,1,1,226,1
1,1,2,1,0,227,2
1,2,3,1,4,228,1
1,1,2,2,-2,229,2
1,2,3,1,4,230,1
1,2,3,2,-5,231,2
1,2,3,1,3,232,1
1,2,3,1,4,233,2
1,2,3,1,3,234,1
1,2,2,2,-5,235,2
1,2,2,1,0,236,1
1,2,3,1,4,237,2
1,2,2,1,-4,238,1
1,1,2,1,-4,239,2
1,2,3,1,4,240,1
1,1,2,2,-4,241,2
1,2,2,2,-2,242,1
1,1,2,2,2,243,2
1,2,3,1,2,244,1
1,2,3,1,2,245,2
1,2,3,1,-1,246,1
1,2,3,2,3,247,2
1,2,3,1,4,248,1
1,2,3,1,2,249,2
1,2,3,1,1,250,1
2,2,3,1,-2,1,2
2,2,3,2,2,2,1
2,2,3,1,1,3,2
2,2,3,2,2,4,1
2,2,3,1,-3,5,2
2,1,2,2,1,6,1
2,1,3,1,-2,7,2
2,1,2,2,2,8,1
2,2,3,1,-3,9,2
2,2,2,2,0,10,1
2,1,2,2,2,11,2
2,2,3,1,-3,12,1
2,1,2,1,-2,13,2
2,1,2,1,-1,14,1
2,1,3,1,-1,15,2
2,1,3,2,0,16,1
2,1,2,1,-1,17,2
2,1,2,1,-5,18,1
2,1,2,1,-3,19,2
2,1,2,2,-1,20,1
2,1,2,1,-3,21,2
2,1,3,2,0,22,1
2,1,2,1,0,23,2
2,2,3,2,-4,24,1
2,2,3,1,-1,25,2
2,1,2,2,-2,26,1
2,2,3,2,1,27,2
2,2,3,2,-1,28,1
2,1,2,2,-3,29,2
2,1,2,1,2,30,1
2,2,3,2,-3,31,2
2,2,3,1,3,32,1
2,1,2,1,0,33,2
2,2,3,1,3,34,1
2,2,3,1,2,35,2
2,2,2,1,-1,36,1
2,2,2,1,-3,37,2
2,1,2,2,0,38,1
2,2,3,1,3,39,2
2,2,2,1,1,40,1
2,2,3,2,4,41,2
2,2,2,2,-4,42,1
2,2,3,1,4,43,2
2,1,2,1,2,44,1
2,1,2,2,-3,45,2
2,1,2,1,3,46,1
2,2,3,1,3,47,2
2,1,2,1,4,48,1
2,2,2,1,4,49,2
2,1,2,1,2,50,1
2,1,2,1,1,51,2
2,1,2,1,1,52,1
2,2,3,1,0,53,2
2,1,3,1,-1,54,1
2,1,3,1,-3,55,2
2,1,2,1,-3,56,1
2,2,3,2,2,57,2
2,1,3,1,-3,58,1
2,1,2,1,-4,59,2
2,1,2,2,-2,60,1
2,2,3,2,4,61,2
2,2,2,1,-1,62,1
2,1,2,1,1,63,2
2,2,3,2,5,64,1
2,1,3,2,1,65,2
2,2,3,2,4,66,1
2,1,2,2,2,67,2
2,2,2,1,-4,68,1
2,1,2,1,-4,69,2
2,2,2,1,-1,70,1
2,1,2,1,-1,71,2
2,2,2,2,1,72,1
2,1,2,2,4,73,2
2,2,3,2,1,74,1
2,2,3,1,-5,75,2
2,2,3,2,2,76,1
2,2,3,1,-3,77,2
2,2,3,2,-1,78,1
2,2,3,1,-1,79,2
2,2,3,2,-4,80,1
2,2,2,2,-4,81,2
2,2,3,2,-3,82,1
2,1,2,1,-1,83,2
2,2,2,2,-3,84,1
2,2,3,1,3,85,2
2,2,3,2,1,86,1
2,2,3,2,2,87,2
2,1,2,2,3,88,1
2,1,2,1,3,89,2
2,2,3,2,1,90,1
2,1,2,1,3,91,2
2,1,3,1,0,92,1
2,1,2,2,2,93,2
2,1,3,2,-2,94,1
2,2,3,2,-4,95,2
2,1,2,2,4,96,1
2,1,2,2,5,97,2
2,2,2,2,4,98,1
2,2,3,1,4,99,2
2,1,2,2,4,100,1
2,1,2,2,0,101,2
2,1,2,2,0,102,1
2,1,2,1,5,103,2
2,2,3,2,0,104,1
2,2,2,1,0,105,2
2,1,2,2,-1,106,1
2,1,2,1,1,107,2
2,1,2,2,3,108,1
2,2,3,1,4,109,2
2,2,3,1,3,110,1
2,2,3,1,3,111,2
2,2,2,2,0,112,1
2,1,3,1,3,113,2
2,1,2,2,2,114,1
2,1,2,2,4,115,2
2,1,2,2,2,116,1
2,1,2,1,4,117,2
2,1,2,2,5,118,1
2,1,2,1,3,119,2
2,1,2,2,4,120,1
2,2,3,1,2,121,2
2,1,2,2,5,122,1
2,1,2,1,2,123,2
2,1,3,1,2,124,1
2,2,3,1,3,125,2
2,1,3,1,2,126,1
2,1,2,1,2,127,2
2,2,3,1,1,128,1
2,1,2,1,1,129,2
2,1,2,2,-4,130,1
2,1,2,2,-2,131,2
2,2,3,1,-5,132,1
2,2,3,2,0,133,2
2,1,2,2,-4,134,1
2,1,2,1,2,135,2
2,1,2,1,1,136,1
2,2,3,2,-1,137,2
2,2,3,1,2,138,1
2,1,2,2,-3,139,2
2,2,3,1,-1,140,1
2,1,2,2,1,141,2
2,1,2,1,4,142,1
2,2,3,1,-2,143,2
2,1,2,1,-1,144,1
2,2,3,2,-1,145,2
2,1,2,1,-2,146,1
2,2,2,2,4,147,2
2,1,2,1,-3,148,1
2,2,3,1,0,149,2
2,2,3,2,-3,150,1
2,2,3,2,-2,151,2
2,2,3,1,2,152,1
2,2,2,2,4,153,2
2,1,3,1,2,154,1
2,2,3,2,-3,155,2
2,1,2,2,4,156,1
2,2,3,1,2,157,2
2,1,2,2,4,158,1
2,2,3,2,2,159,2
2,2,2,2,4,160,1
2,1,2,2,2,161,2
2,1,2,2,3,162,1
2,2,2,1,3,163,2
2,2,3,1,-3,164,1
2,1,2,2,1,165,2
2,1,2,2,4,166,1
2,1,2,1,4,167,2
2,1,3,1,-3,168,1
2,1,3,1,-2,169,2
2,1,2,2,4,170,1
2,2,2,2,1,171,2
2,1,2,2,1,172,1
2,2,3,1,-1,173,2
2,2,3,1,-4,174,1
2,2,3,2,-1,175,2
2,1,2,2,3,176,1
2,1,2,1,2,177,2
2,2,3,1,-4,178,1
2,2,3,1,0,179,2
2,1,2,2,4,180,1
2,1,2,1,2,181,2
2,1,2,2,3,182,1
2,1,2,2,3,183,2
2,1,2,2,2,184,1
2,1,3,1,-4,185,2
2,1,2,2,3,186,1
2,1,2,2,4,187,2
2,1,3,1,3,188,1
2,1,2,2,3,189,2
2,1,2,2,3,190,1
2,2,3,2,-3,191,2
2,1,2,2,5,192,1
2,2,3,2,1,193,2
2,1,2,2,3,194,1
2,2,2,2,5,195,2
2,1,3,2,-1,196,1
2,2,3,2,-1,197,2
2,1,2,2,0,198,1
2,1,2,2,0,199,2
2,1,2,2,-3,200,1
2,1,2,2,-4,201,2
2,1,2,1,-3,202,1
2,1,2,1,-4,203,2
2,1,2,2,-5,204,1
2,1,3,2,4,205,2
2,2,3,2,4,206,1
2,2,3,2,5,207,2
2,2,2,1,-4,208,1
2,2,3,1,-1,209,2
2,1,2,2,-1,210,1
2,2,3,1,-3,211,2
2,1,3,2,-3,212,1
2,1,2,1,-3,213,2
2,1,2,1,1,214,1
2,1,2,2,-3,215,2
2,1,2,1,3,216,1
2,1,2,1,5,217,2
2,1,2,1,5,218,1
2,2,3,1,2,219,2
2,1,2,1,2,220,1
2,1,2,1,-1,221,2
2,1,2,1,-1,222,1
2,2,2,1,1,223,2
2,1,3,1,2,224,1
2,2,2,2,-5,225,2
2,1,2,1,0,226,1
2,1,2,2,-4,227,2
2,1,2,1,3,228,1
2,1,3,2,-1,229,2
2,1,2,1,3,230,1
2,2,2,1,3,231,2
2,1,3,1,3,232,1
2,2,3,2,-5,233,2
2,1,2,1,2,234,1
2,1,3,2,-1,235,2
2,1,3,1,5,236,1
2,1,2,1,-3,237,2
2,1,2,1,-4,238,1
2,2,3,2,-3,239,2
2,1,2,1,-3,240,1
2,2,2,2,-4,241,2
2,1,2,1,-5,242,1
2,2,3,1,1,243,2
2,2,3,1,2,244,1
2,2,2,2,4,245,2
2,1,2,1,0,246,1
2,2,3,2,3,247,2
2,2,3,1,4,248,1
2,2,3,1,2,249,2
2,2,3,1,1,250,1
3,2,3,2,-2,1,2
3,2,3,1,2,2,1
3,1,2,1,5,3,2
3,2,3,1,-1,4,1
3,2,3,1,-3,5,2
3,1,2,1,3,6,1
3,2,3,1,-2,7,2
3,1,3,2,1,8,1
3,1,2,2,1,9,2
3,2,3,2,4,10,1
3,1,2,2,2,11,2
3,1,2,1,-2,12,1
3,1,2,2,1,13,2
3,1,2,2,-2,14,1
3,2,3,2,1,15,2
3,1,2,1,0,16,1
3,2,3,1,0,17,2
3,2,3,2,-1,18,1
3,1,2,1,-3,19,2
3,2,2,1,-5,20,1
3,1,2,2,-3,21,2
3,2,2,2,-3,22,1
3,2,3,1,-5,23,2
3,2,2,2,-3,24,1
3,1,2,2,-1,25,2
3,2,2,2,-2,26,1
3,1,2,1,1,27,2
3,1,2,1,4,28,1
3,2,3,2,1,29,2
3,1,2,1,2,30,1
3,2,3,1,3,31,2
3,1,2,1,4,32,1
3,1,2,2,-3,33,2
3,1,3,2,-4,34,1
3,2,3,2,-3,35,2
3,1,2,1,-1,36,1
3,2,2,1,-3,37,2
3,1,2,1,-2,38,1
3,1,2,1,0,39,2
3,1,2,1,1,40,1
3,2,3,1,3,41,2
3,2,3,1,3,42,1
3,1,2,1,1,43,2
3,2,3,1,4,44,1
3,1,2,1,4,45,2
3,2,3,1,4,46,1
3,2,3,1,3,47,2
3,2,2,1,4,48,1
3,1,2,1,4,49,2
3,2,2,1,2,50,1
3,2,3,1,4,51,2
3,2,3,1,3,52,1
3,2,3,2,1,53,2
3,2,3,1,-1,54,1
3,2,3,1,-3,55,2
3,1,3,1,-5,56,1
3,2,3,1,-4,57,2
3,2,3,2,3,58,1
3,1,2,1,-4,59,2
3,2,3,2,1,60,1
3,1,2,1,-1,61,2
3,1,2,1,-1,62,1
3,1,2,1,1,63,2
3,2,3,2,5,64,1
3,2,3,2,1,65,2
3,2,3,2,4,66,1
3,1,3,1,-4,67,2
3,1,3,2,4,68,1
3,2,3,1,-5,69,2
3,2,2,1,-1,70,1
3,2,3,1,-1,71,2
3,1,2,1,-3,72,1
3,1,2,2,4,73,2
3,1,2,2,2,74,1
3,2,3,1,-5,75,2
3,1,2,2,0,76,1
3,1,2,2,1,77,2
3,1,2,1,-2,78,1
3,2,3,1,-1,79,2
3,2,3,2,-4,80,1
3,1,2,2,-4,81,2
3,2,2,2,-2,82,1
3,1,2,2,-2,83,2
3,2,2,1,-3,84,1
3,1,2,1,-3,85,2
3,1,2,2,-2,86,1
3,1,3,2,2,87,2
3,1,2,2,3,88,1
3,2,2,1,3,89,2
3,1,3,2,1,90,1
3,2,3,2,0,91,2
3,1,2,2,3,92,1
3,1,2,2,2,93,2
3,1,3,2,-2,94,1
3,2,3,1,5,95,2
3,1,3,2,-3,96,1
3,1,3,2,-4,97,2
3,1,2,2,4,98,1
3,2,3,1,4,99,2
3,1,2,2,4,100,1
3,1,2,2,0,101,2
3,1,2,2,0,102,1
3,2,3,2,1,103,2
3,1,2,2,-2,104,1
3,1,2,2,-3,105,2
3,1,3,1,2,106,1
3,2,3,1,4,107,2
3,2,3,1,4,108,1
3,2,3,1,4,109,2
3,2,3,1,3,110,1
3,1,3,2,3,111,2
3,1,2,1,2,112,1
3,2,3,1,3,113,2
3,2,3,1,5,114,1
3,1,2,1,2,115,2
3,2,3,1,5,116,1
3,2,3,2,1,117,2
3,2,2,1,5,118,1
3,1,2,1,3,119,2
3,2,3,1,3,120,1
3,1,2,1,2,121,2
3,2,3,1,2,122,1
3,1,2,1,2,123,2
3,2,3,1,2,124,1
3,1,2,2,-1,125,2
3,1,2,1,1,126,1
3,1,2,1,2,127,2
3,1,2,1,3,128,1
3,2,2,1,1,129,2
3,2,3,1,-3,130,1
3,2,3,2,1,131,2
3,1,2,1,2,132,1
3,2,3,1,-5,133,2
3,1,3,2,0,134,1
3,1,2,2,-4,135,2
3,1,2,1,1,136,1
3,2,3,2,-1,137,2
3,1,2,1,3,138,1
3,2,3,1,0,139,2
3,1,2,1,4,140,1
3,2,3,2,-1,141,2
3,1,3,2,-2,142,1
3,1,3,2,-2,143,2
3,2,3,1,-3,144,1
3,2,3,2,-1,145,2
3,1,2,1,-2,146,1
3,2,3,1,0,147,2
3,1,3,1,0,148,1
3,1,2,2,4,149,2
3,1,2,1,2,150,1
3,1,3,2,-2,151,2
3,1,2,1,3,152,1
3,2,3,1,2,153,2
3,1,2,1,3,154,1
3,2,3,1,1,155,2
3,1,2,1,3,156,1
3,2,3,2,-1,157,2
3,1,2,1,3,158,1
3,1,2,1,4,159,2
3,1,3,1,1,160,1
3,2,3,2,0,161,2
3,1,2,1,1,162,1
3,2,3,1,-2,163,2
3,1,2,1,1,164,1
3,2,3,1,0,165,2
3,2,3,1,-1,166,1
3,2,3,1,0,167,2
3,1,2,1,5,168,1
3,2,3,2,3,169,2
3,1,2,1,3,170,1
3,2,3,2,0,171,2
3,1,2,1,3,172,1
3,2,3,2,-2,173,2
3,1,2,1,4,174,1
3,2,3,2,-1,175,2
3,1,3,1,1,176,1
3,1,3,2,0,177,2
3,1,2,1,4,178,1
3,1,3,1,0,179,2
3,1,2,1,3,180,1
3,1,2,2,4,181,2
3,1,2,1,4,182,1
3,2,3,1,-5,183,2
3,1,3,2,-3,184,1
3,2,2,1,3,185,2
3,1,3,1,-3,186,1
3,2,3,2,1,187,2
3,1,2,1,4,188,1
3,2,3,2,1,189,2
3,1,2,1,5,190,1
3,1,2,2,2,191,2
3,1,2,1,0,192,1
3,2,3,1,1,193,2
3,1,2,2,3,194,1
3,1,2,2,5,195,2
3,1,2,2,2,196,1
3,2,3,1,4,197,2
3,1,3,2,-1,198,1
3,2,3,2,-3,199,2
3,1,3,1,-1,200,1
3,1,2,2,-4,201,2
3,1,2,1,-3,202,1
3,1,2,1,-4,203,2
3,1,2,2,-5,204,1
3,2,2,2,-1,205,2
3,1,2,1,-4,206,1
3,1,2,1,-4,207,2
3,2,3,1,-1,208,1
3,2,3,2,3,209,2
3,1,2,1,-4,210,1
3,1,2,1,-5,211,2
3,2,2,2,-2,212,1
3,2,3,1,0,213,2
3,2,2,2,-1,214,1
3,1,2,2,-3,215,2
3,2,3,2,-3,216,1
3,1,2,2,-1,217,2
3,1,2,1,5,218,1
3,2,3,2,2,219,2
3,2,3,1,2,220,1
3,2,3,2,-2,221,2
3,2,2,1,-1,222,1
3,2,3,1,4,223,2
3,2,2,1,0,224,1
3,2,3,1,1,225,2
3,2,3,1,1,226,1
3,2,3,1,1,227,2
3,2,3,1,4,228,1
3,2,3,2,-1,229,2
3,2,3,1,4,230,1
3,2,3,1,2,231,2
3,2,3,1,3,232,1
3,2,3,2,-5,233,2
3,2,3,1,3,234,1
3,2,3,2,-1,235,2
3,2,3,1,5,236,1
3,2,3,1,4,237,2
3,2,3,1,4,238,1
3,2,3,2,-3,239,2
3,2,3,1,4,240,1
3,2,3,2,-4,241,2
3,2,3,1,5,242,1
3,1,2,2,2,243,2
3,2,2,1,0,244,1
3,1,2,2,4,245,2
3,2,3,1,-1,246,1
3,2,3,2,3,247,2
3,2,3,1,4,248,1
3,1,2,2,2,249,2
3,2,3,1,1,250,1
4,2,3,2,-2,1,1
4,2,3,1,2,2,2
4,1,2,1,5,3,1
4,1,2,2,-1,4,2
4,1,2,1,-1,5,1
4,1,2,2,1,6,2
4,1,2,2,2,7,1
4,2,3,2,1,8,2
4,1,2,2,1,9,1
4,2,2,1,-3,10,2
4,1,2,1,-5,11,1
4,1,2,1,-2,12,2
4,1,2,2,1,13,1
4,2,2,1,-1,14,2
4,1,2,2,-3,15,1
4,1,3,1,-3,16,2
4,1,2,2,-2,17,1
4,1,2,1,-5,18,2
4,1,2,1,-3,19,1
4,2,3,2,-1,20,2
4,2,2,1,-3,21,1
4,1,2,2,-3,22,2
4,2,2,2,-2,23,1
4,2,3,2,-4,24,2
4,2,3,1,-1,25,1
4,1,2,2,-2,26,2
4,2,2,1,1,27,1
4,2,2,1,4,28,2
4,2,3,2,1,29,1
4,2,3,2,-4,30,2
4,1,2,1,5,31,1
4,1,2,1,4,32,2
4,1,2,1,0,33,1
4,2,3,1,3,34,2
4,1,2,1,-2,35,1
4,2,2,2,-1,36,2
4,1,2,1,-3,37,1
4,2,3,1,4,38,2
4,2,3,1,3,39,1
4,2,3,2,3,40,2
4,2,3,1,3,41,1
4,2,3,2,5,42,2
4,2,3,2,3,43,1
4,1,2,1,2,44,2
4,1,3,2,3,45,1
4,2,3,1,4,46,2
4,1,2,2,-3,47,1
4,2,3,2,2,48,2
4,2,3,1,3,49,1
4,1,3,1,4,50,2
4,2,2,1,1,51,1
4,2,3,1,3,52,2
4,2,2,1,-1,53,1
4,1,2,2,-4,54,2
4,2,2,2,-4,55,1
4,2,3,2,2,56,2
4,2,2,1,-5,57,1
4,2,3,1,-3,58,2
4,2,2,1,-4,59,1
4,1,2,1,0,60,2
4,2,3,2,4,61,1
4,1,2,1,-1,62,2
4,2,3,2,3,63,1
4,1,3,1,-4,64,2
4,2,3,2,1,65,1
4,2,3,1,-5,66,2
4,1,3,2,2,67,1
4,1,2,2,4,68,2
4,2,3,2,4,69,1
4,2,3,1,-2,70,2
4,2,2,1,-1,71,1
4,1,2,1,-3,72,2
4,2,3,2,5,73,1
4,1,3,1,-3,74,2
4,2,2,1,-5,75,1
4,2,3,2,2,76,2
4,1,2,2,1,77,1
4,1,2,2,0,78,2
4,2,3,2,-1,79,1
4,1,2,1,1,80,2
4,2,3,2,-4,81,1
4,2,3,1,1,82,2
4,2,3,1,0,83,1
4,1,2,2,-3,84,2
4,1,3,1,3,85,1
4,1,3,1,3,86,2
4,2,2,1,-5,87,1
4,1,2,2,3,88,2
4,1,2,2,4,89,1
4,2,3,1,-1,90,2
4,2,3,1,-2,91,1
4,1,2,2,3,92,2
4,2,3,1,2,93,1
4,1,2,1,-2,94,2
4,2,3,1,5,95,1
4,1,2,1,2,96,2
4,2,3,1,5,97,1
4,1,2,1,3,98,2
4,2,2,2,4,99,1
4,2,3,2,-4,100,2
4,2,2,2,0,101,1
4,2,3,2,-1,102,2
4,2,2,2,-1,103,1
4,1,2,1,4,104,2
4,1,2,1,0,105,1
4,2,3,2,-1,106,2
4,1,2,1,1,107,1
4,1,2,2,3,108,2
4,2,3,1,4,109,1
4,1,2,2,0,110,2
4,2,3,1,3,111,1
4,1,3,2,2,112,2
4,2,3,1,3,113,1
4,1,2,1,1,114,2
4,2,3,1,3,115,1
4,1,2,1,4,116,2
4,2,3,1,4,117,1
4,2,3,2,5,118,2
4,1,2,1,3,119,1
4,1,2,2,4,120,2
4,2,3,1,2,121,1
4,2,3,2,4,122,2
4,1,2,1,2,123,1
4,2,3,1,2,124,2
4,2,3,1,3,125,1
4,1,2,2,-4,126,2
4,2,3,1,2,127,1
4,1,3,1,1,128,2
4,1,2,2,-3,129,1
4,1,2,2,-4,130,2
4,1,2,1,5,131,1
4,1,2,1,2,132,2
4,2,3,1,-5,133,1
4,2,2,1,4,134,2
4,1,2,1,2,135,1
4,1,3,1,3,136,2
4,2,3,2,-1,137,1
4,2,2,2,-4,138,2
4,1,2,1,4,139,1
4,1,2,2,0,140,2
4,1,3,2,-1,141,1
4,2,3,1,-5,142,2
4,1,2,1,2,143,1
4,2,3,2,-2,144,2
4,1,2,1,0,145,1
4,1,2,1,-2,146,2
4,1,3,2,1,147,1
4,2,3,1,0,148,2
4,1,2,1,-3,149,1
4,2,3,2,-3,150,2
4,2,3,2,-2,151,1
4,1,2,1,3,152,2
4,1,2,1,1,153,1
4,1,2,1,3,154,2
4,1,2,1,3,155,1
4,1,2,1,3,156,2
4,1,2,1,3,157,1
4,2,2,1,3,158,2
4,1,2,1,4,159,1
4,1,2,2,4,160,2
4,1,2,1,5,161,1
4,1,3,2,0,162,2
4,1,3,1,-2,163,1
4,1,3,1,-3,164,2
4,1,2,1,1,165,1
4,1,2,2,4,166,2
4,2,3,2,4,167,1
4,2,3,1,-3,168,2
4,1,2,1,5,169,1
4,1,2,2,4,170,2
4,1,2,1,4,171,1
4,1,3,2,0,172,2
4,1,3,2,-2,173,1
4,1,2,1,4,174,2
4,1,2,2,4,175,1
4,2,2,1,5,176,2
4,1,2,1,2,177,1
4,1,2,1,4,178,2
4,1,2,2,4,179,1
4,2,3,2,-3,180,2
4,1,2,2,4,181,1
4,1,2,2,3,182,2
4,1,3,2,-5,183,1
4,2,2,2,2,184,2
4,1,3,1,-4,185,1
4,1,2,1,5,186,2
4,1,2,2,4,187,1
4,1,2,2,5,188,2
4,1,2,2,3,189,1
4,1,2,1,5,190,2
4,1,2,2,2,191,1
4,2,3,2,0,192,2
4,1,2,2,3,193,1
4,1,2,1,-5,194,2
4,1,2,1,-1,195,1
4,1,2,2,2,196,2
4,1,3,1,4,197,1
4,2,3,2,-1,198,2
4,1,2,1,-5,199,1
4,1,2,1,-3,200,2
4,2,3,1,0,201,1
4,1,2,1,-3,202,2
4,1,2,2,-5,203,1
4,1,2,2,-5,204,2
4,1,2,1,-2,205,1
4,2,3,2,4,206,2
4,2,3,1,0,207,1
4,1,2,1,-4,208,2
4,2,3,2,3,209,1
4,2,3,2,1,210,2
4,2,3,2,-2,211,1
4,2,3,2,-3,212,2
4,2,3,2,-5,213,1
4,2,3,1,-3,214,2
4,2,3,1,-2,215,1
4,2,2,1,3,216,2
4,2,3,2,-3,217,1
4,2,3,2,1,218,2
4,1,2,2,-2,219,1
4,2,2,1,2,220,2
4,1,3,2,-2,221,1
4,2,3,1,2,222,2
4,1,2,1,1,223,1
4,1,2,2,-4,224,2
4,2,3,1,1,225,1
4,2,3,2,2,226,2
4,1,2,1,0,227,1
4,1,2,1,3,228,2
4,1,2,1,1,229,1
4,1,2,1,3,230,2
4,1,2,1,3,231,1
4,2,2,1,2,232,2
4,2,2,1,1,233,1
4,1,2,2,-2,234,2
4,1,2,1,1,235,1
4,2,3,2,0,236,2
4,2,3,2,-3,237,1
4,1,2,1,-4,238,2
4,1,2,1,-4,239,1
4,1,3,1,4,240,2
4,1,2,2,-4,241,1
4,2,3,1,5,242,2
4,2,3,1,1,243,1
4,2,2,2,4,244,2
4,2,3,1,2,245,1
4,2,2,2,4,246,2
4,2,3,1,0,247,1
4,2,3,2,3,248,2
4,2,3,2,2,249,1
4,1,2,1,-1,250,2
5,1,3,1,-2,1,2
5,2,3,2,2,2,1
5,1,2,1,5,3,2
5,1,3,2,2,4,1
5,1,3,1,-3,5,2
5,1,2,1,3,6,1
5,1,3,2,1,7,2
5,1,2,1,0,8,1
5,2,3,2,3,9,2
5,2,3,2,4,10,1
5,2,2,1,-5,11,2
5,2,3,2,4,12,1
5,2,3,2,3,13,2
5,2,2,2,-2,14,1
5,2,3,1,-1,15,2
5,1,3,2,0,16,1
5,1,3,2,0,17,2
5,1,2,2,-3,18,1
5,1,2,2,-3,19,2
5,2,3,2,-1,20,1
5,2,3,1,-3,21,2
5,1,2,1,-3,22,1
5,2,3,1,-5,23,2
5,1,2,1,-1,24,1
5,1,3,2,-1,25,2
5,1,2,1,-1,26,1
5,1,3,1,0,27,2
5,1,2,1,4,28,1
5,1,2,2,-3,29,2
5,1,2,1,2,30,1
5,1,2,1,5,31,2
5,1,2,1,4,32,1
5,2,3,1,3,33,2
5,1,2,1,0,34,1
5,1,2,2,-1,35,2
5,1,2,1,-1,36,1
5,2,3,1,5,37,2
5,1,2,1,-2,38,1
5,2,3,2,-2,39,2
5,2,3,1,1,40,1
5,2,3,1,3,41,2
5,2,3,1,3,42,1
5,2,3,2,3,43,2
5,2,3,1,4,44,1
5,1,2,2,-3,45,2
5,2,3,1,4,46,1
5,1,3,1,3,47,2
5,2,3,1,2,48,1
5,1,2,1,4,49,2
5,1,2,1,2,50,1
5,2,3,1,4,51,2
5,2,3,1,3,52,1
5,1,2,1,-1,53,2
5,1,2,1,-5,54,1
5,1,2,2,-4,55,2
5,2,3,1,-5,56,1
5,1,2,1,-5,57,2
5,2,2,2,-3,58,1
5,2,3,1,-4,59,2
5,2,2,2,-2,60,1
5,1,2,1,-1,61,2
5,2,3,2,3,62,1
5,2,3,2,3,63,2
5,2,3,2,5,64,1
5,2,3,2,1,65,2
5,2,3,2,4,66,1
5,2,3,1,-4,67,2
5,2,3,2,4,68,1
5,1,2,2,4,69,2
5,2,2,2,1,70,1
5,1,2,2,1,71,2
5,2,3,2,3,72,1
5,1,2,1,-3,73,2
5,2,3,2,1,74,1
5,2,3,2,2,75,2
5,2,2,2,0,76,1
5,2,3,1,-3,77,2
5,2,2,2,0,78,1
5,1,3,2,-1,79,2
5,2,3,2,-4,80,1
5,2,3,2,-4,81,2
5,1,2,2,-2,82,1
5,2,3,2,-2,83,2
5,1,2,2,-3,84,1
5,1,2,2,-4,85,2
5,2,3,2,1,86,1
5,1,2,1,-5,87,2
5,2,3,2,0,88,1
5,1,2,2,4,89,2
5,2,3,2,1,90,1
5,2,2,2,4,91,2
5,2,3,2,2,92,1
5,1,2,2,2,93,2
5,2,3,2,-2,94,1
5,1,3,2,-4,95,2
5,2,3,2,-3,96,1
5,2,3,1,5,97,2
5,1,2,2,4,98,1
5,1,2,2,4,99,2
5,1,2,2,4,100,1
5,2,3,1,4,101,2
5,1,2,2,0,102,1
5,1,2,2,-1,103,2
5,1,2,2,-2,104,1
5,1,2,1,0,105,2
5,1,3,1,2,106,1
5,2,3,1,4,107,2
5,2,3,1,4,108,1
5,2,3,1,4,109,2
5,2,3,1,3,110,1
5,1,2,1,3,111,2
5,2,3,1,5,112,1
5,1,2,1,-1,113,2
5,2,2,2,2,114,1
5,2,3,1,3,115,2
5,2,2,2,2,116,1
5,1,2,1,4,117,2
5,2,2,2,5,118,1
5,1,3,1,0,119,2
5,2,3,1,3,120,1
5,2,3,2,2,121,2
5,1,2,2,5,122,1
5,1,3,1,5,123,2
5,2,2,2,0,124,1
5,1,2,1,3,125,2
5,2,2,2,-4,126,1
5,2,2,2,-1,127,2
5,1,2,1,3,128,1
5,2,3,2,1,129,2
5,1,2,1,3,130,1
5,2,3,2,1,131,2
5,1,2,1,2,132,1
5,1,2,2,-5,133,2
5,2,3,1,-1,134,1
5,2,3,2,1,135,2
5,1,3,2,1,136,1
5,2,3,2,-1,137,2
5,1,3,1,2,138,1
5,1,2,2,-3,139,2
5,1,3,1,-1,140,1
5,1,3,1,-5,141,2
5,1,2,1,4,142,1
5,2,3,1,-2,143,2
5,1,3,2,-2,144,1
5,1,2,2,3,145,2
5,1,2,1,-2,146,1
5,1,3,1,0,147,2
5,1,2,1,-3,148,1
5,1,2,2,4,149,2
5,1,3,1,-2,150,1
5,1,2,2,3,151,2
5,1,2,2,5,152,1
5,1,3,1,2,153,2
5,1,2,2,5,154,1
5,1,2,1,3,155,2
5,1,2,2,4,156,1
5,1,3,1,2,157,2
5,1,2,2,4,158,1
5,2,3,1,0,159,2
5,1,2,2,4,160,1
5,2,3,2,0,161,2
5,1,2,2,3,162,1
5,2,3,1,-2,163,2
5,1,2,2,0,164,1
5,2,3,2,1,165,2
5,1,2,2,4,166,1
5,2,3,1,0,167,2
5,1,3,1,-3,168,1
5,2,2,1,5,169,2
5,1,3,2,0,170,1
5,2,3,2,0,171,2
5,1,2,2,1,172,1
5,2,3,2,-2,173,2
5,1,3,2,-2,174,1
5,2,3,2,-1,175,2
5,1,3,1,1,176,1
5,1,2,1,2,177,2
5,1,3,1,-4,178,1
5,2,3,2,1,179,2
5,1,2,2,4,180,1
5,1,2,1,2,181,2
5,1,2,2,3,182,1
5,1,2,2,3,183,2
5,1,2,2,2,184,1
5,2,3,2,-1,185,2
5,1,3,2,0,186,1
5,1,2,1,4,187,2
5,1,3,2,4,188,1
5,1,2,1,5,189,2
5,1,2,1,5,190,1
5,1,2,1,4,191,2
5,1,2,1,0,192,1
5,1,2,1,-3,193,2
5,1,2,2,3,194,1
5,1,2,2,5,195,2
5,1,2,2,2,196,1
5,2,3,2,-1,197,2
5,1,2,2,0,198,1
5,2,3,1,0,199,2
5,2,3,2,0,200,1
5,1,3,2,3,201,2
5,2,3,2,3,202,1
5,1,3,2,5,203,2
5,2,2,2,-5,204,1
5,1,3,2,4,205,2
5,1,2,1,-4,206,1
5,2,3,2,5,207,2
5,2,3,2,5,208,1
5,1,2,2,0,209,2
5,2,3,2,1,210,1
5,2,3,2,-2,211,2
5,2,3,2,-3,212,1
5,2,3,1,0,213,2
5,2,3,2,-3,214,1
5,2,3,2,-3,215,2
5,1,2,1,3,216,1
5,2,3,1,-2,217,2
5,1,2,1,5,218,1
5,1,2,2,-2,219,2
5,1,2,1,2,220,1
5,1,2,1,-1,221,2
5,1,3,2,-5,222,1
5,1,2,2,-4,223,2
5,1,2,1,0,224,1
5,1,2,2,-5,225,2
5,1,2,1,0,226,1
5,1,2,1,0,227,2
5,1,2,1,3,228,1
5,2,3,1,5,229,2
5,1,2,1,3,230,1
5,1,2,2,-5,231,2
5,1,3,1,3,232,1
5,2,3,1,4,233,2
5,1,3,1,3,234,1
5,2,3,1,2,235,2
5,2,3,1,5,236,1
5,2,3,1,4,237,2
5,2,3,1,4,238,1
5,1,2,2,-4,239,2
5,2,3,1,4,240,1
5,2,3,2,-4,241,2
5,2,3,1,5,242,1
5,2,3,1,1,243,2
5,1,2,1,0,244,1
5,2,3,2,1,245,2
5,2,2,1,0,246,1
5,2,3,2,3,247,2
5,2,2,1,0,248,1
5,1,2,1,-4,249,2
5,2,3,1,1,250,1
6,2,3,2,-2,1,1
6,1,2,1,2,2,2
6,2,3,1,1,3,1
6,1,3,2,2,4,2
6,1,2,1,-1,5,1
6,2,3,1,-3,6,2
6,1,2,2,2,7,1
6,1,2,2,2,8,2
6,2,3,2,3,9,1
6,2,3,1,-3,10,2
6,2,3,2,3,11,1
6,1,2,1,-2,12,2
6,2,3,2,3,13,1
6,1,2,1,-1,14,2
6,2,2,2,-3,15,1
6,2,3,1,-3,16,2
6,2,3,2,0,17,1
6,1,2,1,-5,18,2
6,2,3,2,0,19,1
6,1,2,2,-1,20,2
6,2,3,2,0,21,1
6,2,3,1,-4,22,2
6,1,2,2,-2,23,1
6,2,2,1,-1,24,2
6,1,2,2,-1,25,1
6,1,2,1,-1,26,2
6,2,3,2,1,27,1
6,2,3,2,-1,28,2
6,2,3,2,1,29,1
6,2,2,1,2,30,2
6,2,3,2,-3,31,1
6,2,3,2,-4,32,2
6,1,2,1,0,33,1
6,1,3,2,-4,34,2
6,2,3,2,-3,35,1
6,2,3,1,3,36,2
6,1,2,1,-3,37,1
6,2,3,1,4,38,2
6,1,2,2,-2,39,1
6,2,3,1,1,40,2
6,1,2,1,3,41,1
6,1,2,1,0,42,2
6,2,3,1,4,43,1
6,1,2,1,2,44,2
6,2,3,1,5,45,1
6,1,2,2,1,46,2
6,2,3,1,3,47,1
6,2,3,1,2,48,2
6,2,3,1,3,49,1
6,2,3,1,4,50,2
6,2,3,1,4,51,1
6,1,2,2,-4,52,2
6,2,3,1,0,53,1
6,1,2,2,-4,54,2
6,2,3,1,-3,55,1
6,2,3,1,-5,56,2
6,2,2,1,-5,57,1
6,2,3,1,-3,58,2
6,2,3,1,-4,59,1
6,1,2,2,-2,60,2
6,1,2,2,1,61,1
6,2,3,2,3,62,2
6,2,3,1,-5,63,1
6,1,2,1,0,64,2
6,1,2,2,4,65,1
6,1,3,1,-5,66,2
6,2,3,2,2,67,1
6,1,2,1,-4,68,2
6,2,2,2,4,69,1
6,2,2,1,-1,70,2
6,2,3,2,4,71,1
6,1,3,1,-1,72,2
6,2,3,2,5,73,1
6,2,3,1,-3,74,2
6,2,3,2,2,75,1
6,2,3,1,-2,76,2
6,2,3,2,-2,77,1
6,2,3,1,0,78,2
6,2,3,2,-1,79,1
6,2,3,1,0,80,2
6,2,2,2,-4,81,1
6,2,3,1,1,82,2
6,2,3,1,0,83,1
6,1,3,2,-1,84,2
6,2,3,1,3,85,1
6,1,3,2,1,86,2
6,2,3,2,2,87,1
6,1,2,2,3,88,2
6,1,2,2,4,89,1
6,2,3,2,1,90,2
6,1,2,2,4,91,1
6,2,3,1,0,92,2
6,2,3,1,2,93,1
6,1,2,2,3,94,2
6,1,2,2,5,95,1
6,1,2,1,2,96,2
6,2,2,2,5,97,1
6,1,2,2,4,98,2
6,1,2,2,4,99,1
6,2,2,2,4,100,2
6,1,2,2,0,101,1
6,1,3,2,-1,102,2
6,2,3,1,4,103,1
6,2,3,2,0,104,2
6,1,3,2,1,105,1
6,1,2,1,0,106,2
6,2,3,1,4,107,1
6,1,2,2,3,108,2
6,2,3,1,4,109,1
6,1,3,1,3,110,2
6,1,2,2,1,111,1
6,1,3,1,5,112,2
6,2,2,1,-1,113,1
6,2,3,1,5,114,2
6,1,2,2,4,115,1
6,2,2,1,4,116,2
6,2,3,1,4,117,1
6,1,3,1,1,118,2
6,1,2,2,4,119,1
6,2,3,2,1,120,2
6,1,2,2,4,121,1
6,1,2,1,1,122,2
6,1,2,2,0,123,1
6,1,2,2,0,124,2
6,2,2,2,-1,125,1
6,2,3,1,2,126,2
6,1,2,1,2,127,1
6,1,2,2,-2,128,2
6,2,3,1,0,129,1
6,1,2,1,3,130,2
6,1,3,2,1,131,1
6,2,3,1,-5,132,2
6,1,3,2,0,133,1
6,2,2,1,4,134,2
6,2,3,2,1,135,1
6,1,2,1,1,136,2
6,1,2,1,2,137,1
6,1,2,1,3,138,2
6,1,2,1,4,139,1
6,1,2,2,0,140,2
6,1,2,1,2,141,1
6,1,2,1,4,142,2
6,1,3,2,-2,143,1
6,2,3,2,-2,144,2
6,1,2,1,0,145,1
6,1,3,2,-2,146,2
6,1,2,1,-4,147,1
6,2,3,2,-2,148,2
6,1,3,1,0,149,1
6,2,2,2,4,150,2
6,1,2,2,3,151,1
6,1,2,1,3,152,2
6,1,2,2,4,153,1
6,2,3,2,-2,154,2
6,1,2,2,3,155,1
6,2,2,2,4,156,2
6,1,2,2,3,157,1
6,2,3,1,2,158,2
6,1,2,2,5,159,1
6,1,3,2,3,160,2
6,1,2,2,2,161,1
6,1,2,2,3,162,2
6,1,2,2,3,163,1
6,2,2,1,1,164,2
6,1,3,1,0,165,1
6,2,3,1,-1,166,2
6,1,2,1,4,167,1
6,1,3,1,-3,168,2
6,2,3,2,3,169,1
6,1,2,1,3,170,2
6,1,2,2,1,171,1
6,2,2,1,3,172,2
6,1,3,2,-2,173,1
6,2,3,1,-4,174,2
6,1,3,2,-1,175,1
6,1,2,1,5,176,2
6,1,2,1,2,177,1
6,2,3,2,0,178,2
6,1,2,1,3,179,1
6,1,2,2,4,180,2
6,1,2,1,2,181,1
6,2,3,2,-4,182,2
6,1,2,2,3,183,1
6,2,3,2,-3,184,2
6,1,2,2,2,185,1
6,1,2,1,5,186,2
6,1,2,1,4,187,1
6,2,2,2,5,188,2
6,1,2,2,3,189,1
6,1,2,2,3,190,2
6,1,2,1,4,191,1
6,2,3,2,0,192,2
6,1,2,1,-3,193,1
6,1,2,1,-5,194,2
6,1,2,2,5,195,1
6,2,3,1,5,196,2
6,1,2,2,0,197,1
6,1,2,2,0,198,2
6,1,2,2,0,199,1
6,2,3,2,0,200,2
6,1,2,2,-4,201,1
6,1,2,1,-3,202,2
6,2,3,2,5,203,1
6,1,2,2,-5,204,2
6,2,2,1,-2,205,1
6,1,2,2,-1,206,2
6,1,2,1,-4,207,1
6,1,2,2,-1,208,2
6,2,3,2,3,209,1
6,2,3,1,-2,210,2
6,2,3,2,-2,211,1
6,1,3,2,-3,212,2
6,2,3,1,0,213,1
6,2,3,2,-3,214,2
6,1,2,2,-3,215,1
6,1,2,1,3,216,2
6,2,3,1,-2,217,1
6,1,2,2,1,218,2
6,2,2,1,5,219,1
6,1,2,1,2,220,2
6,1,2,1,-1,221,1
6,2,3,2,-5,222,2
6,1,2,1,1,223,1
6,1,2,2,-4,224,2
6,2,2,1,3,225,1
6,2,3,1,1,226,2
6,1,2,1,0,227,1
6,1,2,2,-4,228,2
6,2,3,1,5,229,1
6,1,2,1,3,230,2
6,1,3,1,2,231,1
6,1,2,2,-2,232,2
6,1,2,1,1,233,1
6,1,2,1,2,234,2
6,1,3,1,2,235,1
6,1,2,1,0,236,2
6,2,2,1,-3,237,1
6,1,2,2,-4,238,2
6,1,2,1,-4,239,1
6,1,2,2,-4,240,2
6,2,3,1,2,241,1
6,2,2,2,-2,242,2
6,2,3,1,1,243,1
6,1,2,2,4,244,2
6,2,3,1,2,245,1
6,1,2,2,4,246,2
6,2,3,1,0,247,1
6,1,2,1,0,248,2
6,2,3,1,2,249,1
6,2,3,1,1,250,2
7,1,2,1,1,1,1
7,1,3,1,2,2,2
7,1,3,2,4,3,1
7,1,2,2,-1,4,2
7,2,3,2,1,5,1
7,1,2,2,1,6,2
7,2,3,2,1,7,1
7,1,2,1,0,8,2
7,2,3,2,3,9,1
7,1,2,2,0,10,2
7,2,3,2,3,11,1
7,2,3,1,-3,12,2
7,1,2,1,-2,13,1
7,2,2,1,-1,14,2
7,2,3,2,1,15,1
7,2,2,2,-4,16,2
7,1,2,2,-2,17,1
7,2,2,2,-3,18,2
7,2,3,2,0,19,1
7,2,3,1,-3,20,2
7,2,3,2,0,21,1
7,2,2,2,-3,22,2
7,1,3,2,-3,23,1
7,1,2,1,-1,24,2
7,2,3,2,-1,25,1
7,1,3,1,-1,26,2
7,1,2,2,-4,27,1
7,2,3,2,-1,28,2
7,1,2,2,-3,29,1
7,2,3,2,-4,30,2
7,1,2,1,5,31,1
7,1,2,2,-5,32,2
7,2,3,2,-3,33,1
7,2,2,1,0,34,2
7,1,2,1,-2,35,1
7,1,2,2,-1,36,2
7,1,2,1,-3,37,1
7,1,2,1,-2,38,2
7,2,3,2,-2,39,1
7,2,3,1,1,40,2
7,2,3,1,3,41,1
7,1,2,1,0,42,2
7,2,2,1,1,43,1
7,2,2,1,2,44,2
7,2,3,1,5,45,1
7,1,2,1,3,46,2
7,2,3,1,3,47,1
7,2,3,1,2,48,2
7,2,3,1,3,49,1
7,2,3,1,4,50,2
7,2,3,1,4,51,1
7,1,2,1,1,52,2
7,2,2,1,-1,53,1
7,2,3,1,-1,54,2
7,2,3,1,-3,55,1
7,1,2,1,-3,56,2
7,2,3,1,-4,57,1
7,2,3,2,3,58,2
7,1,2,1,-4,59,1
7,1,2,2,-2,60,2
7,2,3,2,4,61,1
7,2,2,2,2,62,2
7,2,3,1,-5,63,1
7,2,3,1,-4,64,2
7,2,2,2,4,65,1
7,1,2,1,-3,66,2
7,2,3,2,2,67,1
7,2,3,1,-3,68,2
7,1,2,2,4,69,1
7,2,3,2,5,70,2
7,2,2,2,1,71,1
7,2,3,1,-1,72,2
7,1,2,2,4,73,1
7,1,2,1,-5,74,2
7,1,2,2,2,75,1
7,2,3,2,2,76,2
7,1,2,2,1,77,1
7,2,3,1,0,78,2
7,2,2,2,-2,79,1
7,2,3,1,0,80,2
7,1,3,2,-4,81,1
7,2,2,2,-2,82,2
7,1,2,2,-2,83,1
7,2,3,1,-1,84,2
7,1,2,1,-3,85,1
7,2,3,1,3,86,2
7,1,3,2,2,87,1
7,1,2,2,3,88,2
7,2,3,2,-1,89,1
7,1,2,1,4,90,2
7,1,2,1,3,91,1
7,1,2,2,3,92,2
7,1,2,2,2,93,1
7,1,3,2,-2,94,2
7,1,2,2,5,95,1
7,1,3,1,5,96,2
7,1,2,2,5,97,1
7,1,2,1,3,98,2
7,1,2,2,4,99,1
7,2,3,2,-4,100,2
7,1,3,2,-2,101,1
7,1,2,2,0,102,2
7,1,3,2,1,103,1
7,1,2,1,4,104,2
7,1,3,2,1,105,1
7,2,3,2,-1,106,2
7,1,2,2,2,107,1
7,1,2,2,3,108,2
7,1,3,2,1,109,1
7,2,3,1,3,110,2
7,1,3,2,3,111,1
7,2,3,2,2,112,2
7,1,2,2,1,113,1
7,2,2,1,1,114,2
7,1,3,2,1,115,1
7,1,2,2,2,116,2
7,1,2,1,4,117,1
7,1,3,1,1,118,2
7,2,2,2,4,119,1
7,2,3,2,1,120,2
7,1,2,2,4,121,1
7,2,3,2,4,122,2
7,1,2,2,0,123,1
7,1,2,2,0,124,2
7,2,2,2,-1,125,1
7,2,3,2,1,126,2
7,1,2,2,-1,127,1
7,1,2,1,3,128,2
7,1,2,1,1,129,1
7,1,2,1,3,130,2
7,1,2,1,5,131,1
7,2,3,1,-5,132,2
7,2,2,1,3,133,1
7,1,3,1,-1,134,2
7,1,2,1,2,135,1
7,1,3,2,1,136,2
7,2,3,2,-1,137,1
7,2,3,2,-3,138,2
7,1,2,1,4,139,1
7,1,2,1,4,140,2
7,1,2,1,2,141,1
7,2,3,1,-5,142,2
7,1,2,1,2,143,1
7,2,3,2,-2,144,2
7,2,3,2,-1,145,1
7,1,2,2,5,146,2
7,1,2,1,-4,147,1
7,2,2,2,4,148,2
7,2,3,2,-4,149,1
7,2,2,2,4,150,2
7,1,2,2,3,151,1
7,2,3,2,-4,152,2
7,1,2,2,4,153,1
7,1,2,1,3,154,2
7,1,2,2,3,155,1
7,2,3,1,0,156,2
7,1,3,1,2,157,1
7,2,3,2,1,158,2
7,1,2,2,5,159,1
7,2,2,2,4,160,2
7,1,2,2,2,161,1
7,2,2,2,3,162,2
7,1,2,2,3,163,1
7,1,2,1,1,164,2
7,1,2,2,1,165,1
7,1,3,2,3,166,2
7,1,3,1,0,167,1
7,1,2,1,5,168,2
7,1,2,2,3,169,1
7,1,2,2,4,170,2
7,1,2,2,1,171,1
7,2,3,1,-1,172,2
7,1,2,2,2,173,1
7,1,2,1,4,174,2
7,1,2,2,4,175,1
7,2,3,2,0,176,2
7,1,3,1,0,177,1
7,1,2,1,4,178,2
7,1,2,1,3,179,1
7,2,3,2,-3,180,2
7,1,2,2,4,181,1
7,2,2,1,4,182,2
7,1,2,1,2,183,1
7,1,2,2,2,184,2
7,2,3,1,-4,185,1
7,2,2,1,5,186,2
7,1,2,2,4,187,1
7,1,3,1,3,188,2
7,1,3,1,-1,189,1
7,2,3,2,-3,190,2
7,1,2,2,2,191,1
7,1,3,1,-4,192,2
7,1,2,2,3,193,1
7,2,3,2,2,194,2
7,1,2,2,5,195,1
7,1,2,1,-2,196,2
7,1,2,2,0,197,1
7,2,3,2,-1,198,2
7,1,2,2,0,199,1
7,2,3,2,0,200,2
7,2,3,1,0,201,1
7,1,2,1,-3,202,2
7,2,3,1,0,203,1
7,2,3,2,4,204,2
7,1,2,1,-2,205,1
7,1,3,1,-1,206,2
7,1,2,2,-3,207,1
7,2,3,2,5,208,2
7,1,2,2,0,209,1
7,2,2,1,-4,210,2
7,1,3,1,-3,211,1
7,1,2,2,-2,212,2
7,2,3,2,-5,213,1
7,1,2,2,-1,214,2
7,1,2,2,-3,215,1
7,1,2,1,3,216,2
7,1,2,1,5,217,1
7,2,3,1,1,218,2
7,2,3,1,2,219,1
7,2,3,1,2,220,2
7,1,2,1,-1,221,1
7,2,3,2,-5,222,2
7,2,3,1,4,223,1
7,1,2,1,0,224,2
7,1,2,1,3,225,1
7,1,2,1,0,226,2
7,1,2,1,0,227,1
7,2,2,2,-4,228,2
7,2,3,1,5,229,1
7,2,3,1,4,230,2
7,1,2,1,3,231,1
7,1,2,2,-2,232,2
7,1,2,1,1,233,1
7,1,2,1,2,234,2
7,1,3,1,2,235,1
7,1,3,1,5,236,2
7,2,3,1,4,237,1
7,1,2,2,-4,238,2
7,2,3,1,3,239,1
7,2,3,1,4,240,2
7,2,2,1,-2,241,1
7,1,2,2,-2,242,2
7,2,3,1,1,243,1
7,1,2,2,4,244,2
7,1,2,1,1,245,1
7,2,3,2,3,246,2
7,2,3,1,0,247,1
7,2,3,1,4,248,2
7,2,3,1,2,249,1
7,2,3,1,1,250,2
8,1,2,2,-2,1,1
8,2,2,1,2,2,2
8,1,2,2,-2,3,1
8,2,2,1,2,4,2
8,1,2,1,-1,5,1
8,2,3,1,-3,6,2
8,2,2,2,2,7,1
8,1,2,2,2,8,2
8,1,2,1,-1,9,1
8,1,3,1,-3,10,2
8,2,3,2,3,11,1
8,1,2,1,-2,12,2
8,2,2,2,1,13,1
8,2,3,2,3,14,2
8,2,3,2,1,15,1
8,2,3,2,0,16,2
8,1,2,2,-2,17,1
8,1,3,2,-1,18,2
8,2,3,1,-5,19,1
8,2,3,1,-3,20,2
8,1,2,1,-3,21,1
8,2,3,2,0,22,2
8,1,2,2,-2,23,1
8,2,3,2,-4,24,2
8,1,2,1,-2,25,1
8,1,3,2,2,26,2
8,1,2,1,1,27,1
8,1,2,2,-5,28,2
8,1,3,2,1,29,1
8,2,3,1,5,30,2
8,1,2,2,-4,31,1
8,2,3,2,-4,32,2
8,2,3,2,-3,33,1
8,2,3,1,3,34,2
8,1,2,1,-2,35,1
8,2,3,2,-3,36,2
8,1,3,1,5,37,1
8,1,2,1,-2,38,2
8,1,3,1,3,39,1
8,1,2,1,1,40,2
8,2,3,1,3,41,1
8,2,2,2,-4,42,2
8,2,3,1,4,43,1
8,2,2,1,2,44,2
8,1,2,2,-3,45,1
8,1,2,1,3,46,2
8,2,3,1,3,47,1
8,1,2,2,-1,48,2
8,2,3,1,3,49,1
8,2,3,2,1,50,2
8,2,3,1,4,51,1
8,1,2,1,1,52,2
8,2,3,1,0,53,1
8,2,3,2,1,54,2
8,1,3,1,-3,55,1
8,1,2,2,-1,56,2
8,2,2,1,-5,57,1
8,2,2,1,-3,58,2
8,2,2,2,0,59,1
8,2,2,1,0,60,2
8,1,2,2,1,61,1
8,1,2,1,-1,62,2
8,1,3,1,-5,63,1
8,2,2,1,0,64,2
8,1,2,2,4,65,1
8,1,2,1,-3,66,2
8,1,3,2,2,67,1
8,1,2,1,-4,68,2
8,1,3,2,4,69,1
8,2,3,2,5,70,2
8,2,2,2,1,71,1
8,2,3,2,3,72,2
8,2,3,2,5,73,1
8,2,2,1,-5,74,2
8,2,3,2,2,75,1
8,1,2,2,0,76,2
8,2,2,2,1,77,1
8,1,3,2,-1,78,2
8,1,2,2,-2,79,1
8,1,2,1,1,80,2
8,1,2,2,-4,81,1
8,1,2,1,-1,82,2
8,2,3,2,-2,83,1
8,2,3,2,-1,84,2
8,1,2,1,-3,85,1
8,2,3,1,3,86,2
8,2,2,1,-5,87,1
8,1,2,1,-1,88,2
8,2,3,2,-1,89,1
8,2,3,2,1,90,2
8,2,2,1,3,91,1
8,2,2,2,3,92,2
8,1,2,1,-2,93,1
8,2,2,2,3,94,2
8,2,3,2,-4,95,1
8,1,2,2,4,96,2
8,1,2,1,3,97,1
8,1,2,1,3,98,2
8,2,2,2,4,99,1
8,1,2,2,4,100,2
8,1,2,2,0,101,1
8,1,3,2,-1,102,2
8,1,2,2,-1,103,1
8,1,2,1,4,104,2
8,2,2,1,0,105,1
8,2,2,1,0,106,2
8,2,3,1,4,107,1
8,1,3,1,4,108,2
8,2,3,1,4,109,1
8,1,2,2,0,110,2
8,2,3,1,3,111,1
8,2,3,1,5,112,2
8,2,3,1,3,113,1
8,2,3,1,5,114,2
8,2,3,1,3,115,1
8,2,3,2,-1,116,2
8,2,2,2,3,117,1
8,2,3,1,1,118,2
8,1,2,2,4,119,1
8,1,2,1,5,120,2
8,2,3,1,2,121,1
8,1,2,1,1,122,2
8,1,2,2,0,123,1
8,1,2,2,0,124,2
8,2,3,1,3,125,1
8,2,2,2,-4,126,2
8,2,3,1,2,127,1
8,1,2,2,-2,128,2
8,1,2,1,1,129,1
8,2,3,2,1,130,2
8,2,3,1,-4,131,1
8,1,2,2,-3,132,2
8,1,3,2,0,133,1
8,1,2,1,4,134,2
8,2,2,1,2,135,1
8,1,2,2,-2,136,2
8,1,2,1,2,137,1
8,2,3,1,2,138,2
8,2,3,2,-1,139,1
8,2,3,2,1,140,2
8,1,2,1,2,141,1
8,2,3,2,-2,142,2
8,2,2,1,2,143,1
8,1,2,1,-1,144,2
8,1,2,1,0,145,1
8,1,2,1,-2,146,2
8,1,2,1,-4,147,1
8,2,3,1,0,148,2
8,2,3,2,-4,149,1
8,1,3,1,-2,150,2
8,2,2,2,3,151,1
8,1,3,2,-4,152,2
8,1,2,2,4,153,1
8,2,3,1,2,154,2
8,2,3,1,1,155,1
8,2,3,2,-2,156,2
8,1,2,2,3,157,1
8,2,2,1,3,158,2
8,1,2,2,5,159,1
8,1,2,2,4,160,2
8,1,3,1,-1,161,1
8,2,3,2,0,162,2
8,1,2,1,3,163,1
8,2,3,1,-3,164,2
8,1,3,1,0,165,1
8,2,3,2,3,166,2
8,1,3,2,4,167,1
8,1,2,2,5,168,2
8,2,3,2,3,169,1
8,1,2,2,4,170,2
8,2,3,2,0,171,1
8,2,3,1,-1,172,2
8,1,2,2,2,173,1
8,2,3,1,-4,174,2
8,1,2,2,4,175,1
8,1,3,2,0,176,2
8,1,2,2,3,177,1
8,2,3,2,0,178,2
8,1,3,2,1,179,1
8,2,3,2,-3,180,2
8,1,2,2,4,181,1
8,2,3,2,-4,182,2
8,1,2,2,3,183,1
8,2,3,2,-3,184,2
8,1,2,1,3,185,1
8,2,3,2,0,186,2
8,1,2,1,4,187,1
8,2,2,1,4,188,2
8,1,2,1,5,189,1
8,1,2,1,5,190,2
8,2,3,2,-3,191,1
8,2,3,1,-4,192,2
8,1,2,2,3,193,1
8,2,2,1,-5,194,2
8,1,2,1,-1,195,1
8,1,2,1,-2,196,2
8,2,3,2,-1,197,1
8,1,3,2,-1,198,2
8,1,2,2,0,199,1
8,1,2,2,-3,200,2
8,1,2,2,-4,201,1
8,1,2,2,-4,202,2
8,1,2,2,-5,203,1
8,2,3,1,-2,204,2
8,1,2,1,-2,205,1
8,2,3,1,-1,206,2
8,1,3,1,0,207,1
8,1,2,2,-1,208,2
8,1,2,1,-4,209,1
8,2,3,2,1,210,2
8,1,2,1,-5,211,1
8,2,3,2,-3,212,2
8,2,3,2,-5,213,1
8,1,2,2,-1,214,2
8,1,2,1,2,215,1
8,1,3,2,-3,216,2
8,1,3,1,-2,217,1
8,1,2,1,5,218,2
8,2,3,1,2,219,1
8,2,3,1,2,220,2
8,1,2,1,-1,221,1
8,2,3,1,2,222,2
8,2,2,1,1,223,1
8,2,2,2,-4,224,2
8,2,3,1,1,225,1
8,2,3,1,1,226,2
8,2,2,1,0,227,1
8,1,3,1,4,228,2
8,1,3,1,5,229,1
8,1,2,1,3,230,2
8,2,3,1,2,231,1
8,2,3,1,3,232,2
8,2,3,1,4,233,1
8,2,2,1,2,234,2
8,1,2,1,1,235,1
8,1,2,1,0,236,2
8,2,3,1,4,237,1
8,1,2,1,-4,238,2
8,2,3,1,3,239,1
8,2,3,2,-4,240,2
8,2,3,1,2,241,1
8,1,2,2,-2,242,2
8,2,3,1,1,243,1
8,1,3,2,-3,244,2
8,2,3,1,2,245,1
8,2,3,1,-1,246,2
8,1,2,2,4,247,1
8,1,2,1,0,248,2
8,1,2,1,-4,249,1
8,1,2,2,2,250,2
9,1,2,1,1,1,2
9,2,3,1,2,2,1
9,2,3,1,1,3,2
9,2,2,2,-1,4,1
9,1,2,2,-1,5,2
9,2,2,1,3,6,1
9,1,2,1,0,7,2
9,1,2,1,0,8,1
9,1,2,2,1,9,2
9,1,2,2,0,10,1
9,2,3,1,-5,11,2
9,1,2,1,-2,12,1
9,2,3,2,3,13,2
9,2,3,2,3,14,1
9,2,2,2,-3,15,2
9,2,3,2,0,16,1
9,2,3,1,0,17,2
9,1,2,2,-3,18,1
9,1,2,2,-3,19,2
9,1,3,2,-1,20,1
9,2,3,1,-3,21,2
9,1,2,1,-3,22,1
9,1,2,2,-2,23,2
9,1,2,2,-3,24,1
9,1,2,2,-1,25,2
9,2,3,1,-1,26,1
9,1,2,2,-4,27,2
9,2,3,1,0,28,1
9,2,3,1,1,29,2
9,2,3,2,-4,30,1
9,2,3,2,-3,31,2
9,2,3,1,3,32,1
9,1,3,2,-3,33,2
9,2,2,1,0,34,1
9,1,2,2,-1,35,2
9,2,3,1,3,36,1
9,1,3,2,-4,37,2
9,2,3,1,4,38,1
9,1,2,2,-2,39,2
9,2,3,1,1,40,1
9,1,2,1,3,41,2
9,2,3,1,3,42,1
9,1,2,1,1,43,2
9,2,3,1,4,44,1
9,2,3,1,5,45,2
9,2,3,1,4,46,1
9,2,3,2,3,47,2
9,1,2,2,-1,48,1
9,1,2,1,4,49,2
9,1,2,1,2,50,1
9,2,2,1,1,51,2
9,2,3,1,3,52,1
9,1,2,1,-1,53,2
9,1,3,1,-1,54,1
9,1,2,1,-4,55,2
9,2,3,1,-5,56,1
9,1,3,1,-4,57,2
9,2,3,1,-3,58,1
9,2,2,2,0,59,2
9,2,3,2,1,60,1
9,2,3,1,-3,61,2
9,1,2,1,-1,62,1
9,2,3,1,-5,63,2
9,2,3,2,5,64,1
9,1,2,2,4,65,2
9,2,3,2,4,66,1
9,1,2,2,2,67,2
9,2,3,2,4,68,1
9,1,2,2,4,69,2
9,1,2,2,1,70,1
9,1,2,1,-1,71,2
9,2,3,2,3,72,1
9,1,2,1,-3,73,2
9,2,3,2,1,74,1
9,1,3,1,-5,75,2
9,2,2,2,0,76,1
9,2,3,1,-3,77,2
9,1,3,2,-1,78,1
9,1,2,1,2,79,2
9,2,2,2,-3,80,1
9,2,2,2,-4,81,2
9,2,3,2,-3,82,1
9,2,3,1,0,83,2
9,2,2,1,-3,84,1
9,2,3,1,3,85,2
9,2,3,2,1,86,1
9,2,2,2,-1,87,2
9,1,2,2,3,88,1
9,2,3,2,-1,89,2
9,2,2,2,5,90,1
9,1,2,2,4,91,2
9,2,3,1,0,92,1
9,2,3,1,2,93,2
9,1,3,1,5,94,1
9,1,2,1,-1,95,2
9,2,3,2,-3,96,1
9,2,2,1,3,97,2
9,1,2,2,4,98,1
9,1,2,2,4,99,2
9,1,3,1,4,100,1
9,2,3,2,-2,101,2
9,1,2,2,0,102,1
9,2,3,2,1,103,2
9,1,2,2,-2,104,1
9,1,2,2,-3,105,2
9,2,2,1,0,106,1
9,2,3,2,-2,107,2
9,2,3,2,-3,108,1
9,1,2,2,2,109,2
9,2,3,1,3,110,1
9,2,3,2,3,111,2
9,2,2,1,2,112,1
9,1,2,1,-1,113,2
9,1,2,1,1,114,1
9,1,2,1,2,115,2
9,1,3,1,5,116,1
9,2,3,2,1,117,2
9,2,3,1,1,118,1
9,2,3,2,0,119,2
9,1,3,1,3,120,1
9,1,3,2,2,121,2
9,1,3,1,2,122,1
9,2,3,2,5,123,2
9,1,2,2,0,124,1
9,2,3,2,3,125,2
9,2,3,2,1,126,1
9,2,3,1,2,127,2
9,1,2,2,-2,128,1
9,1,2,2,-3,129,2
9,2,3,2,1,130,1
9,1,2,2,-2,131,2
9,1,2,1,2,132,1
9,2,3,1,-5,133,2
9,2,3,2,0,134,1
9,2,3,2,1,135,2
9,1,2,1,1,136,1
9,2,3,1,3,137,2
9,2,3,1,2,138,1
9,1,2,2,-3,139,2
9,1,2,1,4,140,1
9,2,2,1,2,141,2
9,2,3,2,-2,142,1
9,2,3,1,-2,143,2
9,1,3,1,-3,144,1
9,2,3,2,-1,145,2
9,1,2,1,-2,146,1
9,1,3,1,0,147,2
9,1,2,1,-3,148,1
9,2,3,1,0,149,2
9,1,3,2,-3,150,1
9,2,2,1,2,151,2
9,2,3,1,2,152,1
9,2,3,1,2,153,2
9,2,3,1,2,154,1
9,1,2,2,3,155,2
9,2,3,2,-2,156,1
9,1,2,2,3,157,2
9,1,2,1,3,158,1
9,1,3,2,2,159,2
9,2,3,1,1,160,1
9,1,2,2,2,161,2
9,2,3,1,-1,162,1
9,2,3,2,2,163,2
9,1,2,2,0,164,1
9,2,3,2,1,165,2
9,1,2,2,4,166,1
9,2,3,1,0,167,2
9,1,2,2,5,168,1
9,1,2,1,5,169,2
9,1,2,2,4,170,1
9,2,3,2,0,171,2
9,1,3,2,0,172,1
9,2,2,1,5,173,2
9,1,2,2,4,174,1
9,1,2,1,4,175,2
9,1,2,1,5,176,1
9,1,2,1,2,177,2
9,1,2,2,2,178,1
9,2,3,1,0,179,2
9,2,3,1,1,180,1
9,1,2,1,2,181,2
9,1,2,1,4,182,1
9,2,3,1,-5,183,2
9,1,2,2,2,184,1
9,2,3,1,-4,185,2
9,1,2,1,5,186,1
9,2,3,2,1,187,2
9,2,3,2,4,188,1
9,2,3,1,-1,189,2
9,2,3,2,-3,190,1
9,2,3,1,-3,191,2
9,1,2,1,0,192,1
9,1,2,2,3,193,2
9,1,2,1,-5,194,1
9,1,2,2,5,195,2
9,1,2,2,2,196,1
9,2,3,1,4,197,2
9,2,3,2,-1,198,1
9,2,3,1,0,199,2
9,2,3,2,0,200,1
9,1,2,1,-4,201,2
9,2,3,2,3,202,1
9,2,3,1,0,203,2
9,2,3,1,-2,204,1
9,2,3,1,-3,205,2
9,1,2,2,-1,206,1
9,1,2,2,-3,207,2
9,1,3,2,5,208,1
9,1,2,1,-4,209,2
9,2,3,2,1,210,1
9,1,2,1,-5,211,2
9,1,2,2,-2,212,1
9,1,2,1,-3,213,2
9,2,3,2,-3,214,1
9,2,3,1,-2,215,2
9,2,3,1,-2,216,1
9,2,3,1,-2,217,2
9,2,3,2,1,218,1
9,1,3,1,2,219,2
9,1,2,2,-2,220,1
9,1,2,2,0,221,2
9,2,3,2,-5,222,1
9,1,2,2,-4,223,2
9,1,3,2,1,224,1
9,1,2,2,-5,225,2
9,1,2,2,-5,226,1
9,2,2,2,-4,227,2
9,2,3,2,3,228,1
9,1,2,2,-2,229,2
9,2,3,2,-2,230,1
9,1,3,2,-5,231,2
9,1,2,2,-2,232,1
9,2,3,1,4,233,2
9,2,3,2,-4,234,1
9,1,2,1,1,235,2
9,2,3,1,5,236,1
9,2,3,2,-3,237,2
9,2,3,1,4,238,1
9,2,3,1,3,239,2
9,2,3,1,4,240,1
9,1,3,2,-4,241,2
9,2,3,1,5,242,1
9,1,2,2,2,243,2
9,2,3,1,2,244,1
9,2,2,1,1,245,2
9,2,2,1,0,246,1
9,1,3,2,3,247,2
9,2,3,1,4,248,1
9,1,2,1,-4,249,2
9,1,3,1,1,250,1
10,1,2,1,1,1,1
10,2,3,2,2,2,2
10,2,3,1,1,3,1
10,1,2,1,2,4,2
10,1,2,2,-1,5,1
10,2,2,2,1,6,2
10,1,2,1,0,7,1
10,2,3,2,1,8,2
10,2,3,1,-3,9,1
10,1,2,1,-3,10,2
10,1,2,1,-5,11,1
10,1,3,1,-3,12,2
10,2,3,1,-4,13,1
10,1,3,1,0,14,2
10,2,2,2,-3,15,1
10,2,3,2,0,16,2
10,1,3,2,0,17,1
10,1,2,1,-5,18,2
10,1,3,2,0,19,1
10,1,2,2,-1,20,2
10,1,2,2,-3,21,1
10,1,2,2,-3,22,2
10,1,3,2,-3,23,1
10,1,2,1,-1,24,2
10,2,3,1,-1,25,1
10,1,2,2,-2,26,2
10,2,3,1,0,27,1
10,2,3,1,0,28,2
10,1,2,2,-3,29,1
10,2,2,1,2,30,2
10,2,3,2,-3,31,1
10,2,2,1,4,32,2
10,1,3,2,-3,33,1
10,2,3,2,-4,34,2
10,1,2,1,-2,35,1
10,1,2,2,-1,36,2
10,2,3,1,5,37,1
10,2,3,2,-5,38,2
10,2,3,1,3,39,1
10,2,2,1,1,40,2
10,2,3,1,3,41,1
10,1,2,2,-4,42,2
10,1,2,1,1,43,1
10,1,2,1,2,44,2
10,2,3,1,5,45,1
10,1,2,1,3,46,2
10,1,2,1,3,47,1
10,1,2,2,-1,48,2
10,1,2,1,4,49,1
10,1,2,1,2,50,2
10,2,3,1,4,51,1
10,1,2,1,1,52,2
10,2,2,1,-1,53,1
10,1,2,1,-5,54,2
10,2,3,1,-3,55,1
10,2,2,1,-3,56,2
10,2,2,1,-5,57,1
10,2,3,1,-3,58,2
10,1,3,2,1,59,1
10,1,2,2,-2,60,2
10,2,3,1,-3,61,1
10,1,3,1,-3,62,2
10,1,3,2,3,63,1
10,1,2,2,2,64,2
10,2,3,2,1,65,1
10,1,2,1,-3,66,2
10,1,2,2,2,67,1
10,1,2,1,-4,68,2
10,1,2,2,4,69,1
10,2,3,2,5,70,2
10,2,3,2,4,71,1
10,2,3,2,3,72,2
10,1,2,2,4,73,1
10,1,2,1,-5,74,2
10,2,2,2,2,75,1
10,1,2,1,-3,76,2
10,2,2,2,1,77,1
10,1,2,2,0,78,2
10,2,3,1,-1,79,1
10,1,2,2,-3,80,2
10,1,3,1,-1,81,1
10,2,2,2,-2,82,2
10,1,3,2,-2,83,1
10,1,2,1,-3,84,2
10,2,3,1,3,85,1
10,1,2,2,-2,86,2
10,1,2,2,-1,87,1
10,1,3,2,0,88,2
10,2,2,2,4,89,1
10,2,2,2,5,90,2
10,2,3,1,-2,91,1
10,1,2,1,2,92,2
10,1,2,1,-2,93,1
10,2,3,2,-2,94,2
10,1,2,2,5,95,1
10,2,3,1,5,96,2
10,1,2,2,5,97,1
10,1,2,1,3,98,2
10,1,3,1,4,99,1
10,2,3,2,-4,100,2
10,2,2,2,0,101,1
10,1,3,2,-1,102,2
10,2,3,1,4,103,1
10,2,3,1,4,104,2
10,1,2,1,0,105,1
10,2,3,1,2,106,2
10,1,2,1,1,107,1
10,1,2,1,0,108,2
10,2,3,2,1,109,1
10,1,3,2,2,110,2
10,2,3,1,3,111,1
10,2,3,1,5,112,2
10,1,2,2,1,113,1
10,2,3,1,5,114,2
10,2,3,2,1,115,1
10,1,2,2,2,116,2
10,2,3,1,4,117,1
10,1,2,1,5,118,2
10,2,3,1,0,119,1
10,2,3,1,3,120,2
10,2,2,1,2,121,1
10,2,3,2,4,122,2
10,1,2,2,0,123,1
10,2,3,1,2,124,2
10,2,2,2,-1,125,1
10,1,2,1,1,126,2
10,2,3,2,2,127,1
10,1,2,1,3,128,2
10,1,2,1,1,129,1
10,2,3,1,-3,130,2
10,2,3,1,-4,131,1
10,1,2,2,-3,132,2
10,1,2,2,-5,133,1
10,2,3,2,0,134,2
10,2,2,2,-4,135,1
10,2,3,1,3,136,2
10,2,3,1,3,137,1
10,2,3,2,-3,138,2
10,1,3,1,0,139,1
10,2,2,1,4,140,2
10,2,3,2,-1,141,1
10,2,3,1,-5,142,2
10,2,2,1,2,143,1
10,2,3,2,-2,144,2
10,1,3,2,-1,145,1
10,1,3,1,-3,146,2
10,1,2,1,-4,147,1
10,1,2,2,4,148,2
10,1,2,1,-3,149,1
10,2,3,2,-3,150,2
10,2,2,1,2,151,1
10,1,2,2,5,152,2
10,1,2,1,1,153,1
10,1,2,1,3,154,2
10,1,2,2,3,155,1
10,1,2,2,4,156,2
10,2,2,1,3,157,1
10,2,3,1,2,158,2
10,2,3,2,2,159,1
10,1,2,2,4,160,2
10,2,2,2,2,161,1
10,1,2,2,3,162,2
10,1,2,1,3,163,1
10,1,3,2,2,164,2
10,1,2,2,1,165,1
10,1,2,2,4,166,2
10,1,2,1,4,167,1
10,1,2,2,5,168,2
10,1,2,1,5,169,1
10,1,2,2,4,170,2
10,2,3,1,0,171,1
10,2,2,1,3,172,2
10,1,2,2,2,173,1
10,2,3,2,-2,174,2
10,1,3,1,-3,175,1
10,1,2,2,3,176,2
10,2,3,2,0,177,1
10,2,3,2,0,178,2
10,1,2,2,4,179,1
10,1,2,1,3,180,2
10,1,2,1,2,181,1
10,1,2,2,3,182,2
10,2,3,2,-5,183,1
10,2,3,1,-5,184,2
10,1,2,1,3,185,1
10,1,2,1,5,186,2
10,1,2,1,4,187,1
10,1,2,2,5,188,2
10,1,2,2,3,189,1
10,1,2,1,5,190,2
10,2,3,2,-3,191,1
10,2,3,1,-4,192,2
10,1,2,1,-3,193,1
10,1,2,2,3,194,2
10,1,2,1,-1,195,1
10,1,2,1,-2,196,2
10,1,2,2,0,197,1
10,2,3,2,-1,198,2
10,1,2,1,-5,199,1
10,2,3,1,-1,200,2
10,1,2,1,-4,201,1
10,2,3,1,-1,202,2
10,1,2,2,-5,203,1
10,1,2,1,-1,204,2
10,1,2,2,-1,205,1
10,1,2,2,-1,206,2
10,2,3,2,5,207,1
10,1,2,2,-1,208,2
10,2,2,1,-4,209,1
10,1,2,1,-4,210,2
10,2,3,1,-3,211,1
10,1,2,2,-2,212,2
10,2,3,2,-5,213,1
10,1,2,1,1,214,2
10,1,2,1,2,215,1
10,1,3,1,-2,216,2
10,2,3,1,-2,217,1
10,2,2,2,1,218,2
10,2,2,1,5,219,1
10,1,2,2,-2,220,2
10,1,3,1,0,221,1
10,2,3,2,-5,222,2
10,2,3,1,4,223,1
10,2,3,1,2,224,2
10,1,2,1,3,225,1
10,2,3,1,1,226,2
10,1,2,1,0,227,1
10,2,3,2,3,228,2
10,2,3,1,5,229,1
10,1,2,1,3,230,2
10,2,3,1,2,231,1
10,2,3,2,-4,232,2
10,2,3,1,4,233,1
10,2,3,1,3,234,2
10,2,2,2,-5,235,1
10,1,2,2,-4,236,2
10,1,2,2,-4,237,1
10,2,3,2,-2,238,2
10,1,3,1,3,239,1
10,2,3,2,-4,240,2
10,1,2,1,-2,241,1
10,1,3,2,-4,242,2
10,2,3,1,1,243,1
10,1,2,1,0,244,2
10,2,3,1,2,245,1
10,2,3,2,3,246,2
10,1,2,1,3,247,1
10,1,2,2,2,248,2
10,2,2,2,2,249,1
10,1,2,1,-1,250,2
