sub_id,beta,lr,e,ps,w_MB
1,1.4787,0.70976,0.81174,0,1
2,1.8051,0.65597,0.12683,0,1
3,0.5147,0.57946,0.15866,0,1
4,0.79875,0.33643,0.031063,0,1
5,0.89572,0.60745,0.84604,0,1
6,0.43403,0.63128,0.30118,0,1
7,1.0144,0.57604,0.2157,0,1
8,1.4281,0.72916,0.16307,0,1
9,0.29792,0.5049,0.26215,0,1
10,1.5843,0.30334,0.77005,0,1
11,0.59849,0.6345,0.4854,0,1
12,1.3256,0.47971,0.20449,0,1
13,1.5326,0.5497,0.47714,0,1
14,0.2131,0.61044,0.74036,0,1
15,0.2661,0.64174,0.95704,0,1
16,1.7191,0.67537,0.17939,0,1
17,1.4845,0.35968,0.32397,0,1
18,1.7201,0.76528,0.23834,0,1
19,0.20838,0.64514,0.8442,0,1
20,0.56406,0.57703,0.54492,0,1
21,1.7197,0.70663,0.24432,0,1
22,1.193,0.60076,0.47645,0,1
23,0.20886,0.37983,0.316,0,1
24,0.68607,0.62097,0.59268,0,1
25,1.0412,0.50701,0.11464,0,1
26,1.6329,0.60505,0.67082,0,1
27,0.38707,0.62319,0.99086,0,1
28,0.93011,0.60855,0.38576,0,1
29,0.31049,0.49806,0.45136,0,1
30,1.537,0.47474,0.30774,0,1
31,0.50497,0.55518,0.74812,0,1
32,0.34051,0.40084,0.4762,0,1
33,1.8404,0.54081,0.76938,0,1
34,1.3555,0.79722,0.4463,0,1
35,0.98598,0.57287,0.42552,0,1
36,1.6789,0.65675,0.87041,0,1
37,0.79107,0.65362,0.23746,0,1
38,0.86558,0.44804,0.27397,0,1
39,0.17177,0.35765,0.50508,0,1
40,1.6451,0.68991,0.95011,0,1
41,0.30835,0.50808,0.63127,0,1
42,1.3671,0.33435,0.25647,0,1
43,1.4982,0.60192,0.091065,0,1
44,0.27498,0.77705,0.25681,0,1
45,1.2676,0.32174,0.94588,0,1
46,0.52215,0.43046,0.2412,0,1
47,1.4012,0.48793,0.68464,0,1
48,1.7928,0.7179,0.75129,0,1
49,1.0598,0.60846,0.092233,0,1
50,0.57222,0.30387,0.30262,0,1
51,0.62094,0.33213,0.52461,0,1
52,0.2754,0.63907,0.8665,0,1
53,0.86589,0.53961,0.41305,0,1
54,0.5187,0.52296,0.069306,0,1
55,1.0262,0.76524,0.75644,0,1
56,0.95875,0.50674,0.70287,0,1
57,0.1644,0.32378,0.79184,0,1
58,1.0094,0.40777,0.56003,0,1
59,0.25341,0.41084,0.974,0,1
60,0.6998,0.59235,0.45546,0,1
61,1.2398,0.63671,0.51353,0,1
62,1.7583,0.64354,0.1374,0,1
63,0.51033,0.52717,0.86307,0,1
64,0.79086,0.43057,0.61912,0,1
65,1.1451,0.55577,0.58423,0,1
66,1.385,0.61942,0.93104,0,1
67,0.30136,0.70051,0.76951,0,1
68,0.57116,0.33653,0.36724,0,1
69,1.4934,0.33333,0.23151,0,1
70,0.47604,0.41837,0.66429,0,1
71,0.88311,0.60913,0.56169,0,1
72,1.5803,0.79967,0.57819,0,1
73,0.43901,0.51435,0.4778,0,1
74,0.64563,0.32244,0.49344,0,1
75,0.72383,0.45827,0.21193,0,1
76,0.63863,0.75899,0.81266,0,1
77,0.98408,0.65633,0.69611,0,1
78,0.54771,0.7856,0.26818,0,1
79,1.0569,0.45558,0.25795,0,1
80,1.0296,0.34039,0.94483,0,1
81,0.47817,0.33569,0.10415,0,1
82,0.61224,0.64316,0.039812,0,1
83,0.15333,0.53532,0.79901,0,1
84,0.4814,0.45376,0.097315,0,1
85,0.40914,0.53165,0.66287,0,1
86,0.91818,0.40668,0.21511,0,1
87,0.79004,0.56048,0.92368,0,1
88,1.775,0.73075,0.89666,0,1
89,1.3388,0.755,0.20568,0,1
90,0.68328,0.69675,0.54652,0,1
91,1.5196,0.41894,0.81585,0,1
92,1.4109,0.65119,0.70837,0,1
93,0.76381,0.71168,0.65889,0,1
94,1.1414,0.71647,0.80499,0,1
95,1.3783,0.72532,0.81749,0,1
96,0.55603,0.70423,0.57384,0,1
97,0.48836,0.62484,0.61815,0,1
98,0.80099,0.64053,0.59754,0,1
99,0.53186,0.51668,0.69517,0,1
100,1.2824,0.37123,0.012173,0,1
101,1.5943,0.32011,0.1649,0,1
102,1.2443,0.66217,0.026454,0,1
103,0.65903,0.41637,0.64662,0,1
104,1.6687,0.57066,0.27919,0,1
105,0.37884,0.52555,0.32928,0,1
106,0.99872,0.44155,0.41662,0,1
107,0.99625,0.59371,0.15088,0,1
108,0.91921,0.54736,0.49003,0,1
109,0.42289,0.69462,0.76352,0,1
110,0.21225,0.67107,0.98463,0,1
111,1.5109,0.43347,0.14148,0,1
112,1.2023,0.31682,0.76449,0,1
113,0.64693,0.39244,0.53085,0,1
114,1.8763,0.60053,0.84042,0,1
115,1.4162,0.79632,0.14156,0,1
116,1.4404,0.48559,0.67276,0,1
117,0.69653,0.39409,0.038456,0,1
118,1.3828,0.66426,0.41018,0,1
119,0.47231,0.53808,0.78256,0,1
120,1.7091,0.67485,0.10698,0,1
121,1.773,0.62193,0.083037,0,1
122,0.16797,0.60805,0.42068,0,1
123,0.48137,0.68429,0.13805,0,1
124,1.0963,0.4974,0.83254,0,1
125,1.2098,0.68212,0.98305,0,1
126,0.70285,0.52225,0.14439,0,1
127,1.5112,0.70142,0.68616,0,1
128,1.1111,0.32298,0.93326,0,1
129,1.0924,0.46398,0.70291,0,1
130,0.24556,0.61446,0.76484,0,1
131,1.0517,0.55972,0.13439,0,1
132,1.6432,0.59785,0.27252,0,1
133,0.53366,0.76373,0.0034644,0,1
134,0.35898,0.69444,0.52918,0,1
135,1.7782,0.40499,0.093887,0,1
136,1.5563,0.60967,0.85386,0,1
137,1.7146,0.70527,0.40097,0,1
138,0.52043,0.69903,0.25589,0,1
139,1.0284,0.52634,0.22415,0,1
140,1.2849,0.40472,0.96829,0,1
141,0.61802,0.46036,0.563,0,1
142,1.6751,0.76343,0.74097,0,1
143,1.1461,0.79251,0.96274,0,1
144,0.3856,0.6249,0.59938,0,1
145,0.1959,0.31163,0.69774,0,1
146,0.33429,0.65493,0.44477,0,1
147,1.7235,0.35462,0.088507,0,1
148,1.2905,0.7898,0.76515,0,1
149,0.13088,0.38669,0.7055,0,1
150,0.68486,0.34922,0.88826,0,1
151,0.63168,0.35698,0.64972,0,1
152,0.50212,0.31369,0.19281,0,1
153,1.4985,0.38448,0.14234,0,1
154,1.5886,0.5216,0.079342,0,1
155,0.37647,0.65843,0.1787,0,1
156,0.74503,0.70478,0.77778,0,1
157,0.3213,0.65731,0.93612,0,1
158,0.94057,0.7043,0.25471,0,1
159,0.82562,0.67388,0.49761,0,1
160,1.8848,0.60039,0.43971,0,1
161,1.4016,0.4993,0.66616,0,1
162,1.8326,0.6435,0.65722,0,1
163,1.6761,0.50455,0.28328,0,1
164,1.5636,0.65417,0.26178,0,1
165,1.8473,0.60856,0.53188,0,1
166,1.4019,0.4732,0.9547,0,1
167,0.13379,0.38113,0.4399,0,1
168,0.8256,0.31523,0.49493,0,1
169,0.36554,0.5524,0.58948,0,1
170,1.8964,0.62259,0.57146,0,1
171,1.7829,0.78128,0.27371,0,1
172,0.80602,0.35581,0.42458,0,1
173,0.7796,0.70868,0.11993,0,1
174,0.24299,0.53825,0.19081,0,1
175,1.6981,0.59554,0.30432,0,1
176,1.6958,0.67918,0.53634,0,1
177,1.3628,0.64858,0.94252,0,1
178,0.20561,0.71834,0.7568,0,1
179,0.19112,0.73424,0.59962,0,1
180,1.75,0.42003,0.61238,0,1
181,0.17796,0.79578,0.36917,0,1
182,0.96157,0.44017,0.81952,0,1
183,0.68686,0.49679,0.61067,0,1
184,1.4429,0.72473,0.36098,0,1
185,0.80298,0.39819,0.85957,0,1
186,1.6238,0.3523,0.082882,0,1
187,0.8994,0.54692,0.20577,0,1
188,1.0761,0.52935,0.64191,0,1
189,0.705,0.32839,0.54219,0,1
190,1.3083,0.50331,0.53773,0,1
191,1.6065,0.45944,0.32933,0,1
192,0.66265,0.60108,0.73538,0,1
193,0.47203,0.70299,0.56475,0,1
194,0.56435,0.43775,0.44723,0,1
195,1.8544,0.62887,0.60381,0,1
196,0.72276,0.317,0.20998,0,1
197,1.6683,0.51413,0.20344,0,1
198,1.8928,0.47464,0.66909,0,1
199,0.69917,0.55264,0.68793,0,1
200,0.30919,0.41938,0.60444,0,1
201,0.74036,0.78062,0.37723,0,1
202,1.6968,0.57703,0.25847,0,1
203,1.6245,0.76501,0.36928,0,1
204,0.79714,0.34873,0.2932,0,1
205,1.4235,0.62738,0.81843,0,1
206,1.4804,0.75745,0.4484,0,1
207,0.94797,0.55544,0.49665,0,1
208,1.0917,0.41837,0.32916,0,1
209,1.4061,0.4889,0.37885,0,1
210,1.6268,0.35295,0.16961,0,1
211,0.14073,0.63675,0.057449,0,1
212,0.30952,0.5286,0.61763,0,1
213,1.6283,0.67573,0.95449,0,1
214,0.2101,0.31767,0.57169,0,1
215,0.87765,0.7369,0.66636,0,1
216,0.70181,0.75155,0.63027,0,1
217,1.6257,0.64414,0.25345,0,1
218,1.0888,0.61766,0.52426,0,1
219,0.24896,0.40968,0.19118,0,1
220,1.6053,0.39751,0.72256,0,1
221,0.97354,0.61728,0.062307,0,1
222,1.8702,0.43893,0.31014,0,1
223,1.6806,0.62083,0.0056892,0,1
224,1.03,0.43776,0.70336,0,1
225,0.81104,0.74442,0.37246,0,1
226,0.61256,0.34818,0.86203,0,1
227,1.7861,0.6638,0.66547,0,1
228,1.5884,0.65597,0.19691,0,1
229,0.89031,0.54866,0.78395,0,1
230,1.2413,0.65693,0.67724,0,1
231,0.71533,0.51216,0.033457,0,1
232,1.4478,0.34253,0.98271,0,1
233,0.17008,0.56092,0.66798,0,1
234,1.2589,0.30425,0.23043,0,1
235,0.43353,0.53845,0.7431,0,1
236,1.0054,0.36027,0.58589,0,1
237,0.81077,0.66591,0.93522,0,1
238,0.61749,0.38772,0.22916,0,1
239,1.4499,0.36075,0.9217,0,1
240,0.26005,0.62046,0.6198,0,1
241,0.33271,0.49581,0.18074,0,1
242,1.6522,0.55188,0.14766,0,1
243,0.39921,0.50192,0.78568,0,1
244,1.4551,0.4084,0.49358,0,1
245,1.1946,0.4643,0.89163,0,1
246,0.97318,0.59707,0.63924,0,1
247,1.2897,0.41475,0.38474,0,1
248,1.6853,0.37074,0.48764,0,1
249,0.25887,0.71294,0.0078707,0,1
250,0.81798,0.53138,0.94323,0,1
251,1.4972,0.46087,0.67844,0,1
252,0.70033,0.54483,0.84378,0,1
253,1.8731,0.55572,0.9692,0,1
254,1.5447,0.6436,0.58771,0,1
255,1.1884,0.65584,0.32161,0,1
256,0.76704,0.471,0.73276,0,1
257,0.1389,0.54201,0.87116,0,1
258,0.85981,0.32232,0.44563,0,1
259,0.60699,0.51107,0.49605,0,1
260,0.80686,0.36767,0.11015,0,1
261,0.65227,0.41517,0.87323,0,1
262,1.5405,0.70396,0.79396,0,1
263,1.564,0.48459,0.16478,0,1
264,0.90259,0.57128,0.9794,0,1
265,1.1372,0.62544,0.1549,0,1
266,1.1562,0.53603,0.93017,0,1
267,1.839,0.53721,0.26711,0,1
268,0.51289,0.66277,0.70208,0,1
269,1.758,0.78394,0.80597,0,1
270,1.6817,0.33966,0.64846,0,1
271,0.62295,0.76646,0.77407,0,1
272,1.0912,0.53296,0.5175,0,1
273,0.69501,0.36026,0.084738,0,1
274,1.1681,0.32728,0.33932,0,1
275,0.78553,0.69648,0.88318,0,1
276,0.40408,0.67212,0.30656,0,1
277,0.85417,0.4572,0.66359,0,1
278,1.4167,0.46432,0.16724,0,1
279,1.1805,0.49431,0.51907,0,1
280,1.2948,0.45888,0.079935,0,1
281,1.2158,0.43405,0.092007,0,1
282,0.77663,0.39786,0.81435,0,1
283,1.0602,0.36917,0.83459,0,1
284,0.66052,0.4106,0.92949,0,1
285,1.5084,0.37456,0.082405,0,1
286,0.79752,0.36007,0.043338,0,1
287,1.803,0.66895,0.56308,0,1
288,0.27068,0.39753,0.17097,0,1
289,0.76665,0.62158,0.6385,0,1
290,0.48209,0.33839,0.3182,0,1
291,0.68892,0.37234,0.6802,0,1
292,0.24082,0.50277,0.097803,0,1
293,1.1868,0.43994,0.68717,0,1
294,1.7798,0.79299,0.46662,0,1
295,1.5127,0.3413,0.14362,0,1
296,0.13865,0.60706,0.27196,0,1
297,1.5149,0.41519,0.75,0,1
298,0.71714,0.41665,0.98582,0,1
299,1.5702,0.42028,0.075702,0,1
300,1.484,0.69578,0.84259,0,1
301,0.85918,0.73944,0.24015,0,1
302,1.7391,0.77112,0.54509,0,1
303,1.2107,0.50785,0.61028,0,1
304,1.5935,0.47497,0.7271,0,1
305,0.99813,0.33024,0.99541,0,1
306,1.7411,0.47545,0.78703,0,1
307,0.7301,0.68895,0.89145,0,1
308,1.7174,0.3982,0.63533,0,1
309,1.4345,0.77189,0.46647,0,1
310,1.4234,0.67911,0.059682,0,1
311,1.6008,0.71087,0.991,0,1
312,0.37691,0.71513,0.27897,0,1
313,1.365,0.67304,0.92633,0,1
314,1.7583,0.31625,0.94699,0,1
315,0.20617,0.64892,0.38552,0,1
316,0.36868,0.65736,0.45523,0,1
317,1.7755,0.31212,0.74586,0,1
318,1.4289,0.47565,0.45708,0,1
319,0.65717,0.57854,0.24942,0,1
320,1.2227,0.73535,0.8334,0,1
321,1.2977,0.4365,0.58493,0,1
322,0.85007,0.4098,0.025955,0,1
323,1.1171,0.37622,0.32287,0,1
324,0.36189,0.64247,0.24127,0,1
325,0.12864,0.55173,0.45395,0,1
326,0.54583,0.78549,0.53917,0,1
327,0.99493,0.55925,0.26698,0,1
328,0.74054,0.72736,0.93456,0,1
329,1.3589,0.35168,0.25205,0,1
330,0.88859,0.70256,0.45117,0,1
331,0.60363,0.75658,0.97375,0,1
332,0.27685,0.49046,0.069812,0,1
333,0.96006,0.4173,0.48811,0,1
334,1.6902,0.77515,0.32413,0,1
335,1.4309,0.72371,0.88774,0,1
336,0.28673,0.56221,0.049716,0,1
337,0.19292,0.39574,0.30415,0,1
338,1.6486,0.65617,0.92696,0,1
339,1.054,0.73253,0.91737,0,1
340,1.7948,0.30652,0.25634,0,1
341,1.8397,0.72573,0.022774,0,1
342,0.33863,0.50947,0.038728,0,1
343,0.91043,0.63296,0.054847,0,1
344,0.46524,0.74285,0.094102,0,1
345,0.52555,0.31252,0.78393,0,1
346,1.8636,0.38886,0.14677,0,1
347,1.2899,0.30217,0.52121,0,1
348,0.88933,0.45402,0.66168,0,1
349,0.93152,0.77721,0.43996,0,1
350,1.4564,0.42453,0.32885,0,1
351,1.2942,0.46419,0.4623,0,1
352,0.53762,0.75869,0.29329,0,1
353,1.0377,0.60107,0.96045,0,1
354,0.35432,0.42551,0.076472,0,1
355,0.25266,0.45886,0.35064,0,1
356,1.3908,0.74823,0.16596,0,1
357,1.8085,0.49766,0.86032,0,1
358,1.3905,0.71994,0.2963,0,1
359,1.3906,0.65475,0.013295,0,1
360,0.58657,0.73713,0.90117,0,1
361,0.26231,0.46414,0.6562,0,1
362,0.13176,0.35302,0.38421,0,1
363,1.2708,0.71381,0.80953,0,1
364,0.43032,0.77811,0.41223,0,1
365,0.94612,0.44782,0.20158,0,1
366,1.3511,0.4685,0.26189,0,1
367,0.92065,0.36494,0.68129,0,1
368,1.0332,0.58845,0.38884,0,1
369,1.7426,0.7931,0.52605,0,1
370,1.5012,0.70765,0.17529,0,1
371,0.68249,0.68271,0.20236,0,1
372,1.5607,0.47692,0.8302,0,1
373,1.1183,0.75606,0.34399,0,1
374,0.18608,0.70901,0.9742,0,1
375,0.68714,0.63277,0.16498,0,1
376,0.99943,0.36328,0.93984,0,1
377,1.6297,0.55108,0.75526,0,1
378,1.0113,0.75671,0.31191,0,1
379,0.2037,0.57275,0.17436,0,1
380,1.4648,0.47209,0.31576,0,1
381,1.0267,0.70267,0.24669,0,1
382,0.34411,0.31793,0.27099,0,1
383,0.98599,0.34729,0.75046,0,1
384,0.67433,0.4386,0.91933,0,1
385,1.6052,0.59725,0.9622,0,1
386,0.71757,0.63884,0.89053,0,1
387,0.28925,0.5674,0.94066,0,1
388,0.56912,0.69138,0.45027,0,1
389,1.7512,0.64957,0.85744,0,1
390,0.77324,0.65821,0.71231,0,1
391,0.81914,0.77224,0.53765,0,1
392,1.4994,0.75182,0.94111,0,1
393,1.0073,0.51429,0.98661,0,1
394,1.8712,0.66021,0.86191,0,1
395,0.36147,0.43914,0.78288,0,1
396,0.25941,0.69613,0.34012,0,1
397,0.3573,0.39132,0.54547,0,1
398,1.5151,0.54621,0.82832,0,1
399,0.45296,0.4433,0.20249,0,1
400,1.0911,0.45912,0.50131,0,1
401,0.31692,0.74322,0.57974,0,1
402,0.32256,0.65647,0.45871,0,1
403,1.8124,0.7019,0.43594,0,1
404,0.58117,0.39762,0.11199,0,1
405,1.7729,0.55039,0.65636,0,1
406,1.4647,0.61415,0.20133,0,1
407,1.3492,0.38794,0.043585,0,1
408,0.5162,0.61437,0.68391,0,1
409,1.8794,0.47164,0.27841,0,1
410,0.93313,0.47122,0.38966,0,1
411,0.70361,0.3236,0.72217,0,1
412,1.6069,0.71359,0.01887,0,1
413,1.8038,0.38481,0.26029,0,1
414,1.2588,0.43091,0.45088,0,1
415,0.86474,0.50605,0.78809,0,1
416,1.3011,0.60176,0.17298,0,1
417,1.805,0.46217,0.30153,0,1
418,0.82446,0.44741,0.82778,0,1
419,0.18042,0.68883,0.94583,0,1
420,0.21513,0.69579,0.27798,0,1
421,1.0115,0.35711,0.85079,0,1
422,1.6796,0.32538,0.27053,0,1
423,0.38939,0.45093,0.83037,0,1
424,0.42827,0.50005,0.72309,0,1
425,1.0217,0.31268,0.82996,0,1
426,1.3431,0.46465,0.63353,0,1
427,1.5242,0.54478,0.73385,0,1
428,0.694,0.44169,0.66386,0,1
429,0.22905,0.50719,0.81091,0,1
430,0.17817,0.30759,0.72464,0,1
431,1.3302,0.65264,0.42272,0,1
432,1.4161,0.44098,0.65026,0,1
433,1.2862,0.35295,0.13156,0,1
434,0.24373,0.5084,0.39381,0,1
435,0.31448,0.63326,0.34492,0,1
436,1.0097,0.70639,0.0029295,0,1
437,1.734,0.50281,0.54125,0,1
438,1.7303,0.56791,0.63933,0,1
439,1.0195,0.73344,0.69488,0,1
440,0.91745,0.7986,0.8563,0,1
441,0.60419,0.41201,0.72986,0,1
442,0.81888,0.30204,0.55084,0,1
443,0.99763,0.79982,0.015787,0,1
444,0.84827,0.57717,0.82307,0,1
445,1.4713,0.59662,0.98475,0,1
446,0.45945,0.74952,0.87046,0,1
447,0.79579,0.49268,0.46361,0,1
448,1.0613,0.42187,0.66762,0,1
449,1.5562,0.39965,0.88229,0,1
450,0.74987,0.30795,0.50654,0,1
451,1.3825,0.46832,0.66642,0,1
452,0.54225,0.53763,0.11203,0,1
453,1.2928,0.4071,0.13514,0,1
454,0.9173,0.34475,0.93651,0,1
455,0.85344,0.48651,0.89274,0,1
456,0.58231,0.7634,0.5269,0,1
457,0.80172,0.60422,0.1451,0,1
458,1.4454,0.5508,0.73307,0,1
459,1.1438,0.56903,0.49052,0,1
460,0.86319,0.54862,0.85382,0,1
461,1.1734,0.71615,0.87439,0,1
462,0.67354,0.30105,0.29501,0,1
463,1.2765,0.3105,0.58814,0,1
464,1.7047,0.69412,0.29281,0,1
465,0.55998,0.68312,0.23777,0,1
466,1.0912,0.36714,0.16751,0,1
467,0.9575,0.72946,0.65529,0,1
468,1.4865,0.42916,0.18427,0,1
469,0.99584,0.79103,0.96784,0,1
470,1.6722,0.56184,0.68584,0,1
471,1.2139,0.65972,0.37294,0,1
472,1.7336,0.5295,0.31018,0,1
473,0.88183,0.6728,0.87996,0,1
474,0.10185,0.48831,0.23672,0,1
475,1.3577,0.78298,0.91053,0,1
476,1.1506,0.53715,0.27291,0,1
477,0.73299,0.77199,0.84351,0,1
478,1.0906,0.77081,0.43294,0,1
479,0.94882,0.74219,0.60585,0,1
480,0.22225,0.52447,0.24528,0,1
481,0.17361,0.65656,0.51801,0,1
482,0.68507,0.36945,0.39275,0,1
483,1.1676,0.36179,0.76714,0,1
484,1.8893,0.56609,0.86468,0,1
485,0.37793,0.43526,0.0582,0,1
486,0.80619,0.34433,0.37511,0,1
487,1.4588,0.39219,0.11845,0,1
488,0.97756,0.7691,0.74185,0,1
489,0.6362,0.57347,0.89481,0,1
490,1.0871,0.71899,0.88285,0,1
491,0.20914,0.412,0.6347,0,1
492,1.0176,0.52445,0.090465,0,1
493,1.5155,0.62499,0.9184,0,1
494,1.733,0.54434,0.057527,0,1
495,0.67225,0.59446,0.60799,0,1
496,0.38289,0.52831,0.88409,0,1
497,0.7102,0.75487,0.83467,0,1
498,0.91944,0.43032,0.37197,0,1
499,1.2846,0.77463,0.72685,0,1
500,0.28232,0.3408,0.98139,0,1
501,1.5072,0.79131,0.98665,0,1
502,1.0804,0.31843,0.55073,0,1
503,0.54054,0.445,0.22817,0,1
504,1.4091,0.45579,0.15929,0,1
505,1.2758,0.71668,0.18375,0,1
506,1.1283,0.7031,0.97984,0,1
507,1.4042,0.73477,0.95298,0,1
508,0.23758,0.44167,0.10208,0,1
509,0.82507,0.79903,0.28547,0,1
510,0.45302,0.54651,0.4844,0,1
511,0.34581,0.73682,0.19897,0,1
512,0.95613,0.59292,0.67442,0,1
513,0.42662,0.56388,0.15099,0,1
514,0.36282,0.71156,0.30093,0,1
515,0.30519,0.61419,0.15018,0,1
516,1.0175,0.51355,0.42963,0,1
517,0.94398,0.39409,0.62574,0,1
518,0.73215,0.44154,0.22031,0,1
519,0.13263,0.65146,0.46707,0,1
520,1.2606,0.47714,0.71271,0,1
521,0.75449,0.69999,0.43057,0,1
522,0.34853,0.35682,0.11786,0,1
523,0.75891,0.48218,0.26042,0,1
524,0.92069,0.50523,0.39795,0,1
525,1.176,0.59689,0.42165,0,1
526,1.7846,0.55361,0.053779,0,1
527,0.45285,0.43212,0.67808,0,1
528,0.42706,0.78309,0.93365,0,1
529,1.6948,0.47046,0.020242,0,1
530,1.4712,0.6983,0.92841,0,1
531,1.1062,0.44572,0.1009,0,1
532,0.74851,0.53751,0.02036,0,1
533,1.8997,0.41549,0.20863,0,1
534,0.35131,0.70121,0.51,0,1
535,1.5095,0.64405,0.86677,0,1
536,0.7698,0.40628,0.88489,0,1
537,1.5565,0.69587,0.82397,0,1
538,1.6351,0.72433,0.23275,0,1
539,1.2768,0.75395,0.55545,0,1
540,0.2359,0.73659,0.48457,0,1
541,1.5947,0.70454,0.6459,0,1
542,0.6766,0.35548,0.68215,0,1
543,1.4378,0.70436,0.82828,0,1
544,1.0524,0.60111,0.78919,0,1
545,1.71,0.5685,0.54218,0,1
546,0.98241,0.62764,0.46635,0,1
547,0.44861,0.48802,0.87285,0,1
548,1.3042,0.74145,0.84339,0,1
549,1.3556,0.55583,0.34387,0,1
550,1.7844,0.36342,0.49759,0,1
551,0.99546,0.66953,0.15661,0,1
552,0.47475,0.75213,0.7249,0,1
553,0.57658,0.56762,0.26663,0,1
554,0.2346,0.78192,0.023277,0,1
555,0.17634,0.53559,0.62573,0,1
556,1.8299,0.67595,0.053469,0,1
557,0.34201,0.32778,0.4884,0,1
558,0.50676,0.37865,0.49817,0,1
559,1.5603,0.48641,0.77757,0,1
560,1.6224,0.58419,0.066067,0,1
561,1.2628,0.57474,0.50407,0,1
562,0.57549,0.30089,0.13219,0,1
563,1.2986,0.73628,0.23602,0,1
564,1.2945,0.65007,0.92921,0,1
565,1.3706,0.60782,0.74362,0,1
566,1.6025,0.45779,0.5206,0,1
567,1.4631,0.32653,0.83852,0,1
568,1.158,0.7633,0.40272,0,1
569,1.0697,0.45428,0.11599,0,1
570,1.1899,0.45987,0.035054,0,1
571,1.533,0.71461,0.087505,0,1
572,0.41472,0.59582,0.66972,0,1
573,1.5382,0.50838,0.20201,0,1
574,1.161,0.37532,0.87603,0,1
575,1.5705,0.32397,0.47137,0,1
576,1.7345,0.30479,0.10399,0,1
577,0.48819,0.34363,0.6672,0,1
578,0.56726,0.54136,0.6495,0,1
579,1.7174,0.52851,0.46357,0,1
580,0.28033,0.60198,0.66357,0,1
581,1.4196,0.61662,0.11698,0,1
582,0.24432,0.67766,0.67024,0,1
583,0.28505,0.74495,0.72361,0,1
584,0.79585,0.44761,0.054202,0,1
585,1.8725,0.52397,0.38609,0,1
586,1.7375,0.72251,0.46003,0,1
587,1.4869,0.52104,0.21112,0,1
588,1.0678,0.30483,0.73014,0,1
589,1.4168,0.48583,0.82701,0,1
590,0.16944,0.70303,0.17706,0,1
591,0.33691,0.46105,0.80105,0,1
592,0.37672,0.74655,0.843,0,1
593,0.94757,0.58457,0.83793,0,1
594,0.88333,0.34462,0.31652,0,1
595,0.29081,0.75231,0.2166,0,1
596,1.041,0.44433,0.81946,0,1
597,1.7356,0.43721,0.62714,0,1
598,0.86832,0.35567,0.6979,0,1
599,0.98026,0.48637,0.28245,0,1
600,1.414,0.52288,0.28365,0,1
601,1.4071,0.68128,0.36302,0,1
602,1.7803,0.40095,0.28839,0,1
603,0.69918,0.75289,0.14242,0,1
604,1.6592,0.4669,0.74906,0,1
605,1.7931,0.44031,0.17115,0,1
606,0.48413,0.53145,0.67831,0,1
607,1.5732,0.72535,0.71318,0,1
608,1.6266,0.59751,0.65857,0,1
609,0.78702,0.65865,0.68996,0,1
610,1.4851,0.54939,0.9738,0,1
611,0.12089,0.58935,0.80469,0,1
612,0.29135,0.58144,0.96904,0,1
613,0.67439,0.69821,0.71095,0,1
614,1.395,0.65054,0.92555,0,1
615,0.32474,0.75454,0.35413,0,1
616,1.3791,0.57618,0.11328,0,1
617,0.73343,0.50579,0.50519,0,1
618,1.4333,0.38054,0.64019,0,1
619,0.80477,0.35967,0.12036,0,1
620,1.544,0.72328,0.7323,0,1
621,0.33953,0.63417,0.30999,0,1
622,0.95152,0.35567,0.50688,0,1
623,1.6376,0.56111,0.28122,0,1
624,0.40425,0.46797,0.51378,0,1
625,1.3091,0.71072,0.11579,0,1
626,0.6008,0.66009,0.68177,0,1
627,0.12288,0.58147,0.74184,0,1
628,1.4269,0.37787,0.90515,0,1
629,1.7358,0.30442,0.045226,0,1
630,0.3946,0.73726,0.2516,0,1
631,0.60246,0.35997,0.12844,0,1
632,0.60141,0.62884,0.91361,0,1
633,0.91268,0.35366,0.74338,0,1
634,1.5163,0.57029,0.74349,0,1
635,0.88718,0.72962,0.46829,0,1
636,0.67947,0.70039,0.72,0,1
637,0.74974,0.72699,0.44577,0,1
638,1.2043,0.54736,0.48546,0,1
639,1.1662,0.75031,0.52014,0,1
640,1.0303,0.31058,0.05906,0,1
641,0.52485,0.37241,0.2195,0,1
642,1.0203,0.61662,0.19962,0,1
643,1.7827,0.47471,0.58221,0,1
644,0.40329,0.61406,0.22785,0,1
645,1.2509,0.41936,0.65758,0,1
646,0.66544,0.49369,0.087264,0,1
647,0.63816,0.74376,0.18442,0,1
648,1.7373,0.34387,0.2513,0,1
649,0.54615,0.67708,0.49017,0,1
650,0.27732,0.46254,0.69544,0,1
651,0.33834,0.67549,0.27128,0,1
652,1.17,0.5057,0.46471,0,1
653,1.1401,0.76668,0.70625,0,1
654,1.222,0.30805,0.20024,0,1
655,0.731,0.43716,0.091473,0,1
656,0.14247,0.31319,0.63577,0,1
657,0.26632,0.44301,0.16935,0,1
658,0.95458,0.32236,0.6145,0,1
659,0.36292,0.48219,0.14308,0,1
660,1.3795,0.76507,0.12154,0,1
661,0.69295,0.63296,0.95843,0,1
662,0.16022,0.30894,0.9413,0,1
663,0.70632,0.34697,0.27026,0,1
664,0.97513,0.61446,0.5038,0,1
665,0.85694,0.43616,0.74957,0,1
666,0.73479,0.48674,0.37623,0,1
667,0.55272,0.5875,0.078674,0,1
668,1.0198,0.63876,0.83578,0,1
669,0.45927,0.39956,0.69361,0,1
670,1.0676,0.31368,0.87622,0,1
671,0.82132,0.55766,0.78093,0,1
672,1.8787,0.51596,0.9213,0,1
673,0.32826,0.59901,0.23161,0,1
674,1.4835,0.52351,0.41171,0,1
675,1.3797,0.69145,0.54209,0,1
676,1.0584,0.41703,0.31714,0,1
677,0.28626,0.71743,0.17512,0,1
678,1.7569,0.52489,0.91618,0,1
679,0.29148,0.61287,0.29431,0,1
680,1.0655,0.56092,0.95086,0,1
681,1.7167,0.7821,0.048509,0,1
682,1.3975,0.5049,0.9532,0,1
683,1.0013,0.51205,0.68431,0,1
684,0.29561,0.36244,0.58823,0,1
685,0.74083,0.57735,0.32326,0,1
686,1.5604,0.71382,0.40608,0,1
687,0.88453,0.40878,0.15509,0,1
688,1.7178,0.50374,0.2818,0,1
689,1.075,0.35019,0.95836,0,1
690,1.1052,0.34149,0.54099,0,1
691,0.9378,0.41777,0.4989,0,1
692,1.0995,0.48717,0.14905,0,1
693,0.42279,0.66825,0.34419,0,1
694,0.52644,0.56467,0.53255,0,1
695,1.8717,0.66805,0.87896,0,1
696,1.7507,0.67884,0.56509,0,1
697,0.53538,0.30435,0.65353,0,1
698,0.71779,0.3266,0.98169,0,1
699,1.2344,0.35212,0.89277,0,1
700,1.0652,0.73544,0.54528,0,1
701,0.94318,0.49436,0.41333,0,1
702,0.94539,0.68204,0.79949,0,1
703,0.43245,0.70267,0.35152,0,1
704,1.2772,0.66046,0.10925,0,1
705,1.5758,0.4152,0.32562,0,1
706,0.82038,0.51428,0.83709,0,1
707,0.46323,0.35319,0.063,0,1
708,1.2963,0.43938,0.37913,0,1
709,0.29621,0.45686,0.19287,0,1
710,0.13952,0.79009,0.80578,0,1
711,0.41942,0.55265,0.31893,0,1
712,1.3059,0.41637,0.99254,0,1
713,1.834,0.70409,0.29511,0,1
714,0.77011,0.5937,0.33091,0,1
715,0.94948,0.386,0.16947,0,1
716,0.84152,0.62738,0.86891,0,1
717,1.4822,0.48395,0.91428,0,1
718,0.86886,0.45469,0.799,0,1
719,1.7933,0.44618,0.21675,0,1
720,0.67264,0.5705,0.28904,0,1
721,1.7662,0.50384,0.78589,0,1
722,0.44877,0.49504,0.4973,0,1
723,0.38928,0.61133,0.2165,0,1
724,1.6527,0.51142,0.87932,0,1
725,1.2782,0.7304,0.076883,0,1
726,0.57463,0.36432,0.46517,0,1
727,0.21021,0.64659,0.52655,0,1
728,0.61779,0.58832,0.0094113,0,1
729,0.16418,0.63403,0.50282,0,1
730,0.79385,0.45819,0.18995,0,1
731,1.3597,0.39951,0.1652,0,1
732,1.4172,0.52318,0.39931,0,1
733,1.5301,0.53812,0.90031,0,1
734,1.2279,0.44724,0.28458,0,1
735,0.39002,0.78263,0.22423,0,1
736,0.60371,0.45626,0.29609,0,1
737,0.45491,0.44869,0.94151,0,1
738,1.1634,0.50642,0.96795,0,1
739,1.7939,0.74658,0.15528,0,1
740,0.4415,0.79426,0.028678,0,1
741,1.185,0.62194,0.25691,0,1
742,1.3259,0.67418,0.38415,0,1
743,0.26122,0.76721,0.71211,0,1
744,1.8097,0.50458,0.23368,0,1
745,0.53622,0.36912,0.65227,0,1
746,1.1241,0.38297,0.77159,0,1
747,0.97935,0.32893,0.7123,0,1
748,0.87334,0.4802,0.44167,0,1
749,0.72942,0.39068,0.34628,0,1
750,1.7144,0.41648,0.83077,0,1
751,0.64559,0.34026,0.33684,0,1
752,1.7183,0.54771,0.3864,0,1
753,1.0558,0.39538,0.17841,0,1
754,1.3308,0.54685,0.91038,0,1
755,0.92268,0.31519,0.79257,0,1
756,1.6092,0.4285,0.93265,0,1
757,0.20537,0.37657,0.64054,0,1
758,0.415,0.65978,0.051024,0,1
759,0.91322,0.52035,0.87667,0,1
760,1.5387,0.78278,0.97511,0,1
761,1.2666,0.63646,0.03425,0,1
762,1.828,0.6673,0.12188,0,1
763,1.7707,0.51219,0.13423,0,1
764,1.2925,0.6502,0.24685,0,1
765,1.2902,0.61979,0.036952,0,1
766,0.97912,0.7961,0.77095,0,1
767,1.5662,0.66279,0.91338,0,1
768,1.2609,0.45381,0.94351,0,1
769,0.20803,0.33803,0.95804,0,1
770,0.2124,0.54555,0.062282,0,1
771,0.41704,0.62662,0.92103,0,1
772,1.5171,0.56115,0.67417,0,1
773,0.88642,0.34279,0.60142,0,1
774,1.6469,0.37564,0.1181,0,1
775,1.6712,0.73015,0.641,0,1
776,1.0415,0.55624,0.66489,0,1
777,0.75857,0.3697,0.93563,0,1
778,1.4129,0.59806,0.49264,0,1
779,0.28694,0.69318,0.85393,0,1
780,0.49142,0.72154,0.82224,0,1
781,0.92656,0.64905,0.58108,0,1
782,1.049,0.71864,0.58303,0,1
783,1.2302,0.47092,0.46673,0,1
784,1.0507,0.34698,0.29256,0,1
785,1.4543,0.30505,0.73113,0,1
786,1.2504,0.78775,0.72043,0,1
787,1.4047,0.56624,0.14531,0,1
788,1.8957,0.68903,0.26752,0,1
789,1.7524,0.33852,0.292,0,1
790,0.56586,0.64758,0.093573,0,1
791,0.78794,0.58821,0.65094,0,1
792,0.99567,0.38801,0.20999,0,1
793,1.2657,0.7267,0.63063,0,1
794,1.8089,0.4277,0.20573,0,1
795,0.93669,0.65244,0.91847,0,1
796,0.67595,0.41081,0.39845,0,1
797,1.6067,0.74781,0.46992,0,1
798,0.97374,0.41894,0.2367,0,1
799,1.1071,0.30556,0.24448,0,1
800,0.65702,0.52446,0.27041,0,1
801,1.1813,0.65805,0.51938,0,1
802,0.13581,0.56634,0.38017,0,1
803,1.0951,0.76261,0.63236,0,1
804,0.38507,0.56509,0.020415,0,1
805,0.35494,0.5953,0.50573,0,1
806,0.50187,0.54383,0.63426,0,1
807,0.16441,0.64481,0.81276,0,1
808,1.5765,0.324,0.21616,0,1
809,0.70126,0.64965,0.7002,0,1
810,1.3451,0.49906,0.28685,0,1
811,1.5543,0.40058,0.91289,0,1
812,1.5131,0.33286,0.86129,0,1
813,0.64963,0.65573,0.90601,0,1
814,1.8354,0.70322,0.63492,0,1
815,0.8502,0.79335,0.8608,0,1
816,1.6052,0.30275,0.48404,0,1
817,0.76064,0.61827,0.29091,0,1
818,0.68792,0.715,0.76671,0,1
819,0.15239,0.50197,0.70822,0,1
820,0.57628,0.32652,0.33441,0,1
821,0.18623,0.37284,0.069988,0,1
822,0.47116,0.7291,0.31525,0,1
823,0.22367,0.50363,0.54234,0,1
824,1.6369,0.48682,0.51117,0,1
825,1.1209,0.36437,0.82653,0,1
826,1.3815,0.60911,0.87679,0,1
827,1.7776,0.53253,0.69076,0,1
828,1.0848,0.68942,0.49392,0,1
829,0.53004,0.34587,0.61026,0,1
830,0.70052,0.35825,0.78194,0,1
831,1.6283,0.44071,0.084997,0,1
832,0.71938,0.52969,0.54004,0,1
833,0.34953,0.47662,0.087948,0,1
834,1.8007,0.31422,0.94031,0,1
835,0.13319,0.46628,0.68169,0,1
836,0.4024,0.38904,0.45149,0,1
837,0.42543,0.70234,0.67281,0,1
838,1.173,0.43516,0.67214,0,1
839,0.61368,0.54861,0.75422,0,1
840,1.5641,0.66011,0.29314,0,1
841,1.6117,0.74573,0.67225,0,1
842,0.77638,0.50477,0.49039,0,1
843,1.0937,0.56282,0.74934,0,1
844,0.27506,0.63572,0.78732,0,1
845,0.90717,0.59604,0.054597,0,1
846,1.1385,0.50665,0.91573,0,1
847,1.1098,0.56944,0.69413,0,1
848,1.729,0.63363,0.42913,0,1
849,0.97079,0.65514,0.94544,0,1
850,0.15975,0.61354,0.086295,0,1
851,0.9059,0.55729,0.94326,0,1
852,1.7914,0.51553,0.28849,0,1
853,0.15411,0.31757,0.12102,0,1
854,0.85587,0.49724,0.5499,0,1
855,0.2576,0.54039,0.31043,0,1
856,0.58589,0.67639,0.052891,0,1
857,0.37857,0.4522,0.87428,0,1
858,0.48176,0.72702,0.6488,0,1
859,1.4199,0.7796,0.78945,0,1
860,1.0815,0.42089,0.53858,0,1
861,0.82599,0.41363,0.027616,0,1
862,1.6806,0.38334,0.56581,0,1
863,0.75019,0.36142,0.0043724,0,1
864,0.62405,0.40769,0.71886,0,1
865,0.31002,0.66897,0.35966,0,1
866,0.89882,0.69926,0.95859,0,1
867,0.45021,0.6637,0.8962,0,1
868,1.4334,0.4113,0.44638,0,1
869,1.0227,0.70864,0.33178,0,1
870,1.1543,0.46892,0.98628,0,1
871,0.23976,0.75612,0.46531,0,1
872,0.72456,0.68042,0.36469,0,1
873,1.1783,0.5162,0.62592,0,1
874,0.30175,0.62179,0.79685,0,1
875,0.49506,0.68988,0.023681,0,1
876,1.0233,0.48722,0.49954,0,1
877,1.3038,0.33392,0.68233,0,1
878,1.2221,0.57786,0.44812,0,1
879,0.98569,0.3503,0.12742,0,1
880,0.15116,0.32157,0.73258,0,1
881,0.1712,0.56519,0.63143,0,1
882,0.19977,0.76349,0.82419,0,1
883,0.6737,0.47848,0.57156,0,1
884,1.4031,0.59344,0.080057,0,1
885,0.95694,0.54181,0.44483,0,1
886,1.2393,0.68423,0.78905,0,1
887,1.5871,0.49862,0.28414,0,1
888,1.4889,0.57722,0.10513,0,1
889,0.47984,0.65531,0.64731,0,1
890,1.8565,0.78388,0.12967,0,1
891,1.2801,0.5229,0.70509,0,1
892,0.99296,0.57766,0.46151,0,1
893,1.5507,0.69466,0.52257,0,1
894,0.38806,0.57511,0.4429,0,1
895,0.93974,0.35768,0.24126,0,1
896,0.16187,0.65415,0.69087,0,1
897,1.7234,0.41056,0.028776,0,1
898,1.4523,0.36831,0.59943,0,1
899,1.3539,0.43211,0.29946,0,1
900,0.72398,0.33026,0.28745,0,1
901,0.87455,0.3132,0.90012,0,1
902,1.1317,0.49702,0.51068,0,1
903,1.5822,0.35727,0.13849,0,1
904,1.6994,0.79745,0.40191,0,1
905,0.22213,0.31038,0.46264,0,1
906,1.0672,0.76807,0.46472,0,1
907,1.2448,0.60469,0.43233,0,1
908,1.7221,0.5164,0.3565,0,1
909,0.49431,0.57049,0.059662,0,1
910,1.1849,0.72037,0.16415,0,1
911,0.27597,0.62324,0.5647,0,1
912,0.74954,0.72904,0.070968,0,1
913,1.5156,0.45289,0.011014,0,1
914,0.8843,0.64815,0.16682,0,1
915,0.32238,0.62823,0.63769,0,1
916,1.6307,0.35974,0.17466,0,1
917,0.61154,0.511,0.42571,0,1
918,1.1075,0.32305,0.63508,0,1
919,1.6794,0.64834,0.77846,0,1
920,1.2044,0.42698,0.73682,0,1
921,0.18065,0.51171,0.22262,0,1
922,0.10034,0.35617,0.28327,0,1
923,1.2886,0.53636,0.46635,0,1
924,0.29544,0.54459,0.3865,0,1
925,0.77862,0.38656,0.79936,0,1
926,1.4152,0.55381,0.19579,0,1
927,0.53629,0.31823,0.48206,0,1
928,0.59032,0.50183,0.73843,0,1
929,0.48929,0.51236,0.13527,0,1
930,0.36535,0.7745,0.4282,0,1
931,0.50383,0.76085,0.79592,0,1
932,0.6741,0.30573,0.538,0,1
933,1.3267,0.71023,0.92322,0,1
934,1.0641,0.63024,0.53633,0,1
935,1.5215,0.58296,0.019204,0,1
936,1.3481,0.41027,0.35036,0,1
937,0.1343,0.37151,0.25109,0,1
938,1.8902,0.35033,0.20468,0,1
939,0.56215,0.39922,0.097698,0,1
940,0.55424,0.32331,0.20472,0,1
941,1.0661,0.53183,0.84747,0,1
942,1.6212,0.62021,0.91568,0,1
943,1.2153,0.50712,0.61473,0,1
944,0.24248,0.72297,0.0038364,0,1
945,0.86315,0.62953,0.82206,0,1
946,1.812,0.66622,0.88666,0,1
947,0.14343,0.355,0.027397,0,1
948,1.735,0.34186,0.76905,0,1
949,0.75162,0.77344,0.18646,0,1
950,0.25298,0.39803,0.15343,0,1
951,1.4649,0.63292,0.11729,0,1
952,0.16939,0.58303,0.03533,0,1
953,1.0316,0.66355,0.39577,0,1
954,1.5408,0.76861,0.91817,0,1
955,1.231,0.7055,0.22554,0,1
956,0.37821,0.5183,0.17401,0,1
957,1.528,0.71123,0.22491,0,1
958,1.6794,0.55054,0.26545,0,1
959,0.35959,0.72875,0.42756,0,1
960,1.1876,0.67969,0.1238,0,1
961,0.95879,0.40858,0.93385,0,1
962,1.6052,0.39965,0.61802,0,1
963,1.1592,0.36222,0.85129,0,1
964,1.1607,0.49399,0.48693,0,1
965,0.2405,0.53915,0.73667,0,1
966,1.5249,0.51701,0.43547,0,1
967,1.7263,0.64824,0.91741,0,1
968,0.85985,0.65525,0.52106,0,1
969,0.52209,0.52857,0.35641,0,1
970,1.1538,0.34301,0.50757,0,1
971,0.94824,0.36657,0.64821,0,1
972,0.27111,0.74751,0.64732,0,1
973,0.76496,0.70617,0.4742,0,1
974,0.18634,0.37116,0.27121,0,1
975,1.4418,0.46462,0.53289,0,1
976,1.5177,0.41715,0.11419,0,1
977,0.70281,0.35948,0.30636,0,1
978,1.2602,0.7067,0.31467,0,1
979,0.88045,0.43802,0.077711,0,1
980,0.83301,0.48198,0.23444,0,1
981,0.13105,0.35147,0.58753,0,1
982,1.1635,0.32623,0.90698,0,1
983,0.45366,0.65785,0.75267,0,1
984,0.98869,0.64403,0.81436,0,1
985,0.98267,0.64721,0.78083,0,1
986,0.81667,0.58532,0.86877,0,1
987,1.1384,0.50584,0.90158,0,1
988,1.8109,0.471,0.92822,0,1
989,0.25504,0.63663,0.61204,0,1
990,1.1363,0.79332,0.69183,0,1
991,0.96596,0.63819,0.23065,0,1
992,1.1706,0.73933,0.25026,0,1
993,1.5133,0.49081,0.54042,0,1
994,1.21,0.31775,0.60582,0,1
995,0.60472,0.41331,0.081931,0,1
996,1.0689,0.76986,0.61849,0,1
997,0.95556,0.71877,0.76297,0,1
998,0.96599,0.44122,0.9359,0,1
999,0.27641,0.39517,0.35185,0,1
1000,1.1256,0.56678,0.20281,0,1
